strain,begin,length,end,BLAST,BLAST score,refseq,reverse complement,ORF1 type,ORF1 type support,ORF1 subtype,ORF1 subtype support,ORF2 type,ORF2 type support,ORF2 subtype,ORF2 subtype support
KX268709|HuGII.P7_GII.6Marylan,9,7537,7516,Norovirus GII,,NC_029646.1,FALSE,GII.P7,100,,,GII.6,100,,
KY486271|HuGII.Pe_GII.4_Sydney,11,7551,7518,Norovirus GII,,NC_029646.1,FALSE,GII.P31 (GII.Pe),100,,,GII.4,100,Sydney_2012,100
MH791993|ST368|NA|2017|Human|U,104,7363,7457,Norovirus GII,,NC_029646.1,FALSE,GII.P7,100,,,GII.6,100,,
MH791994|ST104|NA|2017|Human|U,6,7546,7512,Norovirus GII,,NC_029646.1,FALSE,GII.P16,100,,,GII.4,100,Sydney_2012,100
LC421227|HuGII.P12_GII.4sydney,56,7386,7399,Norovirus GII,,NC_029646.1,FALSE,GII.P12,98,,,GII.4,100,Sydney_2012,100
LC421228|HuGII.P12_GII.4sydney,25,7400,7382,Norovirus GII,,NC_029646.1,FALSE,GII.P12,98,,,GII.4,100,Sydney_2012,100
MG557648|GIHuETH2016P8|NA|2016,263,7341,7534,Norovirus GI,,NC_001959.2,FALSE,GI.P3,100,,,GI.3,100,,
MG557649|GIHuETH2016P12|NA|201,368,6427,6752,Norovirus GI,,NC_001959.2,FALSE,GI.P7,80,,,GI.7,100,,
MG557650|GIHuETH2016P15|NA|201,68,7425,7417,Norovirus GI,,NC_001959.2,FALSE,GI.P3,100,,,GI.3,100,,
MG557651|GIHuETH2016P20|NA|201,1,7351,7288,Norovirus GI,,NC_001959.2,FALSE,GI.P7,100,,,GI.7,100,,
MG557652|GIHuETH2016P26|NA|201,410,7107,7489,Norovirus GI,,NC_001959.2,FALSE,GI.P6,100,,,GI.6,100,,
MG557654|GIIHuETH2016P3|NA|201,158,7236,7387,Norovirus GII,,NC_029646.1,FALSE,GII.P7,100,,,GII.6,100,,
MG557655|GIIHuETH2016P4|NA|201,236,6349,6545,Norovirus GII,,NC_029646.1,FALSE,GII.P31 (GII.Pe),100,,,GII.10,100,,
MG557656|GIIHuETH2016P6|NA|201,50,5113,5186,Norovirus GII,,NC_029646.1,FALSE,Could not assign,,,,,,,
MG557657|GIIHuETH2016P11|NA|20,356,6990,7303,Norovirus GII,,NC_029646.1,FALSE,GII.P31 (GII.Pe),100,,,GII.4,100,Sydney_2012,100
MH997861|HuGII.P17_GII.1724785,19,7551,7518,Norovirus GII,,NC_029646.1,FALSE,GII.P17,100,,,GII.17,100,,
MG548737|HuGII.4Suncheon2016|N,1,7559,7518,Norovirus GII,,NC_029646.1,FALSE,GII.P4,97,Den_Haag_2006b,100,GII.4,100,Den_Haag_2006b,100
MH979229|HuGIIP16_GII.2CGMH142,1,7546,7518,Norovirus GII,,NC_029646.1,FALSE,GII.P16,100,,,GII.2,100,,
MH979230|HuGIIPe_GII.4_sydneyC,1,7516,7471,Norovirus GII,,NC_029646.1,FALSE,GII.P31 (GII.Pe),100,,,GII.4,100,Sydney_2012,100
MG692610|NS2014603|NA|2014_10|,1,7556,7518,Norovirus GII,,NC_029646.1,FALSE,GII.P17,100,,,GII.17,100,,
MG733284|HuGII.4WZ1982013CHN|N,78,7436,7471,Norovirus GII,,NC_029646.1,FALSE,GII.P31 (GII.Pe),100,,,GII.4,100,Sydney_2012,100
MG733285|HuGII.4WZ3202013CHN|N,43,7450,7450,Norovirus GII,,NC_029646.1,FALSE,GII.P31 (GII.Pe),100,,,GII.4,100,Sydney_2012,100
MG733286|HuGII.4WZ7002013CHN|N,78,7433,7471,Norovirus GII,,NC_029646.1,FALSE,GII.P31 (GII.Pe),100,,,GII.4,100,Sydney_2012,100
MG733287|HuGII.4WZ7852013CHN|N,59,7413,7438,Norovirus GII,,NC_029646.1,FALSE,GII.P31 (GII.Pe),100,,,GII.4,100,Sydney_2012,100
MH702283|HuBT2014GII.P16_GII.1,15,7002,6998,Norovirus GII,,NC_029646.1,FALSE,GII.P16,100,,,GII.13,100,,
MH702284|HuKH2016GII.P7_GII.6E,14,7440,7426,Norovirus GII,,NC_029646.1,FALSE,GII.P7,99,,,GII.6,100,,
MH702285|HuKH2015GII.P21_GII.2,90,7326,7421,Norovirus GII,,NC_029646.1,FALSE,GII.P21 (GII.Pb),100,,,GII.21,100,,
MH702287|HuBT2013GII.P16_GII.3,819,6280,7065,Norovirus GII,,NC_029646.1,FALSE,GII.P16,100,,,GII.3,100,,
MH702288|HuBT2014GII.P7_GII.6E,46,7265,7304,Norovirus GII,,NC_029646.1,FALSE,GII.P7,100,,,GII.6,100,,
MH746922|HuGII.P17_GII.1725449,1,7488,7464,Norovirus GII,,NC_029646.1,FALSE,GII.P17,100,,,GII.17,100,,
MH746923|HuGII.P17_GII.1725743,1,7488,7464,Norovirus GII,,NC_029646.1,FALSE,GII.P17,100,,,GII.17,100,,
MH746924|HuGII.P17_GII.1725745,1,7488,7464,Norovirus GII,,NC_029646.1,FALSE,GII.P17,100,,,GII.17,100,,
MH746925|HuGII.P17_GII.1725746,1,7488,7464,Norovirus GII,,NC_029646.1,FALSE,GII.P17,100,,,GII.17,100,,
MH747479|HuGII.P17_GII.1724928,1,7488,7464,Norovirus GII,,NC_029646.1,FALSE,GII.P17,100,,,GII.17,100,,
MH747480|HuGII.P17_GII.1724933,1,7485,7461,Norovirus GII,,NC_029646.1,FALSE,GII.P17,100,,,GII.17,100,,
MH702286|HuKH2016GII.P7_GII.6E,1,7425,7398,Norovirus GII,,NC_029646.1,FALSE,GII.P7,100,,,GII.6,100,,
MH702256|HuKH2015GII.Pe_GII.4_,413,6934,7304,Norovirus GII,,NC_029646.1,FALSE,GII.P31 (GII.Pe),100,,,GII.4,100,Sydney_2012,100
MH702257|HuKH2016GII.P21_GII.2,1235,5836,7055,Norovirus GII,,NC_029646.1,FALSE,GII.P21 (GII.Pb),100,,,GII.21,100,,
MH702258|HuNP2013GII.Pe_GII.4_,284,7238,7479,Norovirus GII,,NC_029646.1,FALSE,GII.P31 (GII.Pe),100,,,GII.4,100,Sydney_2012,100
MH702259|HuBT2014GII.P16_GII.3,303,7124,7408,Norovirus GII,,NC_029646.1,FALSE,GII.P16,100,,,GII.3,100,,
MH702261|HuNP2014GII.P2_GII.2E,479,6753,7231,Norovirus GII,,NC_029646.1,FALSE,GII.P2,100,,,GII.2,100,,
MH702262|HuNP2014GI.P9_GI.9ETR,332,6988,7247,Norovirus GI,,NC_001959.2,FALSE,GI.P9,100,,,GI.9,100,,
MH702263|HuBT2014GII.P21_GII.1,77,7375,7478,Norovirus GII,,NC_029646.1,FALSE,GII.P21 (GII.Pb),100,,,GII.13,100,,
MH702264|HuNP2014GII.P21_GII.2,17,6993,6994,Norovirus GII,,NC_029646.1,FALSE,GII.P21 (GII.Pb),100,,,GII.21,100,,
MH702265|HuNP2014GII.P2_GII.2E,210,7220,7408,Norovirus GII,,NC_029646.1,FALSE,GII.P2,100,,,GII.2,100,,
MH702266|HuBT2015GII.P4_New_Or,846,6663,7466,Norovirus GII,,NC_029646.1,FALSE,GII.P4,100,New_Orleans_2009,100,GII.4,100,Sydney_2012,100
MH702267|HuBT2013GII.P16_GII.3,98,7382,7458,Norovirus GII,,NC_029646.1,FALSE,GII.P16,100,,,GII.3,100,,
MH702268|HuBT2011GII.P21_GII.2,1,7055,7040,Norovirus GII,,NC_029646.1,FALSE,GII.P21 (GII.Pb),100,,,GII.21,100,,
MH702269|HuBT2012GII.Pe_GII.4_,5,7509,7471,Norovirus GII,,NC_029646.1,FALSE,GII.P31 (GII.Pe),100,,,GII.4,100,Sydney_2012,100
MH702270|HuBT2012GII.Pe_GII.4_,5,7509,7471,Norovirus GII,,NC_029646.1,FALSE,GII.P31 (GII.Pe),100,,,GII.4,100,Sydney_2012,100
MH702271|HuBT2012GII.Pe_GII.4_,68,7454,7479,Norovirus GII,,NC_029646.1,FALSE,GII.P31 (GII.Pe),100,,,GII.4,100,Sydney_2012,100
MH702272|HuBT2012GII.Pe_GII.4_,50,7460,7467,Norovirus GII,,NC_029646.1,FALSE,GII.P31 (GII.Pe),100,,,GII.4,100,Sydney_2012,100
MH702273|HuBT2012GII.Pe_GII.4_,157,7357,7471,Norovirus GII,,NC_029646.1,FALSE,GII.P31 (GII.Pe),100,,,GII.4,100,Sydney_2012,100
MH702274|HuBT2012GII.Pe_GII.4_,501,7035,7493,Norovirus GII,,NC_029646.1,FALSE,GII.P31 (GII.Pe),100,,,GII.4,100,Sydney_2012,100
MH702275|HuBT2012GII.Pe_GII.4_,415,7099,7471,Norovirus GII,,NC_029646.1,FALSE,GII.P31 (GII.Pe),100,,,GII.4,100,Sydney_2012,100
MH702276|HuBT2013GII.P16_GII.1,154,7288,7471,Norovirus GII,,NC_029646.1,FALSE,GII.P16,100,,,GII.13,100,,
MH702277|HuBT2013GII.P16_GII.1,303,7139,7474,Norovirus GII,,NC_029646.1,FALSE,GII.P16,100,,,GII.13,100,,
MH702278|HuBT2013GII.P21_GII.2,90,7101,7181,Norovirus GII,,NC_029646.1,FALSE,GII.P21 (GII.Pb),100,,,GII.21,100,,
MH702279|HuBT2011GII.P21_GII.2,90,6920,6994,Norovirus GII,,NC_029646.1,FALSE,GII.P21 (GII.Pb),100,,,GII.21,100,,
MH702280|HuBT2012GII.P21_GII.2,70,6986,7040,Norovirus GII,,NC_029646.1,FALSE,GII.P21 (GII.Pb),100,,,GII.21,100,,
MH702281|HuBT2012GII.P21_GII.2,90,7102,7182,Norovirus GII,,NC_029646.1,FALSE,GII.P21 (GII.Pb),100,,,GII.21,100,,
MH702282|HuBT2014GII.P21_GII.2,5,7408,7418,Norovirus GII,,NC_029646.1,FALSE,GII.P21 (GII.Pb),100,,,GII.21,100,,
MH747481|HuGII.P17_GII.1725060,1,7488,7464,Norovirus GII,,NC_029646.1,FALSE,GII.P17,100,,,GII.17,100,,
MH747482|HuGII.P17_GII.1725066,1,7476,7461,Norovirus GII,,NC_029646.1,FALSE,GII.P17,100,,,GII.17,100,,
MH890538|HuGII.P17_GII.1724936,1,7488,7464,Norovirus GII,,NC_029646.1,FALSE,GII.P17,100,,,GII.17,100,,
MH890539|HuGII.P17_GII.1725067,1,7476,7461,Norovirus GII,,NC_029646.1,FALSE,GII.P17,100,,,GII.17,100,,
KF895841|HuGII.P16_GII.3Smolen,2,7551,7518,Norovirus GII,,NC_029646.1,FALSE,GII.P16,100,,,GII.3,100,,
MK213549|HuGuangzhouGZ2017_L60,1,7475,7475,Norovirus GII,,NC_029646.1,FALSE,GII.P8,100,,,GII.8,100,,
MK340748|UNKNOWN_MK340748|NA|2,11,7473,7462,Norovirus GII,,NC_029646.1,FALSE,GII.P16,100,,,GII.2,100,,
MK236608|NVRL17W01250|NA|2016_,45,7607,7631,Norovirus GI,,NC_001959.2,FALSE,GI.P11 (GI.Pb),100,,,GI.6,100,,
MK236609|NVRL17W01252|NA|2016_,13,7674,7654,Norovirus GI,,NC_001959.2,FALSE,GI.P11 (GI.Pb),100,,,GI.6,100,,
MK236610|NVRL17W01257|NA|2016_,21,7674,7654,Norovirus GI,,NC_001959.2,FALSE,GI.P11 (GI.Pb),100,,,GI.6,100,,
MK236611|NVRL17W01258|NA|2016_,13,7684,7654,Norovirus GI,,NC_001959.2,FALSE,GI.P11 (GI.Pb),100,,,GI.6,100,,
MK282256|CMC_01|NA|2013|Human|,1,7601,7518,Norovirus GII,,NC_029646.1,FALSE,GII.P17,100,,,GII.17,100,,
MK282257|CMC_02|NA|2013|Human|,1,7600,7518,Norovirus GII,,NC_029646.1,FALSE,GII.P17,100,,,GII.17,100,,
MK282258|CMC_03|NA|2013|Human|,1,7599,7518,Norovirus GII,,NC_029646.1,FALSE,GII.P17,100,,,GII.17,100,,
MK073885|HuUSA2016GII.P16_GII.,1,7555,7515,Norovirus GII,,NC_029646.1,FALSE,GII.P16,100,,,GII.4,100,Sydney_2012,100
MK073886|HuUSA2016GII.P12_GII.,2,7532,7510,Norovirus GII,,NC_029646.1,FALSE,GII.P12,100,,,GII.3,100,,
MK073887|HuUSA2016GI.Pd_GI.3Ba,7,7691,7609,Norovirus GI,,NC_001959.2,FALSE,GI.P13 (GI.Pd),100,,,GI.3,91,,
MK073888|HuUSA2016GII.P16_GII.,29,7506,7490,Norovirus GII,,NC_029646.1,FALSE,GII.P16,100,,,GII.4,100,Sydney_2012,100
MK073889|HuUSA2016GII.P4_New_O,92,7431,7480,Norovirus GII,,NC_029646.1,FALSE,GII.P4,100,New_Orleans_2009,100,GII.4,100,Sydney_2012,100
MK073890|HuUSA2016GII.P16_GII.,65,7473,7493,Norovirus GII,,NC_029646.1,FALSE,GII.P16,100,,,GII.4,100,Sydney_2012,100
MK073891|HuUSA2016GII.P16_GII.,5,7553,7515,Norovirus GII,,NC_029646.1,FALSE,GII.P16,100,,,GII.4,100,Sydney_2012,100
MK073892|HuUSA2016GI.Pd_GI.3Na,5,7692,7608,Norovirus GI,,NC_001959.2,FALSE,GI.P13 (GI.Pd),100,,,GI.3,97,,
MK073893|HuUSA2016GI.Pd_GI.3Na,14,7678,7603,Norovirus GI,,NC_001959.2,FALSE,GI.P13 (GI.Pd),100,,,GI.3,94,,
MK073894|HuUSA2016GII.P16_GII.,5,7499,7461,Norovirus GII,,NC_029646.1,FALSE,GII.P16,100,,,GII.4,100,Sydney_2012,100
MF421538|HuGII.17WH2017_36CHN2,5,7530,7517,Norovirus GII,,NC_029646.1,FALSE,GII.P17,100,,,GII.17,100,,
MF421539|HuGII.17WH2017_153CHN,5,7530,7517,Norovirus GII,,NC_029646.1,FALSE,GII.P17,100,,,GII.17,100,,
MF421540|HuGII.17WH2017_156CHN,5,7530,7517,Norovirus GII,,NC_029646.1,FALSE,GII.P17,100,,,GII.17,100,,
MF421541|HuGII.17WH2017_162CHN,5,7530,7517,Norovirus GII,,NC_029646.1,FALSE,GII.P17,100,,,GII.17,100,,
MF421542|HuGII.17WH2017_170CHN,5,7530,7517,Norovirus GII,,NC_029646.1,FALSE,GII.P17,100,,,GII.17,100,,
MK641589|CA_RGDS_1023|NA|2018_,1,7529,7518,Norovirus GII,,NC_029646.1,FALSE,GII.P7,100,,,GII.14,100,,
MK629457|HuUS2016GII.P16_GII.4,1,7559,7517,Norovirus GII,,NC_029646.1,FALSE,GII.P16,100,,,GII.4,100,Sydney_2012,100
MK590972|RGDS_2017_1013|NA|201,153,7367,7497,Norovirus GII,,NC_029646.1,FALSE,GII.P16,100,,,GII.2,100,,
MK590973|RGDS_2017_1014|NA|201,48,7471,7496,Norovirus GII,,NC_029646.1,FALSE,GII.P16,100,,,GII.2,100,,
MK590974|RGDS_2017_1015|NA|201,6,7496,7480,Norovirus GII,,NC_029646.1,FALSE,GII.P16,100,,,GII.2,100,,
MK616558|CA_RGDS_1017|NA|2018_,53,7466,7518,Norovirus GII,,NC_029646.1,FALSE,GII.P16,100,,,GII.12,100,,
MK616559|CA_RGDS_1018|NA|2018_,53,7430,7482,Norovirus GII,,NC_029646.1,FALSE,GII.P16,100,,,GII.12,100,,
MK616560|CA_RGDS_1019|NA|2018_,68,7439,7506,Norovirus GII,,NC_029646.1,FALSE,GII.P16,100,,,GII.12,100,,
MK616561|CA_RGDS_1020|NA|2018_,53,7466,7518,Norovirus GII,,NC_029646.1,FALSE,GII.P16,100,,,GII.12,100,,
MK616584|CA_RGDS_1021|NA|2018_,47,7452,7498,Norovirus GII,,NC_029646.1,FALSE,GII.P33 (GII.Pg),100,,,GII.1,100,,
MK616585|CA_RGDS_1022|NA|2018_,29,7456,7484,Norovirus GII,,NC_029646.1,FALSE,GII.P33 (GII.Pg),100,,,GII.1,100,,
MK301293|HuGII.P7_GII.6Marylan,11,7534,7514,Norovirus GII,,NC_029646.1,FALSE,GII.P7,99,,,GII.6,100,,
LC342057|HuJP1998GI.PNAd_GI.6N,8,7677,7654,Norovirus GI,,NC_001959.2,FALSE,GI.PNA4 (GI.Pg),100,,,GI.6,100,,
LC342058|HuJP1998GI.PNAd_GI.6N,8,7685,7654,Norovirus GI,,NC_001959.2,FALSE,GI.PNA4 (GI.Pg),100,,,GI.6,100,,
LC342059|HuJP1999GII.PNAe_GII.,1,7557,7518,Norovirus GII,,NC_029646.1,FALSE,GII.PNA7 (GII.Pr),100,,,GII.12,100,,
MH041321|M1708Y217|NA|2017_03|,5,7532,7518,Norovirus GII,,NC_029646.1,FALSE,GII.P16,100,,,GII.2,100,,
MH041322|M1714Y100|NA|2017_05|,5,7532,7518,Norovirus GII,,NC_029646.1,FALSE,GII.P16,100,,,GII.2,100,,
MK752933|Grant0016|NA|2018_01_,95,7414,7466,Norovirus GII,,NC_029646.1,FALSE,GII.P16,100,,,GII.4,100,Sydney_2012,100
MK752934|Grant0015|NA|2018_01_,5,7511,7473,Norovirus GII,,NC_029646.1,FALSE,GII.P16,100,,,GII.4,100,Sydney_2012,100
MK752935|Polk0461|NA|2018_02_2,1,7536,7518,Norovirus GII,,NC_029646.1,FALSE,GII.P16,100,,,GII.2,100,,
MK752936|St.Croix0439|NA|2017_,1,7556,7514,Norovirus GII,,NC_029646.1,FALSE,GII.P16,100,,,GII.4,100,Sydney_2012,100
MK752937|CerroGordo0434|NA|201,2,7525,7482,Norovirus GII,,NC_029646.1,FALSE,GII.P16,100,,,GII.4,100,Sydney_2012,100
MK752938|Brown0441|NA|2017_03_,1,7573,7518,Norovirus GII,,NC_029646.1,FALSE,GII.P16,100,,,GII.4,100,Sydney_2012,100
MK752939|Pierce0448|NA|2017_08,2,7498,7478,Norovirus GII,,NC_029646.1,FALSE,GII.P16,100,,,GII.2,100,,
MK752940|LaCrosse0445|NA|2017_,6,7479,7463,Norovirus GII,,NC_029646.1,FALSE,GII.P16,100,,,GII.2,100,,
MK752941|BlackHawk0455|NA|2017,4,7509,7490,Norovirus GII,,NC_029646.1,FALSE,GII.P16,100,,,GII.2,100,,
MK588004|HuUSA2017GII.P7_GII.1,14,7506,7509,Norovirus GII,,NC_029646.1,FALSE,GII.P7,100,,,GII.14,100,,
MK729086|HuGuangzhouGZ2015_L33,1,7496,7475,Norovirus GII,,NC_029646.1,FALSE,GII.P2,100,,,GII.2,100,,
MK752942|Marathon0626|NA|2016_,2,7533,7490,Norovirus GII,,NC_029646.1,FALSE,GII.P16,100,,,GII.4,100,Sydney_2012,100
MK753032|SanJoaquin0116|NA|201,1,7572,7518,Norovirus GII,,NC_029646.1,FALSE,GII.P16,100,,,GII.4,100,Sydney_2012,100
MK753033|Maricopa0357|NA|2016_,5,7486,7496,Norovirus GII,,NC_029646.1,FALSE,GII.P16,100,,,GII.1,100,,
MK753034|SaltLake0124|NA|2017_,1,7494,7499,Norovirus GII,,NC_029646.1,FALSE,GII.P16,100,,,GII.1,100,,
MK753035|Washington0353|NA|201,3,7530,7510,Norovirus GII,,NC_029646.1,FALSE,GII.P16,100,,,GII.2,100,,
MK753036|SanDiego0142|NA|2017_,1,7480,7480,Norovirus GII,,NC_029646.1,FALSE,GII.P16,100,,,GII.12,100,,
MK754442|BaltimoreCity0391|NA|,2,7555,7514,Norovirus GII,,NC_029646.1,FALSE,GII.P16,100,,,GII.4,100,Sydney_2012,100
MK754443|Washington0967|NA|201,2,7457,7487,Norovirus GII,,NC_029646.1,FALSE,GII.P16,100,,,GII.13,100,,
MK754444|Baltimore0201|NA|2017,4,7477,7438,Norovirus GII,,NC_029646.1,FALSE,GII.P16,100,,,GII.4,100,Sydney_2012,100
MK754445|Somerset0204|NA|2017_,5,7513,7517,Norovirus GII,,NC_029646.1,FALSE,GII.P16,100,,,GII.12,100,,
MK754446|Washington0207|NA|201,22,7488,7467,Norovirus GII,,NC_029646.1,FALSE,GII.P16,100,,,GII.4,100,Sydney_2012,100
MK754447|Baltimore0213|NA|2018,1,7502,7502,Norovirus GII,,NC_029646.1,FALSE,GII.P16,100,,,GII.12,100,,
MK756033|Alameda0771|NA|2016_0,9,7505,7471,Norovirus GII,,NC_029646.1,FALSE,GII.P16,100,,,GII.4,100,Sydney_2012,100
MK756034|Alameda0766|NA|2016_0,1,7513,7471,Norovirus GII,,NC_029646.1,FALSE,GII.P16,100,,,GII.4,100,Sydney_2012,100
MK756035|Alameda0787|NA|2016_0,3,7511,7471,Norovirus GII,,NC_029646.1,FALSE,GII.P16,100,,,GII.4,100,Sydney_2012,100
MK756036|Alameda0788|NA|2016_0,7,7507,7471,Norovirus GII,,NC_029646.1,FALSE,GII.P16,100,,,GII.4,100,Sydney_2012,100
MK756037|Alameda0792|NA|2016_0,108,7406,7471,Norovirus GII,,NC_029646.1,FALSE,GII.P16,100,,,GII.4,100,Sydney_2012,100
MK756038|Alameda0791|NA|2016_0,13,7501,7471,Norovirus GII,,NC_029646.1,FALSE,GII.P16,100,,,GII.4,100,Sydney_2012,100
MK752943|LaCrosse0643|NA|2016_,3,7509,7469,Norovirus GII,,NC_029646.1,FALSE,GII.P16,100,,,GII.4,100,Sydney_2012,100
MK752944|Ozaukee0713|NA|2015_1,53,7434,7465,Norovirus GII,,NC_029646.1,FALSE,GII.P2,100,,,GII.2,100,,
MK752945|Dane0589|NA|2015_04_2,11,7487,7476,Norovirus GII,,NC_029646.1,FALSE,GII.P2,100,,,GII.2,100,,
MK752946|Brown0733|NA|2015_12_,2,7457,7487,Norovirus GII,,NC_029646.1,FALSE,GII.P16,100,,,GII.13,100,,
MK752947|Winnebago0598|NA|2014,2,7448,7479,Norovirus GII,,NC_029646.1,FALSE,GII.P16,100,,,GII.13,100,,
MK752948|Walworth0399|NA|2013_,53,7457,7467,Norovirus GII,,NC_029646.1,FALSE,GII.P31 (GII.Pe),100,,,GII.4,100,Sydney_2012,100
MK752949|Rock0558|NA|2013_12_1,95,7373,7452,Norovirus GII,,NC_029646.1,FALSE,GII.P16,100,,,GII.2,100,,
MK753007|Washington0526|NA|201,4,7533,7518,Norovirus GII,,NC_029646.1,FALSE,GII.P2,100,,,GII.2,100,,
MK753008|Multnomah0890|NA|2013,3,7456,7487,Norovirus GII,,NC_029646.1,FALSE,GII.P16,100,,,GII.13,100,,
MK753009|Polk0892|NA|2013_12_1,2,7462,7492,Norovirus GII,,NC_029646.1,FALSE,GII.P16,100,,,GII.13,100,,
MK753010|Marion0901|NA|2014_01,2,7457,7487,Norovirus GII,,NC_029646.1,FALSE,GII.P16,100,,,GII.13,100,,
MK753011|Yamhill0931|NA|2015_1,173,7292,7443,Norovirus GII,,NC_029646.1,FALSE,GII.P2,100,,,GII.2,100,,
MK753012|Douglas0940|NA|2016_0,2,7505,7485,Norovirus GII,,NC_029646.1,FALSE,GII.P2,100,,,GII.2,100,,
MK753013|Clackamas0943|NA|2016,56,7444,7478,Norovirus GII,,NC_029646.1,FALSE,GII.P2,100,,,GII.2,100,,
MK753014|Marion0945|NA|2016_04,180,7273,7431,Norovirus GII,,NC_029646.1,FALSE,GII.P2,100,,,GII.2,100,,
MK753015|Lane0946|NA|2016_05_0,1,7536,7518,Norovirus GII,,NC_029646.1,FALSE,GII.P2,100,,,GII.2,100,,
MK753016|Linn0365|NA|2017_04_2,2,7521,7500,Norovirus GII,,NC_029646.1,FALSE,GII.P16,100,,,GII.2,100,,
MK753017|Lane0371|NA|2017_06_2,51,7474,7482,Norovirus GII,,NC_029646.1,FALSE,GII.P16,100,,,GII.4,100,Sydney_2012,100
MK753018|Clackamas0373|NA|2017,52,7480,7487,Norovirus GII,,NC_029646.1,FALSE,GII.P16,100,,,GII.4,100,Sydney_2012,100
MK753019|HoodRiver0382|NA|2013,52,6616,6652,Norovirus GII,,NC_029646.1,FALSE,GII.P31 (GII.Pe),100,,,GII.4,100,Sydney_2012,100
MK753020|HoodRiver0913|NA|2014,36,7417,7482,Norovirus GII,,NC_029646.1,FALSE,GII.P16,100,,,GII.13,100,,
MK753021|Oregon0431|NA|2017_01,77,7391,7446,Norovirus GII,,NC_029646.1,FALSE,GII.P16,100,,,GII.2,100,,
MK753028|Pima0257|NA|2014_06_0,6,7553,7514,Norovirus GII,,NC_029646.1,FALSE,GII.P4,100,Could not assign,,GII.4,100,Sydney_2012,100
MK753029|SanDiego0043|NA|2016_,363,7146,7472,Norovirus GII,,NC_029646.1,FALSE,GII.P16,100,,,GII.4,100,Sydney_2012,100
MK753030|Marin0375|NA|2015_11_,6,7545,7511,Norovirus GII,,NC_029646.1,FALSE,GII.P16,100,,,GII.4,100,Sydney_2012,100
MK753031|Yolo0348|NA|2016_08_1,230,7239,7447,Norovirus GII,,NC_029646.1,FALSE,GII.P2,100,,,GII.2,100,,
MK762565|CS0004|NA|2016_01_08|,29,7420,7478,Norovirus GII,,NC_029646.1,FALSE,GII.P16,100,,,GII.13,100,,
MK762566|CS0275|NA|2016_03_22|,5,7551,7515,Norovirus GII,,NC_029646.1,FALSE,GII.P16,100,,,GII.4,100,Sydney_2012,100
MK762567|CS0276|NA|2016_03_23|,56,7501,7514,Norovirus GII,,NC_029646.1,FALSE,GII.P16,100,,,GII.4,100,Sydney_2012,100
MK762569|CS1009|NA|2017_03_16|,5,7497,7459,Norovirus GII,,NC_029646.1,FALSE,GII.P16,100,,,GII.4,100,Sydney_2012,100
MK764019|Arlington0551|NA|2015,50,7511,7518,Norovirus GII,,NC_029646.1,FALSE,GII.P31 (GII.Pe),100,,,GII.4,100,Sydney_2012,100
MK764020|Pittsylvania0388|NA|2,53,7478,7508,Norovirus GII,,NC_029646.1,FALSE,GII.P16,100,,,GII.3,100,,
MK764021|Loudoun0411|NA|2017_0,1,7536,7492,Norovirus GII,,NC_029646.1,FALSE,GII.P16,100,,,GII.4,100,Sydney_2012,100
MK764022|Hanover0423|NA|2018_0,4,7533,7518,Norovirus GII,,NC_029646.1,FALSE,GII.P16,100,,,GII.2,100,,
MK764039|Cambria0298|NA|2016_0,2,7512,7491,Norovirus GII,,NC_029646.1,FALSE,GII.P2,100,,,GII.2,100,,
MK762622|Jackson0849|NA|2017_0,13,7547,7518,Norovirus GII,,NC_029646.1,FALSE,GII.P4,100,New_Orleans_2009,99,GII.4,100,Sydney_2012,100
MK762623|Jackson0853|NA|2017_0,16,7560,7518,Norovirus GII,,NC_029646.1,FALSE,GII.P4,100,New_Orleans_2009,98,GII.4,100,Sydney_2012,100
MK762624|Jackson4273|NA|2017_0,1,7558,7518,Norovirus GII,,NC_029646.1,FALSE,GII.P16,100,,,GII.4,100,Sydney_2012,100
MK762638|Miami0181|NA|2017_01_,1,7563,7518,Norovirus GII,,NC_029646.1,FALSE,GII.P16,100,,,GII.4,100,Sydney_2012,100
MK762639|Porter0184|NA|2017_02,5,7505,7467,Norovirus GII,,NC_029646.1,FALSE,GII.P16,100,,,GII.4,100,Sydney_2012,100
MK762625|Jackson6754|NA|2017_1,1,7491,7470,Norovirus GII,,NC_029646.1,FALSE,GII.P16,100,,,GII.2,100,,
MK762626|KenaiPeninsula0430|NA,1,7499,7478,Norovirus GII,,NC_029646.1,FALSE,GII.P16,100,,,GII.2,100,,
MK762640|Sumner0467|NA|2014_05,2,7462,7442,Norovirus GII,,NC_029646.1,FALSE,GII.P16,100,,,GII.3,100,,
MK762627|Douglas0168|NA|2017_0,2,7504,7505,Norovirus GII,,NC_029646.1,FALSE,GII.P16,100,,,GII.12,100,,
MK762628|Ada0178|NA|2018_03_06,7,7482,7467,Norovirus GII,,NC_029646.1,FALSE,GII.P2,100,,,GII.2,100,,
MK762641|Davidson0488|NA|2016_,108,7380,7466,Norovirus GII,,NC_029646.1,FALSE,GII.P16,100,,,GII.2,100,,
MK762745|Texas0842|NA|2015_10_,2,7453,7483,Norovirus GII,,NC_029646.1,FALSE,GII.P16,100,,,GII.13,100,,
MK762746|Hardin1028|NA|2016_02,2,7562,7518,Norovirus GII,,NC_029646.1,FALSE,GII.P16,100,,,GII.4,100,Sydney_2012,100
MK764013|Wayne0078|NA|2016_01_,2,7556,7512,Norovirus GII,,NC_029646.1,FALSE,GII.P16,100,,,GII.4,100,Sydney_2012,100
MK764014|Allegan0877|NA|2015_1,3,7446,7478,Norovirus GII,,NC_029646.1,FALSE,GII.P16,100,,,GII.13,100,,
MK764015|Ingham0228|NA|2017_03,2,7523,7482,Norovirus GII,,NC_029646.1,FALSE,GII.P16,100,,,GII.4,100,Sydney_2012,100
MK764016|Bay0244|NA|2018_02_06,1,7555,7515,Norovirus GII,,NC_029646.1,FALSE,GII.P16,100,,,GII.4,100,Sydney_2012,100
MK764017|Osceola0226|NA|2017_0,2,7482,7462,Norovirus GII,,NC_029646.1,FALSE,GII.P16,100,,,GII.2,100,,
MK764018|Stafford0184|NA|2016_,108,7413,7478,Norovirus GII,,NC_029646.1,FALSE,GII.P16,100,,,GII.4,100,Sydney_2012,100
MK762629|Lee0113|NA|2017_10_24,2,7535,7492,Norovirus GII,,NC_029646.1,FALSE,GII.P16,100,,,GII.4,100,Sydney_2012,100
MK762630|Broward1056|NA|2015_1,53,7507,7517,Norovirus GII,,NC_029646.1,FALSE,GII.P31 (GII.Pe),100,,,GII.4,100,Sydney_2012,100
MK762631|Pinellas0160|NA|2017_,14,7490,7482,Norovirus GII,,NC_029646.1,FALSE,GII.P16,100,,,GII.2,100,,
MK762632|Natrona0468|NA|2017_1,1,7547,7511,Norovirus GII,,NC_029646.1,FALSE,GII.P16,100,,,GII.4,100,Sydney_2012,100
MK762633|NewYork0199|NA|2017_1,1,7519,7497,Norovirus GII,,NC_029646.1,FALSE,GII.P16,100,,,GII.2,100,,
MK762634|Chittenden0425|NA|201,47,7419,7444,Norovirus GII,,NC_029646.1,FALSE,GII.P16,100,,,GII.2,100,,
MK762635|LosAngeles0190|NA|201,1,7568,7518,Norovirus GII,,NC_029646.1,FALSE,GII.P16,100,,,GII.4,100,Sydney_2012,100
MK762636|LosAngeles0196|NA|201,1,7532,7492,Norovirus GII,,NC_029646.1,FALSE,GII.P16,100,,,GII.4,100,Sydney_2012,100
MK762637|LaPorte0381|NA|2015_1,3,7557,7518,Norovirus GII,,NC_029646.1,FALSE,GII.P16,100,,,GII.4,100,Sydney_2012,100
MK762570|CS1010|NA|2017_03_16|,11,7552,7518,Norovirus GII,,NC_029646.1,FALSE,GII.P16,100,,,GII.4,100,Sydney_2012,100
MK762621|Jackson1608|NA|2017_0,1,7565,7518,Norovirus GII,,NC_029646.1,FALSE,GII.P16,100,,,GII.4,100,Sydney_2012,100
MK762568|CS0651|NA|2016_10_20|,5,7542,7502,Norovirus GII,,NC_029646.1,FALSE,GII.P16,100,,,GII.4,100,Sydney_2012,100
MK764040|Cambria0299|NA|2016_0,1,7529,7510,Norovirus GII,,NC_029646.1,FALSE,GII.P2,100,,,GII.2,100,,
MK764041|Cambria0311|NA|2018_0,1,7480,7480,Norovirus GII,,NC_029646.1,FALSE,GII.P16,99,,,GII.12,100,,
MK764042|Nassau0300|NA|2016_11,8,7529,7518,Norovirus GII,,NC_029646.1,FALSE,GII.P16,100,,,GII.2,100,,
MK764043|Nassau0301|NA|2016_11,77,7409,7464,Norovirus GII,,NC_029646.1,FALSE,GII.P16,100,,,GII.2,100,,
MK775028|Summit0246|NA|2014_04,220,7239,7437,Norovirus GII,,NC_029646.1,FALSE,GII.P2,100,,,GII.2,100,,
MK775029|Richland0514|NA|2016_,2,7503,7483,Norovirus GII,,NC_029646.1,FALSE,GII.P2,100,,,GII.2,100,,
MK775030|Lake0345|NA|2017_08_2,6,7479,7463,Norovirus GII,,NC_029646.1,FALSE,GII.P16,100,,,GII.2,100,,
MK775031|Butler0349|NA|2018_02,62,7397,7487,Norovirus GII,,NC_029646.1,FALSE,GII.P16,100,,,GII.13,100,,
MK775032|Wood0352|NA|2017_05_2,2,7559,7517,Norovirus GII,,NC_029646.1,FALSE,GII.P16,100,,,GII.4,100,Sydney_2012,100
MK773571|CS0003|NA|2018_01_08|,77,7412,7467,Norovirus GII,,NC_029646.1,FALSE,GII.P16,100,,,GII.2,100,,
MK773580|Mecklenburg0359|NA|20,95,7369,7442,Norovirus GII,,NC_029646.1,FALSE,GII.P16,100,,,GII.2,100,,
MK773581|Mecklenburg0360|NA|20,97,7386,7461,Norovirus GII,,NC_029646.1,FALSE,GII.P16,100,,,GII.2,100,,
MK773582|Mecklenburg0362|NA|20,137,7346,7461,Norovirus GII,,NC_029646.1,FALSE,GII.P16,100,,,GII.2,100,,
MK773583|Mecklenburg0363|NA|20,3,7480,7461,Norovirus GII,,NC_029646.1,FALSE,GII.P16,100,,,GII.2,100,,
MK773584|Olmsted0258|NA|2016_1,1,7559,7517,Norovirus GII,,NC_029646.1,FALSE,GII.P16,100,,,GII.4,100,Sydney_2012,100
MK773585|Olmsted0261|NA|2016_1,4,7552,7515,Norovirus GII,,NC_029646.1,FALSE,GII.P16,100,,,GII.4,100,Sydney_2012,100
MK773586|Ramsey0269|NA|2017_09,3,7506,7466,Norovirus GII,,NC_029646.1,FALSE,GII.P16,100,,,GII.4,100,Sydney_2012,100
MK773587|Hennepin0273|NA|2017_,1,7527,7505,Norovirus GII,,NC_029646.1,FALSE,GII.P16,100,,,GII.2,100,,
MK773588|Hennepin0275|NA|2018_,2,6730,6692,Norovirus GII,,NC_029646.1,FALSE,GII.P16,100,,,GII.3,100,,
MK762558|CS0031|NA|2014_01_28|,5,7509,7471,Norovirus GII,,NC_029646.1,FALSE,GII.P31 (GII.Pe),100,,,GII.4,100,Sydney_2012,100
MK762559|Bayamon0177|NA|2014_0,59,7390,7478,Norovirus GII,,NC_029646.1,FALSE,GII.P16,100,,,GII.13,100,,
MK762560|Bayamon0178|NA|2014_0,5,7450,7483,Norovirus GII,,NC_029646.1,FALSE,GII.P16,100,,,GII.13,100,,
MK762561|CS0014|NA|2018_01_14|,215,7333,7511,Norovirus GII,,NC_029646.1,FALSE,GII.P4,100,New_Orleans_2009,99,GII.4,100,Sydney_2012,100
MK762562|CS0193|NA|2016_03_03|,173,7363,7491,Norovirus GII,,NC_029646.1,FALSE,GII.P16,100,,,GII.4,100,Sydney_2012,100
MK762563|CS0194|NA|2016_03_03|,29,7485,7471,Norovirus GII,,NC_029646.1,FALSE,GII.P16,100,,,GII.4,100,Sydney_2012,100
MK762564|CS0195|NA|2016_03_03|,5,7529,7489,Norovirus GII,,NC_029646.1,FALSE,GII.P16,100,,,GII.4,100,Sydney_2012,100
MK483908|HuGII.P16_GII.1RUSNov,1,7539,7518,Norovirus GII,,NC_029646.1,FALSE,GII.P16,100,,,GII.1,100,,
MK483909|HuGII.P16_GII.4RUSNov,3,7584,7518,Norovirus GII,,NC_029646.1,FALSE,GII.P16,100,,,GII.4,100,Sydney_2012,100
KF920739|HuGII.P16_GII.16RUSNo,1,7580,7518,Norovirus GII,,NC_029646.1,FALSE,GII.P16,100,,,GII.16,100,,
HM596590|HuGII.P16_GII.5RUSNov,1,7536,7518,Norovirus GII,,NC_029646.1,FALSE,GII.P16,100,,,GII.5,100,,
GU292831|HuGII.P16_GII.16RUSNo,1,7577,7518,Norovirus GII,,NC_029646.1,FALSE,GII.P16,100,,,GII.16,100,,
MG892974|HuGII.P16_GII.2RUSNov,5,7553,7518,Norovirus GII,,NC_029646.1,FALSE,GII.P16,100,,,GII.2,100,,
MG892908|HuGII.P16_GII.13RUSNo,1,7510,7518,Norovirus GII,,NC_029646.1,FALSE,GII.P16,100,,,GII.13,100,,
MK789430|3453|NA|2016_06|Human,11,7536,7518,Norovirus GII,,NC_029646.1,FALSE,GII.P2,100,,,GII.2,100,,
MK789431|3351|NA|2015_11|Human,17,7533,7518,Norovirus GII,,NC_029646.1,FALSE,GII.P17,100,,,GII.17,100,,
MK789432|3587|NA|2017_02|Human,1,7558,7518,Norovirus GII,,NC_029646.1,FALSE,GII.P17,100,,,GII.17,100,,
MK789433|3618|NA|2017_09|Human,15,7542,7518,Norovirus GII,,NC_029646.1,FALSE,GII.P17,100,,,GII.17,100,,
MK789434|3546|NA|2016_09|Human,12,7540,7518,Norovirus GII,,NC_029646.1,FALSE,GII.P4,100,New_Orleans_2009,99,GII.4,100,Sydney_2012,100
MK789435|3549|NA|2016_10|Human,1,7569,7518,Norovirus GII,,NC_029646.1,FALSE,GII.P31 (GII.Pe),100,,,GII.4,100,Sydney_2012,100
MK789436|3552|NA|2016_10|Human,15,7536,7517,Norovirus GII,,NC_029646.1,FALSE,GII.P4,100,New_Orleans_2009,99,GII.4,100,Sydney_2012,100
MG892929|HuGII.P16_GII.4RUSNov,1,7581,7518,Norovirus GII,,NC_029646.1,FALSE,GII.P16,100,,,GII.4,100,Sydney_2012,100
MK614124|SZ2017184|NA|2017_03|,5,7536,7518,Norovirus GII,,NC_029646.1,FALSE,GII.P16,100,,,GII.2,100,,
MK614125|SZ2017203|NA|2017_03|,5,7536,7518,Norovirus GII,,NC_029646.1,FALSE,GII.P16,100,,,GII.2,100,,
MK614126|SZ2017211|NA|2017_03|,5,7536,7518,Norovirus GII,,NC_029646.1,FALSE,GII.P16,100,,,GII.2,100,,
MK614127|SZ2017223|NA|2017_04|,5,7536,7518,Norovirus GII,,NC_029646.1,FALSE,GII.P16,100,,,GII.2,100,,
MK614128|SZ2017252|NA|2017_09|,5,7536,7518,Norovirus GII,,NC_029646.1,FALSE,GII.P16,100,,,GII.2,100,,
MK614129|SZ2017278|NA|2017_11|,5,7536,7518,Norovirus GII,,NC_029646.1,FALSE,GII.P16,100,,,GII.2,100,,
MK614130|SZ2018028|NA|2018_02|,5,7536,7518,Norovirus GII,,NC_029646.1,FALSE,GII.P16,100,,,GII.2,100,,
MK614131|SZ2018039|NA|2018_03|,5,7536,7518,Norovirus GII,,NC_029646.1,FALSE,GII.P16,100,,,GII.2,100,,
MK614132|SZ2018046|NA|2018_03|,5,7536,7518,Norovirus GII,,NC_029646.1,FALSE,GII.P16,100,,,GII.2,100,,
MK614133|SZ2018068|NA|2018_03|,5,7536,7518,Norovirus GII,,NC_029646.1,FALSE,GII.P16,100,,,GII.2,100,,
MK614134|SZ2018069|NA|2018_03|,5,7536,7518,Norovirus GII,,NC_029646.1,FALSE,GII.P16,100,,,GII.2,100,,
MK614135|SZ2018097|NA|2018_03|,5,7536,7518,Norovirus GII,,NC_029646.1,FALSE,GII.P16,100,,,GII.2,100,,
MK614136|SZ2018122|NA|2018_04|,5,7536,7518,Norovirus GII,,NC_029646.1,FALSE,GII.P16,100,,,GII.2,100,,
MK614137|SZ2018139|NA|2018_05|,5,7536,7518,Norovirus GII,,NC_029646.1,FALSE,GII.P16,100,,,GII.2,100,,
MG892953|HuGII.P16_GII.3RUSNov,1,7568,7518,Norovirus GII,,NC_029646.1,FALSE,GII.P16,100,,,GII.3,100,,
MG674720|Hu4Fengtai2017|NA|201,1,7578,7518,Norovirus GII,,NC_029646.1,FALSE,GII.P7,100,,,GII.6,100,,
MK934772|2015HN08|NA|2015_08|H,1,7559,7518,Norovirus GII,,NC_029646.1,FALSE,GII.P31 (GII.Pe),100,,,GII.4,100,Sydney_2012,100
MG892946|HuGII.P16_GII.3RUSNov,1,7569,7518,Norovirus GII,,NC_029646.1,FALSE,GII.P16,100,,,GII.3,100,,
MN038126|HuUS2017GII.P7_GII.7C,45,7374,7430,Norovirus GII,,NC_029646.1,FALSE,GII.P7,100,,,GII.7,100,,
MH638228|ESP20695|NA|2017_11_0,11,7598,7608,Norovirus GI,,NC_001959.2,FALSE,GI.P1,100,,,GI.1,100,,
MH638229|BA81265|NA|2017_11_10,19,7591,7609,Norovirus GI,,NC_001959.2,FALSE,GI.P1,100,,,GI.1,100,,
KF944110|HuGII.P16_GII.3Novosi,2,7548,7518,Norovirus GII,,NC_029646.1,FALSE,GII.P16,100,,,GII.3,100,,
KF944111|HuGII.P16_GII.3Novosi,2,7554,7518,Norovirus GII,,NC_029646.1,FALSE,GII.P16,100,,,GII.3,100,,
MK396771|HuKH2015GII.P21_GII.2,672,6079,6735,Norovirus GII,,NC_029646.1,FALSE,GII.P21 (GII.Pb),100,,,GII.21,100,,
MK396772|HuNP2013GII.P16_GII.3,1890,5197,7053,Norovirus GII,,NC_029646.1,FALSE,GII.P16,100,,,GII.3,100,,
MK396773|HuNP2014GII.P21_GII.2,1144,5565,6693,Norovirus GII,,NC_029646.1,FALSE,GII.P21 (GII.Pb),100,,,GII.21,100,,
MK396775|HuNP2014GII.P17_GII.1,1429,5773,7210,Norovirus GII,,NC_029646.1,FALSE,GII.P17,100,,,GII.17,100,,
MK396777|HuBT2013GII.P16_GII.3,942,5837,6745,Norovirus GII,,NC_029646.1,FALSE,GII.P16,100,,,GII.3,100,,
MK396778|HuKH2016GII.P16_GII.1,205,6788,6974,Norovirus GII,,NC_029646.1,FALSE,GII.P16,100,,,GII.13,100,,
MN199033|CAU140599|NA|2014_05_,4,7565,7518,Norovirus GII,,NC_029646.1,FALSE,GII.P12,100,,,GII.3,100,,
MN226991|HuUS2018GI.Pb_GI.6CA_,2,7633,7612,Norovirus GI,,NC_001959.2,FALSE,GI.P11 (GI.Pb),78,,,GI.6,100,,
MK355712|HUGII.P16_GII.12Alber,11,7406,7416,Norovirus GII,,NC_029646.1,FALSE,GII.P16,100,,,GII.12,100,,
MK355713|HUGII.P16_GII.12Alber,11,7406,7416,Norovirus GII,,NC_029646.1,FALSE,GII.P16,100,,,GII.12,100,,
MN248513|1|NA|2016_05|Human|So,5,7509,7471,Norovirus GII,,NC_029646.1,FALSE,GII.P4,100,New_Orleans_2009,97,GII.4,100,Sydney_2012,100
MN248514|2|NA|2015_11|Human|So,5,7541,7518,Norovirus GII,,NC_029646.1,FALSE,GII.P7,100,,,GII.6,100,,
MN248515|3|NA|2015_11|Human|Tu,5,7546,7518,Norovirus GII,,NC_029646.1,FALSE,GII.P7,100,,,GII.6,100,,
MN248516|4|NA|2015_11|Human|Ch,5,7546,7518,Norovirus GII,,NC_029646.1,FALSE,GII.P7,100,,,GII.6,100,,
MN248517|5|NA|2015_11|Human|Ch,5,7546,7518,Norovirus GII,,NC_029646.1,FALSE,GII.P7,100,,,GII.6,100,,
MN248518|6|NA|2016_05|Human|Ch,5,7509,7471,Norovirus GII,,NC_029646.1,FALSE,GII.P4,100,New_Orleans_2009,100,GII.4,100,Sydney_2012,100
MN227777|Shenandoah0111|NA|201,2,7546,7518,Norovirus GII,,NC_029646.1,FALSE,GII.P15,100,,,GIX.1 (GII.15),100,,
MN227770|Pulaski0185|NA|2017_1,1,7550,7518,Norovirus GII,,NC_029646.1,FALSE,GII.P15,100,,,GIX.1 (GII.15),100,,
MN227771|Bradford0309|NA|2017_,2,7547,7518,Norovirus GII,,NC_029646.1,FALSE,GII.P15,100,,,GIX.1 (GII.15),100,,
MN227772|Barry0457|NA|2017_12_,1,7550,7518,Norovirus GII,,NC_029646.1,FALSE,GII.P15,100,,,GIX.1 (GII.15),100,,
MN227773|Barry0458|NA|2017_12_,4,7547,7518,Norovirus GII,,NC_029646.1,FALSE,GII.P15,100,,,GIX.1 (GII.15),100,,
MN227774|Sevier0098|NA|2018_07,5,7484,7479,Norovirus GII,,NC_029646.1,FALSE,GII.P15,100,,,GIX.1 (GII.15),100,,
MN227775|Nassau0108|NA|2018_05,2,7545,7518,Norovirus GII,,NC_029646.1,FALSE,GII.P15,100,,,GIX.1 (GII.15),100,,
MN227776|Providence0110|NA|201,2,7535,7518,Norovirus GII,,NC_029646.1,FALSE,GII.P15,100,,,GIX.1 (GII.15),100,,
MH671553|BJFTJYX|NA|2016_12|Hu,1,7536,7518,Norovirus GII,,NC_029646.1,FALSE,GII.P2,100,,,GII.2,100,,
MN394542|34|NA|2019_04_01|Huma,5,7532,7518,Norovirus GII,,NC_029646.1,FALSE,GII.P16,100,,,GII.2,100,,
MN394543|35|NA|2019_04_01|Huma,11,7451,7488,Norovirus GII,,NC_029646.1,FALSE,GII.P21 (GII.Pb),100,,,GII.13,100,,
MN394544|36|NA|2019_04_01|Huma,38,7463,7479,Norovirus GII,,NC_029646.1,FALSE,GII.P16,100,,,GII.2,100,,
MN394545|37|NA|2019_04_01|Huma,11,7451,7488,Norovirus GII,,NC_029646.1,FALSE,GII.P21 (GII.Pb),100,,,GII.13,100,,
MN394546|38|NA|2019_04_01|Huma,32,7428,7438,Norovirus GII,,NC_029646.1,FALSE,GII.P17,100,,,GII.17,100,,
MN447470|US0366|NA|2008_10_20|,1,7579,7518,Norovirus GII,,NC_029646.1,FALSE,GII.P16,100,,,GII.16,100,,
MN447471|US0367|NA|2008_10_20|,1,7578,7518,Norovirus GII,,NC_029646.1,FALSE,GII.P16,100,,,GII.16,100,,
MN448477|Westport0085|NA|2013_,1,7738,7654,Norovirus GI,,NC_001959.2,FALSE,GI.P3,100,,,GI.3,100,,
MN453358|Loreto5841|NA|2011_06,1,7530,7518,Norovirus GII,,NC_029646.1,FALSE,GII.P23,100,,,GII.23,100,,
MN453359|Loreto7940|NA|2013_04,1,7523,7518,Norovirus GII,,NC_029646.1,FALSE,GII.P24,100,,,GII.24,100,,
MN493873|HuUS2017GII.P16_GII.2,3,7530,7514,Norovirus GII,,NC_029646.1,FALSE,GII.P16,100,,,GII.2,100,,
MN473468|xinghuangGII.P15China,1,7548,7518,Norovirus GII,,NC_029646.1,FALSE,GII.P15,100,,,GIX.1 (GII.15),100,,
MN462922|YIYANGHUNANCHINAGII.P,1,7542,7518,Norovirus GII,,NC_029646.1,FALSE,GII.P15,100,,,GIX.1 (GII.15),100,,
MN525275|JH28|NA|2016_09_29|Hu,5,7544,7504,Norovirus GII,,NC_029646.1,FALSE,GII.P16,100,,,GII.4,100,Sydney_2012,100
MN525276|JH29|NA|2016_09_14|Hu,1,7576,7518,Norovirus GII,,NC_029646.1,FALSE,GII.P16,100,,,GII.4,100,Sydney_2012,100
MK907797|G19_033|NA|2014_05_13,428,6976,7361,Norovirus GII,,NC_029646.1,FALSE,GII.P31 (GII.Pe),100,,,GII.4,100,Sydney_2012,100
MK907798|G19_034|NA|2008_01_10,6,7480,7461,Norovirus GII,,NC_029646.1,FALSE,GII.P21 (GII.Pb),100,,,GII.3,100,,
MK907799|G19_035|NA|2008_10_01,206,7390,7518,Norovirus GII,,NC_029646.1,FALSE,GII.P4,100,New_Orleans_2009,100,GII.4,100,Sydney_2012,100
MK907796|G19_032|NA|2014_05_12,13,7557,7518,Norovirus GII,,NC_029646.1,FALSE,GII.P31 (GII.Pe),100,,,GII.4,100,Sydney_2012,100
MK762573|HuNP2014GI.P8_GI.8ETR,182,7483,7610,Norovirus GI,,NC_001959.2,FALSE,GI.P8,100,,,GI.8,100,,
MK762719|HuNP2013GII.Pe_GII.4_,416,7094,7467,Norovirus GII,,NC_029646.1,FALSE,GII.P31 (GII.Pe),100,,,GII.4,100,Sydney_2012,100
MK762720|HuNP2013GII.P21_GII.2,243,6955,7188,Norovirus GII,,NC_029646.1,FALSE,GII.P21 (GII.Pb),100,,,GII.21,100,,
MK762722|HuBT2015GII.P7_GII.7E,163,7168,7348,Norovirus GII,,NC_029646.1,FALSE,GII.P7,100,,,GII.7,100,,
MK762723|HuBT2013GII.P15_GII.1,325,6471,6750,Norovirus GII,,NC_029646.1,FALSE,GII.P15,100,,,GIX.1 (GII.15),100,,
MK762724|HuBT2013GII.P16_GII.4,415,7092,7470,Norovirus GII,,NC_029646.1,FALSE,GII.P16,100,,,GII.4,100,Sydney_2012,100
MN853414|NS15217|NA|2015_10|Hu,1,7556,7518,Norovirus GII,,NC_029646.1,FALSE,GII.P17,100,,,GII.17,100,,
MH608288|25747_LVCA|NA|2016|Hu,1,7488,7464,Norovirus GII,,NC_029646.1,FALSE,GII.P17,100,,,GII.17,100,,
MH638230|HuGII.P17_GII.1725744,1,7488,7464,Norovirus GII,,NC_029646.1,FALSE,GII.P17,100,,,GII.17,100,,
MN938460|33|NA|2019_04_01|Huma,5,7602,7588,Norovirus GI,,NC_001959.2,FALSE,GI.P4,100,,,GI.4,100,,
MN938461|34|NA|2019_04_01|Huma,5,7602,7588,Norovirus GI,,NC_001959.2,FALSE,GI.P4,100,,,GI.4,100,,
MN400355|HuHK2019GII.4_Hong_Ko,1,7556,7518,Norovirus GII,,NC_029646.1,FALSE,GII.P31 (GII.Pe),100,,,GII.4,100,Hong_Kong_2019,100
MN703761|GII.4_MI_2016_feces|N,1,7469,7427,Norovirus GII,,NC_029646.1,FALSE,GII.P31 (GII.Pe),100,,,GII.4,100,Sydney_2012,100
MK928496|CU_21953|NA|2018_07|H,1,7513,7471,Norovirus GII,,NC_029646.1,FALSE,GII.P31 (GII.Pe),100,,,GII.4,100,Sydney_2012,100
MK928497|CU_21954|NA|2018_07|H,1,7513,7471,Norovirus GII,,NC_029646.1,FALSE,GII.P31 (GII.Pe),100,,,GII.4,100,Sydney_2012,100
MT026582|Aiken0160|NA|2019_04_,1,7557,7518,Norovirus GII,,NC_029646.1,FALSE,GII.P4,100,New_Orleans_2009,100,GII.4,100,Sydney_2012,100
MT028542|Allegany0230|NA|2018_,1,7560,7518,Norovirus GII,,NC_029646.1,FALSE,GII.P31 (GII.Pe),100,,,GII.4,100,Sydney_2012,100
MT029316|Helena0207|NA|2018_10,1,7604,7518,Norovirus GII,,NC_029646.1,FALSE,GII.P16,100,,,GII.4,100,Sydney_2012,100
MT031761|Brevard0199|NA|2017_0,1,7560,7518,Norovirus GII,,NC_029646.1,FALSE,GII.P16,100,,,GII.4,100,Sydney_2012,100
MT031821|Davidson0138|NA|2019_,1,7560,7518,Norovirus GII,,NC_029646.1,FALSE,GII.P16,100,,,GII.4,100,Sydney_2012,100
MT031988|CS0048|NA|2019_01_23|,1,7776,7654,Norovirus GI,,NC_001959.2,FALSE,GI.P3,100,,,GI.3,100,,
MT032004|Buchanan0126|NA|2018_,1,7564,7511,Norovirus GII,,NC_029646.1,FALSE,GII.P16,100,,,GII.4,100,Sydney_2012,100
MN960578|SCD1042|NA|2018_02_18,15,7500,7490,Norovirus GII,,NC_029646.1,FALSE,GII.P17,100,,,GII.17,100,,
MK648240|0029|NA|2017_01|Human,1,7419,7398,Norovirus GII,,NC_029646.1,FALSE,GII.P16,100,,,GII.2,100,,
MK648241|0037|NA|2017_01|Human,1,7422,7398,Norovirus GII,,NC_029646.1,FALSE,GII.P17,100,,,GII.17,100,,
MK648242|0038|NA|2017_01|Human,3,7420,7398,Norovirus GII,,NC_029646.1,FALSE,GII.P17,100,,,GII.17,100,,
MK648237|0013|NA|2017_01|Human,1,7419,7398,Norovirus GII,,NC_029646.1,FALSE,GII.P16,100,,,GII.2,100,,
MK648238|0015|NA|2017_01|Human,1,7419,7398,Norovirus GII,,NC_029646.1,FALSE,GII.P16,100,,,GII.2,100,,
MK648239|0027|NA|2017_01|Human,1,7419,7398,Norovirus GII,,NC_029646.1,FALSE,GII.P16,100,,,GII.2,100,,
MN782359|011617|NA|2017_11_06|,36,7517,7517,Norovirus GII,,NC_029646.1,FALSE,GII.P16,100,,,GII.4,100,Sydney_2012,100
KY210920|HuGII.P16_GII.13RUSNo,1,7506,7518,Norovirus GII,,NC_029646.1,FALSE,GII.P16,100,,,GII.13,100,,
MK907800|G19_036|NA|2016_10_20,14,7528,7518,Norovirus GII,,NC_029646.1,FALSE,GII.P17,100,,,GII.17,100,,
MK907801|G19_037|NA|2016_10_20,6,7536,7518,Norovirus GII,,NC_029646.1,FALSE,GII.P17,100,,,GII.17,100,,
KY210980|HuGII.P16_GII.4RUSNov,5,7577,7518,Norovirus GII,,NC_029646.1,FALSE,GII.P16,100,,,GII.4,100,Sydney_2012,100
MT474044|HuGII.Pe_GII.4JH22012,11,7503,7471,Norovirus GII,,NC_029646.1,FALSE,GII.P31 (GII.Pe),100,,,GII.4,100,Sydney_2012,100
MT474048|HuGII.Pe_GII.4JH37201,11,7503,7471,Norovirus GII,,NC_029646.1,FALSE,GII.P31 (GII.Pe),100,,,GII.4,100,Sydney_2012,100
NC_040876|NORO_176_1_17_12_201,1,7521,7494,Norovirus GII,,NC_029646.1,FALSE,GII.P7,100,,,GII.6,100,,
NC_039897|ShimizuKK2866|NA|200,1,7745,7654,Norovirus GI,,NC_001959.2,FALSE,GI.P3,100,,,GI.3,100,,
NC_044046|YuzawaGira2HS|NA|201,1,7543,7518,Norovirus GII,,NC_029646.1,FALSE,GII.P28,100,,,GVIII.1 (GII.23),100,,
MT474041|HuGII.Pe_GII.4JH21201,179,7335,7471,Norovirus GII,,NC_029646.1,FALSE,GII.P31 (GII.Pe),100,,,GII.4,100,Sydney_2012,100
MT474040|HuGII.Pe_GII.4JH19201,11,7503,7471,Norovirus GII,,NC_029646.1,FALSE,GII.P31 (GII.Pe),100,,,GII.4,100,Sydney_2012,100
NC_044856|HuBD2011GI.7PNA2Dhak,1,7734,7643,Norovirus GI,,NC_001959.2,FALSE,GI.PNA2,100,,,GI.7,100,,
NC_039475|HuGII.P17_GII.17KR20,1,7556,7518,Norovirus GII,,NC_029646.1,FALSE,GII.P17,100,,,GII.17,100,,
NC_029647|HuGIV.1LakeMacquarie,1,7527,7527,Norovirus GIV,,NC_029647.1,FALSE,,,,,,,,
MT357992|CS0088|NA|2018_06_26|,1,7654,7654,Norovirus GI,,NC_001959.2,FALSE,GI.P1,100,,,GI.1,100,,
MT372476|Baltimore16275|NA|201,1,7745,7654,Norovirus GI,,NC_001959.2,FALSE,GI.P8,100,,,GI.8,100,,
MT344180|782_2|NA|2018_12_17|H,11,7583,7518,Norovirus GII,,NC_029646.1,FALSE,GII.P16,100,,,GII.4,100,Sydney_2012,100
MT474051|HuGII.Pe_GII.4JH52012,11,7503,7471,Norovirus GII,,NC_029646.1,FALSE,GII.P31 (GII.Pe),100,,,GII.4,100,Sydney_2012,100
MT372470|Callao0948|NA|2015_10,1,7763,7654,Norovirus GI,,NC_001959.2,FALSE,GI.P3,93,,,GI.3,100,,
MT474047|HuGII.Pe_GII.4JH34201,11,7503,7471,Norovirus GII,,NC_029646.1,FALSE,GII.P31 (GII.Pe),100,,,GII.4,100,Sydney_2012,100
MT372465|Callao0618|NA|2017_09,1,7708,7654,Norovirus GI,,NC_001959.2,FALSE,GI.P2,100,,,GI.2,100,,
MT474034|HuGII.Pe_GII.4JH13201,11,7503,7471,Norovirus GII,,NC_029646.1,FALSE,GII.P31 (GII.Pe),100,,,GII.4,100,Sydney_2012,100
MT357898|Pennsylvania1060|NA|2,5,7732,7654,Norovirus GI,,NC_001959.2,FALSE,GI.P7,100,,,GI.7,100,,
MT474049|HuGII.Pe_GII.4JH38201,11,7503,7471,Norovirus GII,,NC_029646.1,FALSE,GII.P31 (GII.Pe),100,,,GII.4,100,Sydney_2012,100
MT372477|Cabarrus0282|NA|2018_,1,7696,7654,Norovirus GI,,NC_001959.2,FALSE,GI.P11 (GI.Pb),100,,,GI.6,100,,
MT372462|Callao0462|NA|2014_06,1,7777,7654,Norovirus GI,,NC_001959.2,FALSE,GI.P7,94,,,GI.7,100,,
MT372469|Callao0904|NA|2017_11,1,7777,7654,Norovirus GI,,NC_001959.2,FALSE,GI.P7,92,,,GI.7,100,,
MT474038|HuGII.Pe_GII.4JH16201,11,7503,7471,Norovirus GII,,NC_029646.1,FALSE,GII.P31 (GII.Pe),100,,,GII.4,100,Sydney_2012,100
MT372474|Baltimore16082|NA|201,1,7753,7654,Norovirus GI,,NC_001959.2,FALSE,GI.P9,100,,,GI.9,100,,
NC_044932|HuGII.PNA4_GII.NA4PN,1,7525,7518,Norovirus GII,,NC_029646.1,FALSE,GII.PNA2,100,,,GII.NA2,100,,
MT357996|CS0036|NA|2018_04_07|,1,7696,7654,Norovirus GI,,NC_001959.2,FALSE,GI.P11 (GI.Pb),100,,,GI.6,100,,
MT357897|Pennsylvania1021|NA|2,14,7658,7609,Norovirus GI,,NC_001959.2,FALSE,GI.P7,100,,,GI.7,100,,
NC_039477|NORO_226_06_01_2016|,1,7567,7518,Norovirus GII,,NC_029646.1,FALSE,GII.P16,100,,,GII.4,100,Sydney_2012,100
NC_044854|HuJP2000GI.6PNA1WUG1,1,7693,7654,Norovirus GI,,NC_001959.2,FALSE,GI.PNA1 (GI.Pb),100,,,GI.6,100,,
MT344179|526_2|NA|2015_12_17|H,49,7465,7471,Norovirus GII,,NC_029646.1,FALSE,GII.P16,100,,,GII.4,100,Sydney_2012,100
MT371769|147_2|NA|2015_12_31|H,29,7461,7468,Norovirus GII,,NC_029646.1,FALSE,GII.P17,100,,,GII.17,100,,
NC_044853|HuJP1998GI.6PNA4No20,8,7677,7654,Norovirus GI,,NC_001959.2,FALSE,GI.PNA4 (GI.Pg),100,,,GI.6,100,,
MT357995|CS0483|NA|2018_10_30|,1,7696,7654,Norovirus GI,,NC_001959.2,FALSE,GI.P11 (GI.Pb),100,,,GI.6,100,,
MT474032|HuGII.Pe_GII.4JH11201,11,7503,7471,Norovirus GII,,NC_029646.1,FALSE,GII.P31 (GII.Pe),100,,,GII.4,100,Sydney_2012,100
MT474033|HuGII.Pe_GII.4JH12201,11,7503,7471,Norovirus GII,,NC_029646.1,FALSE,GII.P31 (GII.Pe),100,,,GII.4,100,Sydney_2012,100
MT089579|461_2|NA|2019_07_24|H,1,7762,7654,Norovirus GI,,NC_001959.2,FALSE,GI.P3,99,,,GI.3,100,,
MT474052|HuGII.Pe_GII.4JH62012,11,7503,7471,Norovirus GII,,NC_029646.1,FALSE,GII.P31 (GII.Pe),100,,,GII.4,100,Sydney_2012,100
MT372463|Callao0590|NA|2016_09,1,7764,7654,Norovirus GI,,NC_001959.2,FALSE,GI.P3,98,,,GI.3,100,,
MT372464|Callao0615|NA|2017_08,1,7708,7654,Norovirus GI,,NC_001959.2,FALSE,GI.P2,100,,,GI.2,100,,
MT372468|Callao0752|NA|2015_07,1,7763,7654,Norovirus GI,,NC_001959.2,FALSE,GI.P3,99,,,GI.3,100,,
MT238666|526_1|NA|2016_01_08|H,13,7501,7471,Norovirus GII,,NC_029646.1,FALSE,GII.P16,100,,,GII.4,100,Sydney_2012,100
MT238667|782_1|NA|2018_12_17|H,15,7540,7514,Norovirus GII,,NC_029646.1,FALSE,GII.P16,100,,,GII.4,100,Sydney_2012,100
MT357993|CS0089|NA|2018_06_26|,1,7654,7654,Norovirus GI,,NC_001959.2,FALSE,GI.P1,100,,,GI.1,100,,
MT372466|Callao0680|NA|2015_01,1,7773,7654,Norovirus GI,,NC_001959.2,FALSE,GI.P13 (GI.Pd),100,,,GI.3,94,,
MT474043|HuGII.Pe_GII.4JH23201,11,7503,7471,Norovirus GII,,NC_029646.1,FALSE,GII.P31 (GII.Pe),100,,,GII.4,100,Sydney_2012,100
MT372475|Baltimore16158|NA|201,1,7700,7606,Norovirus GI,,NC_001959.2,FALSE,GI.P9,100,,,GI.9,100,,
MT474042|HuGII.Pe_GII.4JH22201,11,7503,7471,Norovirus GII,,NC_029646.1,FALSE,GII.P31 (GII.Pe),100,,,GII.4,100,Sydney_2012,100
MT372467|Callao0729|NA|2015_04,1,7773,7654,Norovirus GI,,NC_001959.2,FALSE,GI.P13 (GI.Pd),100,,,GI.3,94,,
NC_044855|HuUS2016GIV.NA1PNA1W,1,7419,7419,Norovirus GIV,,NC_044855.1,FALSE,,,,,,,,
MT474039|HuGII.Pe_GII.4JH17201,89,7425,7471,Norovirus GII,,NC_029646.1,FALSE,GII.P31 (GII.Pe),100,,,GII.4,100,Sydney_2012,100
MT474050|HuGII.Pe_GII.4JH40201,11,7503,7471,Norovirus GII,,NC_029646.1,FALSE,GII.P31 (GII.Pe),100,,,GII.4,100,Sydney_2012,100
NC_044045|SapporoHK299|NA|2007,1,7551,7518,Norovirus GII,,NC_029646.1,FALSE,GII.P15,100,,,GIX.1 (GII.15),100,,
MT238669|691_2|NA|2015_11_17|H,23,7489,7487,Norovirus GII,,NC_029646.1,FALSE,GII.P17,100,,,GII.17,100,,
MT357994|CS0087|NA|2018_06_23|,1,7651,7588,Norovirus GI,,NC_001959.2,FALSE,GI.P7,100,,,GI.7,100,,
MT357991|CS0091|NA|2018_06_26|,1,7654,7654,Norovirus GI,,NC_001959.2,FALSE,GI.P1,100,,,GI.1,100,,
MT238671|259_2|NA|2018_12_17|H,1,7579,7518,Norovirus GII,,NC_029646.1,FALSE,GII.P16,100,,,GII.4,100,Sydney_2012,100
MT357899|Pennsylvania1110|NA|2,5,7664,7609,Norovirus GI,,NC_001959.2,FALSE,GI.P7,100,,,GI.7,100,,
MT238670|259_1|NA|2018_12_17|H,9,7567,7518,Norovirus GII,,NC_029646.1,FALSE,GII.P16,100,,,GII.4,100,Sydney_2012,100
MT344182|691_1|NA|2015_11_17|H,10,7568,7518,Norovirus GII,,NC_029646.1,FALSE,GII.P17,100,,,GII.17,100,,
MT238668|782_3|NA|2018_12_17|H,12,7556,7518,Norovirus GII,,NC_029646.1,FALSE,GII.P16,100,,,GII.4,100,Sydney_2012,100
MT238672|259_3|NA|2018_12_17|H,9,7568,7518,Norovirus GII,,NC_029646.1,FALSE,GII.P16,100,,,GII.4,100,Sydney_2012,100
MT344181|118_3|NA|2015_12_18|H,11,7562,7518,Norovirus GII,,NC_029646.1,FALSE,GII.P17,100,,,GII.17,100,,
MT089580|461_3|NA|2019_07_24|H,11,7735,7654,Norovirus GI,,NC_001959.2,FALSE,GI.P3,100,,,GI.3,100,,
MT238664|118_2|NA|2015_12_04|H,14,7548,7518,Norovirus GII,,NC_029646.1,FALSE,GII.P17,100,,,GII.17,100,,
MT089578|461_1|NA|2019_07_24|H,12,7704,7629,Norovirus GI,,NC_001959.2,FALSE,GI.P3,100,,,GI.3,100,,
MT238665|147_1|NA|2015_12_17|H,13,7529,7518,Norovirus GII,,NC_029646.1,FALSE,GII.P17,100,,,GII.17,100,,
MT238663|118_1|NA|2015_12_05|H,15,7543,7518,Norovirus GII,,NC_029646.1,FALSE,GII.P17,100,,,GII.17,100,,
MT367328|526_3|NA|2016_01_19|H,9,7549,7515,Norovirus GII,,NC_029646.1,FALSE,GII.P16,100,,,GII.4,100,Sydney_2012,100
MT362912|432_1|NA|2017_04_10|H,5,7553,7518,Norovirus GII,,NC_029646.1,FALSE,GII.P4,100,New_Orleans_2009,98,GII.4,100,Sydney_2012,100
MT362913|432_3|NA|2017_04_10|H,12,7539,7513,Norovirus GII,,NC_029646.1,FALSE,GII.P4,100,New_Orleans_2009,99,GII.4,100,Sydney_2012,100
MT362914|813_1|NA|2018_04_11|H,28,7489,7494,Norovirus GII,,NC_029646.1,FALSE,GII.P16,100,,,GII.2,100,,
MT362915|813_2|NA|2018_04_11|H,17,7500,7494,Norovirus GII,,NC_029646.1,FALSE,GII.P16,100,,,GII.2,100,,
MT362916|813_3|NA|2018_04_11|H,16,7507,7500,Norovirus GII,,NC_029646.1,FALSE,GII.P16,100,,,GII.2,100,,
MT362917|963_1|NA|2012_04_11|H,17,7515,7487,Norovirus GII,,NC_029646.1,FALSE,GII.P4,100,New_Orleans_2009,100,GII.4,100,New_Orleans_2009,100
MT409884|236_1|NA|2015_12_04|H,2,7532,7510,Norovirus GII,,NC_029646.1,FALSE,GII.P12,98,,,GII.3,100,,
MT409885|236_2|NA|2015_12_04|H,9,7525,7510,Norovirus GII,,NC_029646.1,FALSE,GII.P12,99,,,GII.3,100,,
MT409886|236_3|NA|2015_12_03|H,17,7488,7480,Norovirus GII,,NC_029646.1,FALSE,GII.P12,100,,,GII.3,100,,
MT409887|727_2|NA|2014_12_15|H,14,7501,7489,Norovirus GII,,NC_029646.1,FALSE,GII.P7,100,,,GII.6,100,,
MT416724|727_3|NA|2014_12_17|H,22,7493,7489,Norovirus GII,,NC_029646.1,FALSE,GII.P7,100,,,GII.6,100,,
MT420909|510_3|NA|2015_05_01|H,284,7263,7502,Norovirus GII,,NC_029646.1,FALSE,GII.P31 (GII.Pe),100,,,GII.4,100,Sydney_2012,100
MT439866|510_2|NA|2015_05_01|H,284,7240,7481,Norovirus GII,,NC_029646.1,FALSE,GII.P31 (GII.Pe),100,,,GII.4,100,Sydney_2012,100
MT448670|963_2|NA|2012_04_11|H,16,7552,7518,Norovirus GII,,NC_029646.1,FALSE,GII.P4,100,New_Orleans_2009,100,GII.4,100,New_Orleans_2009,100
MT451991|329_1|NA|2014_05_25|H,21,7668,7603,Norovirus GI,,NC_001959.2,FALSE,GI.P13 (GI.Pd),100,,,GI.3,91,,
MT526278|846_3|NA|2014_04_15|H,13,7450,7491,Norovirus GII,,NC_029646.1,FALSE,GII.P16,100,,,GII.13,100,,
MT526276|329_3|NA|2014_05_26|H,11,7684,7606,Norovirus GI,,NC_001959.2,FALSE,GI.P13 (GI.Pd),100,,,GI.3,93,,
MT526277|329_2|NA|2014_05_26|H,12,7680,7603,Norovirus GI,,NC_001959.2,FALSE,GI.P13 (GI.Pd),100,,,GI.3,89,,
MT703831|SD20191568|NA|2019_06,2,7547,7518,Norovirus GII,,NC_029646.1,FALSE,GII.P15,100,,,GIX.1 (GII.15),100,,
MT738527|HuUS2019GII.2P16CA_RG,1,7550,7518,Norovirus GII,,NC_029646.1,FALSE,GII.P16,100,,,GII.2,100,,
MN996296|SCD1044_3|NA|2018_02_,93,7410,7481,Norovirus GII,,NC_029646.1,FALSE,GII.P17,100,,,GII.17,100,,
MN996297|SCD1055_1|NA|2018_02_,98,7432,7487,Norovirus GII,,NC_029646.1,FALSE,GII.P16,100,,,GII.4,100,Sydney_2012,100
MN996298|SCD1061_4|NA|2018_02_,398,7064,7476,Norovirus GII,,NC_029646.1,FALSE,GII.P8,100,,,GII.8,100,,
MN996299|SCD1062_2|NA|2018_02_,98,7431,7486,Norovirus GII,,NC_029646.1,FALSE,GII.P16,100,,,GII.4,100,Sydney_2012,100
MN996300|SCD0162_3|NA|2018_02_,98,7395,7471,Norovirus GII,,NC_029646.1,FALSE,GII.P17,100,,,GII.17,100,,
MT008453|SCD1044_1|NA|2018_02_,158,7454,7611,Norovirus GI,,NC_001959.2,FALSE,GI.P1,100,,,GI.1,100,,
MT008454|SCD1044_2|NA|2018_02_,155,7492,7611,Norovirus GI,,NC_001959.2,FALSE,GI.P12 (GI.Pc),100,,,GI.5,100,,
MT008455|SCD1053|NA|2018_02_18,89,7605,7611,Norovirus GI,,NC_001959.2,FALSE,GI.P13 (GI.Pd),100,,,GI.3,82,,
MT008456|SCD1054_1|NA|2018_02_,89,7581,7588,Norovirus GI,,NC_001959.2,FALSE,GI.P13 (GI.Pd),100,,,GI.3,100,,
MT008457|SCD1054_2|NA|2018_02_,89,7573,7589,Norovirus GI,,NC_001959.2,FALSE,GI.P10 (GI.Pa),100,,,GI.3,100,,
MT008458|SCD1061_1|NA|2018_02_,9,7613,7588,Norovirus GI,,NC_001959.2,FALSE,GI.P12 (GI.Pc),100,,,GI.5,100,,
MT008459|SCD1061_3|NA|2018_02_,11,7660,7611,Norovirus GI,,NC_001959.2,FALSE,GI.P7,99,,,GI.7,100,,
MT008460|SCD1062_1|NA|2018_02_,158,7467,7588,Norovirus GI,,NC_001959.2,FALSE,GI.P12 (GI.Pc),100,,,GI.5,100,,
MT010298|SCD1055_2|NA|2018_02_,200,7263,7471,Norovirus GII,,NC_029646.1,FALSE,GII.P15,100,,,GIX.1 (GII.15),100,,
MT010299|SCD1061_2|NA|2018_02_,200,7263,7471,Norovirus GII,,NC_029646.1,FALSE,GII.P15,100,,,GIX.1 (GII.15),100,,
MT755733|HuUS2019GII.3P12CA_RG,1,7557,7518,Norovirus GII,,NC_029646.1,FALSE,GII.P12,99,,,GII.3,100,,
MT537605|259_1|NA|2018_12_17|H,15,7508,7480,Norovirus GII,,NC_029646.1,FALSE,GII.P16,100,,,GII.4,100,Sydney_2012,100
MT537633|259_2|NA|2018_12_17|H,10,7515,7482,Norovirus GII,,NC_029646.1,FALSE,GII.P16,100,,,GII.4,100,Sydney_2012,100
MT537634|259_3|NA|2018_12_17|H,8,7515,7480,Norovirus GII,,NC_029646.1,FALSE,GII.P16,100,,,GII.4,100,Sydney_2012,100
MT537941|259_2|NA|2018_12_17|H,13,7512,7482,Norovirus GII,,NC_029646.1,FALSE,GII.P16,100,,,GII.4,100,Sydney_2012,100
MT929247|EMC0002|NA|2011_01_21,394,7046,7397,Norovirus GII,,NC_029646.1,FALSE,GII.P4,100,New_Orleans_2009,100,GII.4,100,New_Orleans_2009,100
MW009068|387_1|NA|2018_11_14|H,2,7553,7509,Norovirus GII,,NC_029646.1,FALSE,GII.P40 (GII.P22),100,,,GII.5,100,,
MW009069|387_2|NA|2018_11_14|H,13,7526,7490,Norovirus GII,,NC_029646.1,FALSE,GII.P40 (GII.P22),100,,,GII.5,100,,
MW009070|432_2|NA|2017_04_10|H,11,7561,7518,Norovirus GII,,NC_029646.1,FALSE,GII.P4,100,New_Orleans_2009,98,GII.4,100,Sydney_2012,100
MW009071|510_1|NA|2015_05_01|H,13,7545,7515,Norovirus GII,,NC_029646.1,FALSE,GII.P31 (GII.Pe),100,,,GII.4,100,Sydney_2012,100
MW009072|387_1|NA|2018_11_14|H,2,7553,7509,Norovirus GII,,NC_029646.1,FALSE,GII.P40 (GII.P22),100,,,GII.5,100,,
KJ196290|SapporoHK299|NA|2007|,1,7551,7518,Norovirus GII,,NC_029646.1,FALSE,GII.P15,100,,,GIX.1 (GII.15),100,,
MT232050|122|NA|2014_02_07|Hum,1,7560,7518,Norovirus GII,,NC_029646.1,FALSE,GII.P31 (GII.Pe),100,,,GII.4,100,Sydney_2012,100
MW019618|1026|NA|2016_10_18|Hu,8,7128,7093,Norovirus GII,,NC_029646.1,FALSE,GII.P31 (GII.Pe),100,,,GII.4,100,Sydney_2012,100
MW019619|1059|NA|2017_03_21|Hu,8,7047,7006,Norovirus GII,,NC_029646.1,FALSE,GII.P31 (GII.Pe),100,,,GII.4,100,Sydney_2012,100
MW019620|1079|NA|2017_10_16|Hu,8,7020,6979,Norovirus GII,,NC_029646.1,FALSE,GII.P31 (GII.Pe),100,,,GII.4,100,Sydney_2012,100
MW019621|4020|NA|2017_10_25|Hu,8,7128,7093,Norovirus GII,,NC_029646.1,FALSE,GII.P31 (GII.Pe),100,,,GII.4,100,Sydney_2012,100
MW019622|3029|NA|2017_09_19|Hu,8,6699,6691,Norovirus GII,,NC_029646.1,FALSE,GII.P31 (GII.Pe),100,,,GII.4,100,Sydney_2012,100
MT707683|KMN1|NA|2017_10_20|Hu,11,7594,7518,Norovirus GII,,NC_029646.1,FALSE,GII.P15,100,,,GIX.1 (GII.15),100,,
MW284776|P2D9|NA|2013_12|Human,1,7509,7518,Norovirus GII,,NC_029646.1,FALSE,GII.P7,100,,,GII.7,100,,
MW284777|P2D15|NA|2013_12|Huma,1,7501,7500,Norovirus GII,,NC_029646.1,FALSE,GII.P7,100,,,GII.7,100,,
MW284778|P2D3|NA|2013_12|Human,1,7491,7490,Norovirus GII,,NC_029646.1,FALSE,GII.P7,100,,,GII.7,100,,
MW284779|P1D11|NA|2013_12|Huma,542,6843,7342,Norovirus GII,,NC_029646.1,FALSE,GII.P4,100,New_Orleans_2009,100,GII.4,100,Sydney_2012,100
MW284780|P1D10|NA|2013_12|Huma,180,7329,7466,Norovirus GII,,NC_029646.1,FALSE,GII.P4,100,New_Orleans_2009,100,GII.4,100,Sydney_2012,100
MW284781|P1D6|NA|2013_12|Human,15,7494,7466,Norovirus GII,,NC_029646.1,FALSE,GII.P4,100,New_Orleans_2009,100,GII.4,100,Sydney_2012,100
MW284782|P1D5|NA|2013_12|Human,8,7503,7468,Norovirus GII,,NC_029646.1,FALSE,GII.P4,100,New_Orleans_2009,100,GII.4,100,Sydney_2012,100
MW284783|P1D3|NA|2013_12|Human,22,7489,7468,Norovirus GII,,NC_029646.1,FALSE,GII.P4,100,New_Orleans_2009,100,GII.4,100,Sydney_2012,100
MW284784|P1D12|NA|2013_12|Huma,1,7491,7490,Norovirus GII,,NC_029646.1,FALSE,GII.P7,100,,,GII.7,100,,
LC369214|NoVHuJP2014GII.P17_GI,1,7591,7518,Norovirus GII,,NC_029646.1,FALSE,GII.P17,100,,,GII.17,100,,
LC369215|NoVHuJP2015GII.P17_GI,6,7576,7518,Norovirus GII,,NC_029646.1,FALSE,GII.P17,100,,,GII.17,100,,
LC369216|NoVHuJP2015GII.P17_GI,16,7524,7518,Norovirus GII,,NC_029646.1,FALSE,GII.P17,100,,,GII.17,100,,
LC369217|NoVHuJP2015GII.P17_GI,16,7524,7518,Norovirus GII,,NC_029646.1,FALSE,GII.P17,99,,,GII.17,100,,
LC369218|NoVHuJP2015GII.P17_GI,9,7533,7518,Norovirus GII,,NC_029646.1,FALSE,GII.P17,100,,,GII.17,100,,
LC369219|NoVHuJP2015GII.P17_GI,1,7562,7518,Norovirus GII,,NC_029646.1,FALSE,GII.P17,100,,,GII.17,100,,
LC369220|NoVHuJP2015GII.P17_GI,15,7560,7518,Norovirus GII,,NC_029646.1,FALSE,GII.P17,100,,,GII.17,100,,
LC369221|NoVHuJP2015GII.P17_GI,15,7527,7518,Norovirus GII,,NC_029646.1,FALSE,GII.P17,100,,,GII.17,100,,
LC369222|NoVHuJP2015GII.P17_GI,13,7577,7518,Norovirus GII,,NC_029646.1,FALSE,GII.P17,100,,,GII.17,100,,
LC369224|NoVHuJP2015GII.P17_GI,13,7554,7518,Norovirus GII,,NC_029646.1,FALSE,GII.P17,100,,,GII.17,100,,
LC369225|NoVHuJP2015GII.P17_GI,13,7549,7518,Norovirus GII,,NC_029646.1,FALSE,GII.P17,100,,,GII.17,100,,
LC369227|NoVHuJP2015GII.P17_GI,11,7565,7518,Norovirus GII,,NC_029646.1,FALSE,GII.P17,100,,,GII.17,100,,
LC369228|NoVHuJP2014GII.P17_GI,11,7618,7518,Norovirus GII,,NC_029646.1,FALSE,GII.P17,100,,,GII.17,100,,
LC369229|NoVHuJP2014GII.P17_GI,11,7551,7518,Norovirus GII,,NC_029646.1,FALSE,GII.P17,100,,,GII.17,100,,
LC369230|NoVHuJP2014GII.P17_GI,11,7551,7518,Norovirus GII,,NC_029646.1,FALSE,GII.P17,100,,,GII.17,100,,
LC369231|NoVHuJP2015GII.P17_GI,11,7551,7518,Norovirus GII,,NC_029646.1,FALSE,GII.P17,100,,,GII.17,100,,
LC369232|NoVHuJP2015GII.P17_GI,11,7556,7518,Norovirus GII,,NC_029646.1,FALSE,GII.P17,100,,,GII.17,100,,
LC369233|NoVHuJP2015GII.P17_GI,11,7595,7518,Norovirus GII,,NC_029646.1,FALSE,GII.P17,100,,,GII.17,100,,
LC369234|NoVHuJP2015GII.P17_GI,9,7613,7518,Norovirus GII,,NC_029646.1,FALSE,GII.P17,100,,,GII.17,100,,
LC369235|NoVHuJP2015GII.P17_GI,9,7587,7518,Norovirus GII,,NC_029646.1,FALSE,GII.P17,100,,,GII.17,100,,
LC369236|NoVHuJP2015GII.P17_GI,1,7562,7518,Norovirus GII,,NC_029646.1,FALSE,GII.P17,100,,,GII.17,100,,
LC369237|NoVHuJP2015GII.P17_GI,6,7608,7518,Norovirus GII,,NC_029646.1,FALSE,GII.P17,100,,,GII.17,100,,
LC369238|NoVHuJP2015GII.P17_GI,7,7556,7518,Norovirus GII,,NC_029646.1,FALSE,GII.P17,100,,,GII.17,100,,
LC369239|NoVHuJP2015GII.P17_GI,15,7549,7518,Norovirus GII,,NC_029646.1,FALSE,GII.P17,100,,,GII.17,100,,
LC369240|NoVHuJP2015GII.P17_GI,13,7554,7518,Norovirus GII,,NC_029646.1,FALSE,GII.P17,100,,,GII.17,100,,
LC369241|NoVHuJP2015GII.P17_GI,7,7554,7518,Norovirus GII,,NC_029646.1,FALSE,GII.P17,100,,,GII.17,100,,
LC369242|NoVHuJP2015GII.P17_GI,6,7589,7518,Norovirus GII,,NC_029646.1,FALSE,GII.P17,100,,,GII.17,100,,
LC369243|NoVHuJP2015GII.P17_GI,13,7551,7518,Norovirus GII,,NC_029646.1,FALSE,GII.P17,100,,,GII.17,100,,
LC369244|NoVHuJP2016GII.P17_GI,1,7561,7518,Norovirus GII,,NC_029646.1,FALSE,GII.P17,100,,,GII.17,100,,
LC369245|NoVHuJP2015GII.P17_GI,6,7555,7518,Norovirus GII,,NC_029646.1,FALSE,GII.P17,100,,,GII.17,100,,
LC369246|NoVHuJP2015GII.P17_GI,15,7547,7518,Norovirus GII,,NC_029646.1,FALSE,GII.P17,100,,,GII.17,100,,
LC369247|NoVHuJP2015GII.P17_GI,15,7547,7518,Norovirus GII,,NC_029646.1,FALSE,GII.P17,100,,,GII.17,100,,
LC369248|NoVHuJP2015GII.P17_GI,15,7547,7518,Norovirus GII,,NC_029646.1,FALSE,GII.P17,100,,,GII.17,100,,
LC369249|NoVHuJP2015GII.P17_GI,13,7549,7518,Norovirus GII,,NC_029646.1,FALSE,GII.P17,100,,,GII.17,100,,
LC369251|NoVHuJP2015GII.P17_GI,16,7539,7518,Norovirus GII,,NC_029646.1,FALSE,GII.P17,100,,,GII.17,100,,
LC369252|NoVHuJP2015GII.P17_GI,16,7545,7518,Norovirus GII,,NC_029646.1,FALSE,GII.P17,100,,,GII.17,100,,
LC369253|NoVHuJP2015GII.P17_GI,16,7546,7518,Norovirus GII,,NC_029646.1,FALSE,GII.P17,100,,,GII.17,100,,
LC369254|NoVHuJP2015GII.P17_GI,1,7547,7518,Norovirus GII,,NC_029646.1,FALSE,GII.P17,100,,,GII.17,100,,
LC369255|NoVHuJP2015GII.P17_GI,11,7588,7518,Norovirus GII,,NC_029646.1,FALSE,GII.P17,100,,,GII.17,100,,
LC369256|NoVHuJP2015GII.P17_GI,11,7555,7518,Norovirus GII,,NC_029646.1,FALSE,GII.P17,100,,,GII.17,100,,
LC369257|NoVHuJP2015GII.P17_GI,6,7590,7518,Norovirus GII,,NC_029646.1,FALSE,GII.P17,100,,,GII.17,100,,
LC369258|NoVHuJP2015GII.P17_GI,55,7484,7518,Norovirus GII,,NC_029646.1,FALSE,GII.P17,100,,,GII.17,100,,
MW045405|1065|NA|2017_04_13|Hu,8,7020,6979,Norovirus GII,,NC_029646.1,FALSE,GII.P13,100,,,GII.4,100,Sydney_2012,100
MW045406|2048|NA|2017_10_19|Hu,1382,5643,6976,Norovirus GII,,NC_029646.1,FALSE,GII.P31 (GII.Pe),100,,,GII.4,100,Sydney_2012,100
MW019959|2049|NA|2017_10_20|Hu,8,7020,6979,Norovirus GII,,NC_029646.1,FALSE,GII.P31 (GII.Pe),100,,,GII.4,100,Sydney_2012,100
MW019958|1137|NA|2018_09_25|Hu,8,7017,6976,Norovirus GII,,NC_029646.1,FALSE,GII.P31 (GII.Pe),100,,,GII.4,100,Sydney_2012,100
MW019957|1089|NA|2017_11_21|Hu,8,7023,6982,Norovirus GII,,NC_029646.1,FALSE,GII.P31 (GII.Pe),100,,,GII.4,100,Sydney_2012,100
MW019956|1048|NA|2017_03_20|Hu,8,7017,6976,Norovirus GII,,NC_029646.1,FALSE,GII.P31 (GII.Pe),100,,,GII.4,100,Sydney_2012,100
MT742777|WT_NORO_0887|NA|2019_,35,7501,7494,Norovirus GII,,NC_029646.1,FALSE,GII.P31 (GII.Pe),100,,,GII.4,100,Hong_Kong_2019,100
MN588299|HNV1|NA|2019_07_20|Hu,1,7545,7501,Norovirus GII,,NC_029646.1,FALSE,GII.P31 (GII.Pe),100,,,GII.4,100,Sydney_2012,100
MN588300|HNV6|NA|2019_06_21|Hu,1,7545,7505,Norovirus GII,,NC_029646.1,FALSE,GII.P31 (GII.Pe),100,,,GII.4,100,Sydney_2012,100
MN588301|HNV9|NA|2019_06_24|Hu,1,7545,7501,Norovirus GII,,NC_029646.1,FALSE,GII.P31 (GII.Pe),100,,,GII.4,100,Sydney_2012,100
MN588302|HNV13|NA|2019_01_05|H,1,7545,7501,Norovirus GII,,NC_029646.1,FALSE,GII.P31 (GII.Pe),100,,,GII.4,100,Sydney_2012,100
MN588303|HNV16|NA|2019_01_03|H,1,7545,7501,Norovirus GII,,NC_029646.1,FALSE,GII.P31 (GII.Pe),100,,,GII.4,100,Sydney_2012,100
MN588304|HNV20|NA|2019_01_29|H,1,7545,7501,Norovirus GII,,NC_029646.1,FALSE,GII.P31 (GII.Pe),100,,,GII.4,100,Sydney_2012,100
MN588305|HNV21|NA|2019_08_03|H,1,7545,7501,Norovirus GII,,NC_029646.1,FALSE,GII.P31 (GII.Pe),100,,,GII.4,100,Sydney_2012,100
MN588306|HNV22|NA|2019_08_03|H,1,7545,7501,Norovirus GII,,NC_029646.1,FALSE,GII.P31 (GII.Pe),100,,,GII.4,100,Sydney_2012,100
MN588307|QNV114|NA|2019_01_12|,1,7545,7501,Norovirus GII,,NC_029646.1,FALSE,GII.P31 (GII.Pe),100,,,GII.4,100,Sydney_2012,100
LC597111|GIIHuID2015GII.13P16S,8,7498,7518,Norovirus GII,,NC_029646.1,FALSE,GII.P16,100,,,GII.13,100,,
LC597112|GIIHuID2016GII.17P17S,1,7542,7518,Norovirus GII,,NC_029646.1,FALSE,GII.P17,100,,,GII.17,100,,
LC597113|GIIHuID2016GII.13P16S,11,7456,7495,Norovirus GII,,NC_029646.1,FALSE,GII.P16,100,,,GII.13,100,,
LC597114|GIIHuID2016GII.4Sydne,13,7532,7503,Norovirus GII,,NC_029646.1,FALSE,GII.P31 (GII.Pe),100,,,GII.4,100,Sydney_2012,100
LC597115|GIIHuID2016GII.4Sydne,27,7547,7518,Norovirus GII,,NC_029646.1,FALSE,GII.P31 (GII.Pe),100,,,GII.4,100,Sydney_2012,100
LC597116|GIIHuID2016GII.4Sydne,13,7495,7471,Norovirus GII,,NC_029646.1,FALSE,GII.P31 (GII.Pe),100,,,GII.4,100,Sydney_2012,100
LC597117|GIIHuID2017GII.13P16S,13,7525,7512,Norovirus GII,,NC_029646.1,FALSE,GII.P16,100,,,GII.3,100,,
LC597119|GIIHuID2015GII.13P16S,15,7445,7488,Norovirus GII,,NC_029646.1,FALSE,GII.P16,100,,,GII.13,100,,
LC597120|GIIHuID2015GII.6P33ST,7,7588,7518,Norovirus GII,,NC_029646.1,FALSE,GII.P33 (GII.Pg),100,,,GII.1,100,,
LC597121|GIIHuID2015GII.6P7STM,1,7589,7518,Norovirus GII,,NC_029646.1,FALSE,GII.P7,100,,,GII.6,100,,
LC597122|GIIHuID2015GII.13P16S,15,7416,7460,Norovirus GII,,NC_029646.1,FALSE,GII.P16,100,,,GII.13,100,,
LC597123|GIIHuID2015GII.6P7STM,13,7478,7463,Norovirus GII,,NC_029646.1,FALSE,GII.P7,100,,,GII.6,100,,
LC597124|GIIHuID2015GII.6P7STM,9,7508,7491,Norovirus GII,,NC_029646.1,FALSE,GII.P7,100,,,GII.6,100,,
LC597125|GIIHuID2016GII.3P12ST,15,7526,7518,Norovirus GII,,NC_029646.1,FALSE,GII.P12,100,,,GII.3,100,,
LC597126|GIIHuID2016GII.13P16S,11,7510,7518,Norovirus GII,,NC_029646.1,FALSE,GII.P16,100,,,GII.13,100,,
LC597127|GIIHuID2016_GII.4Sydn,6,7566,7518,Norovirus GII,,NC_029646.1,FALSE,GII.P31 (GII.Pe),100,,,GII.4,100,Sydney_2012,100
LC597128|GIIHuID2016GII.4Sydne,19,7487,7466,Norovirus GII,,NC_029646.1,FALSE,GII.P31 (GII.Pe),100,,,GII.4,100,Sydney_2012,100
LC597129|GIIHuID2016GII.4Sydne,5,7501,7466,Norovirus GII,,NC_029646.1,FALSE,GII.P31 (GII.Pe),100,,,GII.4,100,Sydney_2012,100
LC597130|GIIHuID2016GII.4Sydne,22,7489,7471,Norovirus GII,,NC_029646.1,FALSE,GII.P31 (GII.Pe),100,,,GII.4,100,Sydney_2012,100
LC597131|GIIHuID2016GII.6P7STM,13,7497,7482,Norovirus GII,,NC_029646.1,FALSE,GII.P7,100,,,GII.6,100,,
LC597132|GIIHuID2016GII.3P12ST,1,7586,7518,Norovirus GII,,NC_029646.1,FALSE,GII.P12,100,,,GII.3,100,,
LC597133|GIIHuID2016GII.4Sydne,16,7545,7518,Norovirus GII,,NC_029646.1,FALSE,GII.P16,100,,,GII.4,100,Sydney_2012,100
MW445537|18N239|NA|2018_10_19|,12,7684,7608,Norovirus GI,,NC_001959.2,FALSE,GI.P13 (GI.Pd),100,,,GI.3,92,,
MT735394|HuNL2017_GII.4_Hong_K,5,7552,7518,Norovirus GII,,NC_029646.1,FALSE,GII.P31 (GII.Pe),100,,,GII.4,100,Hong_Kong_2019,100
MW559990|KLF_NOV_004|NA|2019_0,5,7443,7405,Norovirus GII,,NC_029646.1,FALSE,GII.P31 (GII.Pe),100,,,GII.4,100,Sydney_2012,100
MW559991|KLF_NOV_003|NA|2019_0,5,7443,7405,Norovirus GII,,NC_029646.1,FALSE,GII.P31 (GII.Pe),100,,,GII.4,100,Sydney_2012,100
MW559992|KLF_NOV_005|NA|2019_0,5,7439,7401,Norovirus GII,,NC_029646.1,FALSE,GII.P31 (GII.Pe),100,,,GII.4,100,Sydney_2012,100
MW559993|KLF_NOV_002|NA|2019_0,5,7443,7405,Norovirus GII,,NC_029646.1,FALSE,GII.P31 (GII.Pe),100,,,GII.4,100,Sydney_2012,100
MW559994|KLF_NOV_001|NA|2019_0,5,7445,7407,Norovirus GII,,NC_029646.1,FALSE,GII.P31 (GII.Pe),100,,,GII.4,100,Sydney_2012,100
MT256120|080_GII.P16_GII.3_Pal,5,6724,6692,Norovirus GII,,NC_029646.1,FALSE,GII.P16,100,,,GII.3,100,,
MT256116|017_GII.P16_GII.3_Nov,11,6718,6692,Norovirus GII,,NC_029646.1,FALSE,GII.P16,100,,,GII.3,100,,
MT158850|3_GII.P7_GII.6|NA|201,5,7506,7471,Norovirus GII,,NC_029646.1,FALSE,GII.P7,100,,,GII.6,100,,
MT158851|8_GII.P16_GII.2|NA|20,5,7488,7471,Norovirus GII,,NC_029646.1,FALSE,GII.P16,100,,,GII.2,100,,
MT158852|14_GII.P16_GII.2|NA|2,5,7488,7471,Norovirus GII,,NC_029646.1,FALSE,GII.P16,100,,,GII.2,100,,
MT158853|21_GII.P16_GII.2|NA|2,5,7488,7471,Norovirus GII,,NC_029646.1,FALSE,GII.P16,100,,,GII.2,100,,
MT158854|25_GII.P12_GII.3|NA|2,5,7491,7471,Norovirus GII,,NC_029646.1,FALSE,GII.P12,98,,,GII.3,100,,
MT158855|35_GII.P16_GII.2|NA|2,5,7488,7471,Norovirus GII,,NC_029646.1,FALSE,GII.P16,100,,,GII.2,100,,
MT158856|43_GII.P16_GII.2|NA|2,5,7488,7471,Norovirus GII,,NC_029646.1,FALSE,GII.P16,100,,,GII.2,100,,
MT158857|48_GII.P16_GII.2|NA|2,5,7488,7471,Norovirus GII,,NC_029646.1,FALSE,GII.P16,100,,,GII.2,100,,
MT158858|xbfx1926|NA|2019_10_3,5,7509,7471,Norovirus GII,,NC_029646.1,FALSE,GII.P31 (GII.Pe),100,,,GII.4,100,Sydney_2012,100
