Accession	Virus	Strain	Author	Publication_Title	Journal	Database
Fred_Hutch_seq_131	Mumps	Wisconsin.USA/15.06/FH131/G	Moncla et al	Unpublished		Genbank
JX287385	Mumps	Iowa.USA/06/G	Kirkness et al	Direct Submission	Submitted (12-JUN-2012) J. Craig Venter Institute, 9704 Medical Center Drive, Rockville, MD 20850, USA	Genbank
Fred_Hutch_seq_159	Mumps	Wisconsin.USA/28.06/FH159/G	Moncla et al	Unpublished		Genbank
Fred_Hutch_seq_93	Mumps	Wisconsin.USA/37.06/FH93/G	Moncla et al	Unpublished		Genbank
Fred_Hutch_seq_99	Mumps	Wisconsin.USA/41.06/FH99/G	Moncla et al	Unpublished		Genbank
Fred_Hutch_seq_153	Mumps	Wisconsin.USA/41.06/FH153/G	Moncla et al	Unpublished		Genbank
Fred_Hutch_seq_107	Mumps	Wisconsin.USA/7.07/FH107/G	Moncla et al	Unpublished		Genbank
Fred_Hutch_seq_108	Mumps	Wisconsin.USA/11.07/FH108/G	Moncla et al	Unpublished		Genbank
Fred_Hutch_seq_109	Mumps	Wisconsin.USA/11.07/FH109/G	Moncla et al	Unpublished		Genbank
Fred_Hutch_seq_154	Mumps	Wisconsin.USA/7.07/FH154/G	Moncla et al	Unpublished		Genbank
KY006856	Mumps	Ontario.CAN/37.09/G	Eshaghi et al	A Review of Laboratory Testing During a Mumps Outbreak in Ontario, Canada	Unpublished	Genbank
BCCDC26	Mumps	BritishColumbia.CAN/14.11/2/G	Gardy et al	Unpublished		Genbank
KY680537	Mumps	Ontario.CAN/38.09/2/G	Eshaghi et al	Mumps Outbreak in Ontario, Canada 2009-2010	Unpublished	Genbank
KY680538	Mumps	Ontario.CAN/40.09/1/G	Eshaghi et al	Mumps Outbreak in Ontario, Canada 2009-2010	Unpublished	Genbank
KY680539	Mumps	Ontario.CAN/50.09/1/G	Eshaghi et al	Mumps Outbreak in Ontario, Canada 2009-2010	Unpublished	Genbank
KY680540	Mumps	Ontario.CAN/50.09/3/G	Eshaghi et al	Mumps Outbreak in Ontario, Canada 2009-2010	Unpublished	Genbank
KY969482	Mumps	California.USA/40.11/G	Espinosa et al	Direct Submission	Submitted (20-APR-2017) Viral and Rickettsial Disease Laboratory, California Department of Public Health, 850 Marina Bay Parkway, Richmond, CA 94804, USA	Genbank
MG986442	Mumps	NewJersey.USA/16.14/2/G	Bankamp et al	Mumps rubulavirus sample sequencing from the 2016-2017 outbreak in Massachusetts	Unpublished	Genbank
MG986387	Mumps	Indiana.USA/5.14/G	Bankamp et al	Mumps rubulavirus sample sequencing from the 2016-2017 outbreak in Massachusetts	Unpublished	Genbank
Fred_Hutch_seq_110	Mumps	Wisconsin.USA/16.14/FH110/G	Moncla et al	Unpublished		Genbank
Fred_Hutch_seq_85	Mumps	Wisconsin.USA/16.14/FH85/G	Moncla et al	Unpublished		Genbank
Fred_Hutch_seq_112	Mumps	Wisconsin.USA/24.14/FH112/G	Moncla et al	Unpublished		Genbank
Fred_Hutch_seq_113	Mumps	Wisconsin.USA/29.14/FH113/G	Moncla et al	Unpublished		Genbank
Fred_Hutch_seq_111	Mumps	Wisconsin.USA/20.14/FH111/G	Moncla et al	Unpublished		Genbank
MG986436	Mumps	NewYork.USA/10.14/3/G	Bankamp et al	Mumps rubulavirus sample sequencing from the 2016-2017 outbreak in Massachusetts	Unpublished	Genbank
Broad_sequence_52	Mumps	NewYork.USA/10.14/2/G	Wohl et al	Unpublished		Genbank
Fred_Hutch_seq_86	Mumps	Wisconsin.USA/20.14/FH86/G	Moncla et al	Unpublished		Genbank
MG986410	Mumps	NewYork.USA.USA/51.14/G	Bankamp et al	Mumps rubulavirus sample sequencing from the 2016-2017 outbreak in Massachusetts	Unpublished	Genbank
MG986395	Mumps	NewYork.USA/8.14/G	Bankamp et al	Mumps rubulavirus sample sequencing from the 2016-2017 outbreak in Massachusetts	Unpublished	Genbank
MG986451	Mumps	Ohio.USA/13.14/10/G	Bankamp et al	Mumps rubulavirus sample sequencing from the 2016-2017 outbreak in Massachusetts	Unpublished	Genbank
MG986409	Mumps	Ohio.USA/12.14/9/G	Bankamp et al	Mumps rubulavirus sample sequencing from the 2016-2017 outbreak in Massachusetts	Unpublished	Genbank
MG986455	Mumps	Ohio.USA/13.14/6/G	Bankamp et al	Mumps rubulavirus sample sequencing from the 2016-2017 outbreak in Massachusetts	Unpublished	Genbank
MG986450	Mumps	Michigan.USA/12.14/G	Bankamp et al	Mumps rubulavirus sample sequencing from the 2016-2017 outbreak in Massachusetts	Unpublished	Genbank
MG986390	Mumps	Ohio.USA/16.14/2/G	Bankamp et al	Mumps rubulavirus sample sequencing from the 2016-2017 outbreak in Massachusetts	Unpublished	Genbank
MG986449	Mumps	Ohio.USA/16.14/1/G	Bankamp et al	Mumps rubulavirus sample sequencing from the 2016-2017 outbreak in Massachusetts	Unpublished	Genbank
MG986446	Mumps	Ohio.USA/13.14/7/G	Bankamp et al	Mumps rubulavirus sample sequencing from the 2016-2017 outbreak in Massachusetts	Unpublished	Genbank
MG986426	Mumps	Ohio.USA/11.14/2/G	Bankamp et al	Mumps rubulavirus sample sequencing from the 2016-2017 outbreak in Massachusetts	Unpublished	Genbank
MF965312	Mumps	Massachusetts.USA/20.16/2/G	Byrne et al	Mumps rubulavirus sample sequencing from the 2016-2017 outbreak in Massachusetts	Unpublished	Genbank
Fred_Hutch_seq_102	Mumps	Ohio.USA/2.18/FH102/G	Moncla et al	Unpublished		Genbank
MF965207	Mumps	Massachusetts.USA/46.16/5/G	Byrne et al	Mumps rubulavirus sample sequencing from the 2016-2017 outbreak in Massachusetts	Unpublished	Genbank
MF965262	Mumps	Massachusetts.USA/37.15/1/G	Byrne et al	Mumps rubulavirus sample sequencing from the 2016-2017 outbreak in Massachusetts	Unpublished	Genbank
MF965213	Mumps	Massachusetts.USA/13.16/4/G	Byrne et al	Mumps rubulavirus sample sequencing from the 2016-2017 outbreak in Massachusetts	Unpublished	Genbank
Fred_Hutch_seq_53	Mumps	Washington.USA/19.17/FH53/G	Moncla et al	Unpublished		Genbank
BCCDC107	Mumps	BritishColumbia.CAN/11.16/G	Gardy et al	Unpublished		Genbank
Fred_Hutch_seq_79	Mumps	Washington.USA/16.17/FH79/G	Moncla et al	Unpublished		Genbank
Fred_Hutch_seq_135	Mumps	Missouri.USA/15.17/FH135/G	Moncla et al	Unpublished		Genbank
BCCDC21	Mumps	Manitoba.CAN/43.16/11/G	Gardy et al	Unpublished		Genbank
BCCDC23	Mumps	Manitoba.CAN/44.16/15/G	Gardy et al	Unpublished		Genbank
BCCDC24	Mumps	Manitoba.CAN/47.16/4/G	Gardy et al	Unpublished		Genbank
BCCDC22	Mumps	Manitoba.CAN/43.16/5/G	Gardy et al	Unpublished		Genbank
Ontario_outbreak_17	Mumps	Ontario.CAN/13.17/1/G	Stapleton et al	Unpublished		Genbank
Ontario_outbreak_19	Mumps	Ontario.CAN/09.17/1/G	Stapleton et al	Unpublished		Genbank
Ontario_outbreak_12	Mumps	Ontario.CAN/12.17/1/G	Stapleton et al	Unpublished		Genbank
Fred_Hutch_seq_40	Mumps	Washington.USA/17.17/FH40/G	Moncla et al	Unpublished		Genbank
Ontario_outbreak_22	Mumps	Ontario.CAN/06.17/2/G	Stapleton et al	Unpublished		Genbank
Ontario_outbreak_3	Mumps	Ontario.CAN/09.17/6/G	Stapleton et al	Unpublished		Genbank
Ontario_outbreak_5	Mumps	Ontario.CAN/09.17/8/G	Stapleton et al	Unpublished		Genbank
Ontario_outbreak_14	Mumps	Ontario.CAN/12.17/3/G	Stapleton et al	Unpublished		Genbank
Ontario_outbreak_13	Mumps	Ontario.CAN/12.17/2/G	Stapleton et al	Unpublished		Genbank
Ontario_outbreak_7	Mumps	Ontario.CAN/09.17/10/G	Stapleton et al	Unpublished		Genbank
Ontario_outbreak_20	Mumps	Ontario.CAN/04.17/1/G	Stapleton et al	Unpublished		Genbank
Ontario_outbreak_26	Mumps	Ontario.CAN/09.17/3/G	Stapleton et al	Unpublished		Genbank
Ontario_outbreak_16	Mumps	Ontario.CAN/12.17/5/G	Stapleton et al	Unpublished		Genbank
Ontario_outbreak_4	Mumps	Ontario.CAN/09.17/7/G	Stapleton et al	Unpublished		Genbank
MG986382	Mumps	Massachusetts.USA/52.16/G	Byrne et al	Mumps rubulavirus sample sequencing from the 2016-2017 outbreak in Massachusetts	Unpublished	Genbank
Fred_Hutch_seq_96	Mumps	Washington.USA/11.17/FH96/G	Moncla et al	Unpublished		Genbank
Ontario_outbreak_9	Mumps	Ontario.CAN/06.17/4/G	Stapleton et al	Unpublished		Genbank
Ontario_outbreak_6	Mumps	Ontario.CAN/09.17/9/G	Stapleton et al	Unpublished		Genbank
BCCDC61	Mumps	BritishColumbia.CAN/8.17/5/G	Gardy et al	Unpublished		Genbank
BCCDC62	Mumps	BritishColumbia.CAN/8.17/8/G	Gardy et al	Unpublished		Genbank
BCCDC98	Mumps	BritishColumbia.CAN/8.17/2/G	Gardy et al	Unpublished		Genbank
Ontario_outbreak_1	Mumps	Ontario.CAN/09.17/4/G	Stapleton et al	Unpublished		Genbank
Ontario_outbreak_15	Mumps	Ontario.CAN/12.17/4/G	Stapleton et al	Unpublished		Genbank
Ontario_outbreak_8	Mumps	Ontario.CAN/06.17/3/G	Stapleton et al	Unpublished		Genbank
Ontario_outbreak_21	Mumps	Ontario.CAN/06.17/1/G	Stapleton et al	Unpublished		Genbank
Ontario_outbreak_23	Mumps	Ontario.CAN/07.17/1/G	Stapleton et al	Unpublished		Genbank
Ontario_outbreak_24	Mumps	Ontario.CAN/08.17/2/G	Stapleton et al	Unpublished		Genbank
Ontario_outbreak_25	Mumps	Ontario.CAN/09.17/2/G	Stapleton et al	Unpublished		Genbank
Ontario_outbreak_11	Mumps	Ontario.CAN/08.17/3/G	Stapleton et al	Unpublished		Genbank
Ontario_outbreak_18	Mumps	Ontario.CAN/13.17/2/G	Stapleton et al	Unpublished		Genbank
MG986420	Mumps	Montana.USA/11.16/G	Bankamp et al	Mumps rubulavirus sample sequencing from the 2016-2017 outbreak in Massachusetts	Unpublished	Genbank
MF965299	Mumps	Massachusetts.USA/30.16/1/G	Byrne et al	Mumps rubulavirus sample sequencing from the 2016-2017 outbreak in Massachusetts	Unpublished	Genbank
MF965202	Mumps	Massachusetts.USA/27.16/1/G	Byrne et al	Mumps rubulavirus sample sequencing from the 2016-2017 outbreak in Massachusetts	Unpublished	Genbank
MF965308	Mumps	Massachusetts.USA/46.16/7/G	Byrne et al	Mumps rubulavirus sample sequencing from the 2016-2017 outbreak in Massachusetts	Unpublished	Genbank
MF965273	Mumps	Massachusetts.USA/45.16/2/G	Byrne et al	Mumps rubulavirus sample sequencing from the 2016-2017 outbreak in Massachusetts	Unpublished	Genbank
MF965283	Mumps	Massachusetts.USA/43.16/2/G	Byrne et al	Mumps rubulavirus sample sequencing from the 2016-2017 outbreak in Massachusetts	Unpublished	Genbank
MF965232	Mumps	Massachusetts.USA/44.16/1/G	Byrne et al	Mumps rubulavirus sample sequencing from the 2016-2017 outbreak in Massachusetts	Unpublished	Genbank
MF965306	Mumps	Massachusetts.USA/39.16/1/G	Byrne et al	Mumps rubulavirus sample sequencing from the 2016-2017 outbreak in Massachusetts	Unpublished	Genbank
MF965282	Mumps	Massachusetts.USA/46.16/1/G	Byrne et al	Mumps rubulavirus sample sequencing from the 2016-2017 outbreak in Massachusetts	Unpublished	Genbank
MF965204	Mumps	Massachusetts.USA/46.16/6/G	Byrne et al	Mumps rubulavirus sample sequencing from the 2016-2017 outbreak in Massachusetts	Unpublished	Genbank
MF965301	Mumps	Massachusetts.USA/42.16/1/G	Byrne et al	Mumps rubulavirus sample sequencing from the 2016-2017 outbreak in Massachusetts	Unpublished	Genbank
MF965201	Mumps	Massachusetts.USA/45.16/4/G	Byrne et al	Mumps rubulavirus sample sequencing from the 2016-2017 outbreak in Massachusetts	Unpublished	Genbank
MF965221	Mumps	Massachusetts.USA/45.16/3/G	Byrne et al	Mumps rubulavirus sample sequencing from the 2016-2017 outbreak in Massachusetts	Unpublished	Genbank
MF965285	Mumps	Massachusetts.USA/45.16/1/G	Byrne et al	Mumps rubulavirus sample sequencing from the 2016-2017 outbreak in Massachusetts	Unpublished	Genbank
MF965198	Mumps	Massachusetts.USA/50.16/1/G	Byrne et al	Mumps rubulavirus sample sequencing from the 2016-2017 outbreak in Massachusetts	Unpublished	Genbank
MF965236	Mumps	Massachusetts.USA/43.16/1/G	Byrne et al	Mumps rubulavirus sample sequencing from the 2016-2017 outbreak in Massachusetts	Unpublished	Genbank
MF965298	Mumps	Massachusetts.USA/10.16/3/G	Byrne et al	Mumps rubulavirus sample sequencing from the 2016-2017 outbreak in Massachusetts	Unpublished	Genbank
MF965305	Mumps	Massachusetts.USA/14.16/1/G	Byrne et al	Mumps rubulavirus sample sequencing from the 2016-2017 outbreak in Massachusetts	Unpublished	Genbank
MF965218	Mumps	Massachusetts.USA/10.16/13/G	Byrne et al	Mumps rubulavirus sample sequencing from the 2016-2017 outbreak in Massachusetts	Unpublished	Genbank
MF965200	Mumps	Massachusetts.USA/16.16/13/G	Byrne et al	Mumps rubulavirus sample sequencing from the 2016-2017 outbreak in Massachusetts	Unpublished	Genbank
MF965224	Mumps	Massachusetts.USA/17.16/8/G	Byrne et al	Mumps rubulavirus sample sequencing from the 2016-2017 outbreak in Massachusetts	Unpublished	Genbank
MF965264	Mumps	Massachusetts.USA/10.16/7/G	Byrne et al	Mumps rubulavirus sample sequencing from the 2016-2017 outbreak in Massachusetts	Unpublished	Genbank
MF965310	Mumps	Massachusetts.USA/10.16/8/G	Byrne et al	Mumps rubulavirus sample sequencing from the 2016-2017 outbreak in Massachusetts	Unpublished	Genbank
MF965277	Mumps	Massachusetts.USA/11.16/4/G	Byrne et al	Mumps rubulavirus sample sequencing from the 2016-2017 outbreak in Massachusetts	Unpublished	Genbank
MF965254	Mumps	Massachusetts.USA/8.16/3/G	Byrne et al	Mumps rubulavirus sample sequencing from the 2016-2017 outbreak in Massachusetts	Unpublished	Genbank
MF965225	Mumps	Massachusetts.USA/10.16/2/G	Byrne et al	Mumps rubulavirus sample sequencing from the 2016-2017 outbreak in Massachusetts	Unpublished	Genbank
MF965241	Mumps	Massachusetts.USA/16.16/1/G	Byrne et al	Mumps rubulavirus sample sequencing from the 2016-2017 outbreak in Massachusetts	Unpublished	Genbank
MF965293	Mumps	Massachusetts.USA/12.16/4/G	Byrne et al	Mumps rubulavirus sample sequencing from the 2016-2017 outbreak in Massachusetts	Unpublished	Genbank
MF965313	Mumps	Massachusetts.USA/17.16/1/G	Byrne et al	Mumps rubulavirus sample sequencing from the 2016-2017 outbreak in Massachusetts	Unpublished	Genbank
MF965276	Mumps	Massachusetts.USA/17.16/10/G	Byrne et al	Mumps rubulavirus sample sequencing from the 2016-2017 outbreak in Massachusetts	Unpublished	Genbank
MF965211	Mumps	Massachusetts.USA/17.16/11/G	Byrne et al	Mumps rubulavirus sample sequencing from the 2016-2017 outbreak in Massachusetts	Unpublished	Genbank
MF965235	Mumps	Massachusetts.USA/8.16/6/G	Byrne et al	Mumps rubulavirus sample sequencing from the 2016-2017 outbreak in Massachusetts	Unpublished	Genbank
MF965268	Mumps	Massachusetts.USA/8.16/5/G	Byrne et al	Mumps rubulavirus sample sequencing from the 2016-2017 outbreak in Massachusetts	Unpublished	Genbank
MF965227	Mumps	Massachusetts.USA/9.16/1/G	Byrne et al	Mumps rubulavirus sample sequencing from the 2016-2017 outbreak in Massachusetts	Unpublished	Genbank
MF965266	Mumps	Massachusetts.USA/10.16/1/G	Byrne et al	Mumps rubulavirus sample sequencing from the 2016-2017 outbreak in Massachusetts	Unpublished	Genbank
MF965291	Mumps	Massachusetts.USA/11.16/3/G	Byrne et al	Mumps rubulavirus sample sequencing from the 2016-2017 outbreak in Massachusetts	Unpublished	Genbank
MF965256	Mumps	Massachusetts.USA/12.16/2/G	Byrne et al	Mumps rubulavirus sample sequencing from the 2016-2017 outbreak in Massachusetts	Unpublished	Genbank
MF965275	Mumps	Massachusetts.USA/11.16/5/G	Byrne et al	Mumps rubulavirus sample sequencing from the 2016-2017 outbreak in Massachusetts	Unpublished	Genbank
MF965239	Mumps	Massachusetts.USA/14.16/2/G	Byrne et al	Mumps rubulavirus sample sequencing from the 2016-2017 outbreak in Massachusetts	Unpublished	Genbank
MF965244	Mumps	Massachusetts.USA/10.16/12/G	Byrne et al	Mumps rubulavirus sample sequencing from the 2016-2017 outbreak in Massachusetts	Unpublished	Genbank
MF965318	Mumps	Massachusetts.USA/10.16/4/G	Byrne et al	Mumps rubulavirus sample sequencing from the 2016-2017 outbreak in Massachusetts	Unpublished	Genbank
MF965280	Mumps	Massachusetts.USA/17.16/7/G	Byrne et al	Mumps rubulavirus sample sequencing from the 2016-2017 outbreak in Massachusetts	Unpublished	Genbank
MF965214	Mumps	Massachusetts.USA/15.16/1/G	Byrne et al	Mumps rubulavirus sample sequencing from the 2016-2017 outbreak in Massachusetts	Unpublished	Genbank
MF965240	Mumps	Massachusetts.USA/8.16/1/G	Byrne et al	Mumps rubulavirus sample sequencing from the 2016-2017 outbreak in Massachusetts	Unpublished	Genbank
MF965234	Mumps	Massachusetts.USA/8.16/2/G	Byrne et al	Mumps rubulavirus sample sequencing from the 2016-2017 outbreak in Massachusetts	Unpublished	Genbank
MF965272	Mumps	Massachusetts.USA/17.16/12/G	Byrne et al	Mumps rubulavirus sample sequencing from the 2016-2017 outbreak in Massachusetts	Unpublished	Genbank
MF965228	Mumps	Massachusetts.USA/15.16/2/G	Byrne et al	Mumps rubulavirus sample sequencing from the 2016-2017 outbreak in Massachusetts	Unpublished	Genbank
MF965197	Mumps	Massachusetts.USA/9.16/4/G	Byrne et al	Mumps rubulavirus sample sequencing from the 2016-2017 outbreak in Massachusetts	Unpublished	Genbank
MF965270	Mumps	Massachusetts.USA/10.16/9/G	Byrne et al	Mumps rubulavirus sample sequencing from the 2016-2017 outbreak in Massachusetts	Unpublished	Genbank
MF965274	Mumps	Massachusetts.USA/13.16/1/G	Byrne et al	Mumps rubulavirus sample sequencing from the 2016-2017 outbreak in Massachusetts	Unpublished	Genbank
MF965242	Mumps	Massachusetts.USA/16.16/4/G	Byrne et al	Mumps rubulavirus sample sequencing from the 2016-2017 outbreak in Massachusetts	Unpublished	Genbank
MF965278	Mumps	Massachusetts.USA/12.16/3/G	Byrne et al	Mumps rubulavirus sample sequencing from the 2016-2017 outbreak in Massachusetts	Unpublished	Genbank
MF965251	Mumps	Massachusetts.USA/16.16/9/G	Byrne et al	Mumps rubulavirus sample sequencing from the 2016-2017 outbreak in Massachusetts	Unpublished	Genbank
MF965237	Mumps	Massachusetts.USA/22.16/2/G	Byrne et al	Mumps rubulavirus sample sequencing from the 2016-2017 outbreak in Massachusetts	Unpublished	Genbank
MF965261	Mumps	Massachusetts.USA/19.16/10/G	Byrne et al	Mumps rubulavirus sample sequencing from the 2016-2017 outbreak in Massachusetts	Unpublished	Genbank
MF965259	Mumps	Massachusetts.USA/16.16/7/G	Byrne et al	Mumps rubulavirus sample sequencing from the 2016-2017 outbreak in Massachusetts	Unpublished	Genbank
MF965289	Mumps	Massachusetts.USA/17.16/9/G	Byrne et al	Mumps rubulavirus sample sequencing from the 2016-2017 outbreak in Massachusetts	Unpublished	Genbank
MF965250	Mumps	Massachusetts.USA/16.16/3/G	Byrne et al	Mumps rubulavirus sample sequencing from the 2016-2017 outbreak in Massachusetts	Unpublished	Genbank
MF965233	Mumps	Massachusetts.USA/16.16/15/G	Byrne et al	Mumps rubulavirus sample sequencing from the 2016-2017 outbreak in Massachusetts	Unpublished	Genbank
MF965263	Mumps	Massachusetts.USA/16.16/17/G	Byrne et al	Mumps rubulavirus sample sequencing from the 2016-2017 outbreak in Massachusetts	Unpublished	Genbank
MF965288	Mumps	Massachusetts.USA/16.16/18/G	Byrne et al	Mumps rubulavirus sample sequencing from the 2016-2017 outbreak in Massachusetts	Unpublished	Genbank
MF965265	Mumps	Massachusetts.USA/18.16/1/G	Byrne et al	Mumps rubulavirus sample sequencing from the 2016-2017 outbreak in Massachusetts	Unpublished	Genbank
MF965311	Mumps	Massachusetts.USA/20.16/1/G	Byrne et al	Mumps rubulavirus sample sequencing from the 2016-2017 outbreak in Massachusetts	Unpublished	Genbank
MF965199	Mumps	Massachusetts.USA/19.16/5/G	Byrne et al	Mumps rubulavirus sample sequencing from the 2016-2017 outbreak in Massachusetts	Unpublished	Genbank
MF965249	Mumps	Massachusetts.USA/18.16/3/G	Byrne et al	Mumps rubulavirus sample sequencing from the 2016-2017 outbreak in Massachusetts	Unpublished	Genbank
MF965303	Mumps	Massachusetts.USA/19.16/3/G	Byrne et al	Mumps rubulavirus sample sequencing from the 2016-2017 outbreak in Massachusetts	Unpublished	Genbank
MF965203	Mumps	Massachusetts.USA/19.16/7/G	Byrne et al	Mumps rubulavirus sample sequencing from the 2016-2017 outbreak in Massachusetts	Unpublished	Genbank
MF965226	Mumps	Massachusetts.USA/22.16/1/G	Byrne et al	Mumps rubulavirus sample sequencing from the 2016-2017 outbreak in Massachusetts	Unpublished	Genbank
MF965206	Mumps	Massachusetts.USA/16.16/16/G	Byrne et al	Mumps rubulavirus sample sequencing from the 2016-2017 outbreak in Massachusetts	Unpublished	Genbank
MF965246	Mumps	Massachusetts.USA/17.16/13/G	Byrne et al	Mumps rubulavirus sample sequencing from the 2016-2017 outbreak in Massachusetts	Unpublished	Genbank
MF965269	Mumps	Massachusetts.USA/16.16/19/G	Byrne et al	Mumps rubulavirus sample sequencing from the 2016-2017 outbreak in Massachusetts	Unpublished	Genbank
MF965255	Mumps	Massachusetts.USA/16.16/10/G	Byrne et al	Mumps rubulavirus sample sequencing from the 2016-2017 outbreak in Massachusetts	Unpublished	Genbank
MF965243	Mumps	Massachusetts.USA/16.16/14/G	Byrne et al	Mumps rubulavirus sample sequencing from the 2016-2017 outbreak in Massachusetts	Unpublished	Genbank
MF965238	Mumps	Massachusetts.USA/18.16/2/G	Byrne et al	Mumps rubulavirus sample sequencing from the 2016-2017 outbreak in Massachusetts	Unpublished	Genbank
MF965252	Mumps	Massachusetts.USA/19.16/1/G	Byrne et al	Mumps rubulavirus sample sequencing from the 2016-2017 outbreak in Massachusetts	Unpublished	Genbank
MF965245	Mumps	Massachusetts.USA/16.16/8/G	Byrne et al	Mumps rubulavirus sample sequencing from the 2016-2017 outbreak in Massachusetts	Unpublished	Genbank
MF965279	Mumps	Massachusetts.USA/16.16/6/G	Byrne et al	Mumps rubulavirus sample sequencing from the 2016-2017 outbreak in Massachusetts	Unpublished	Genbank
MF965209	Mumps	Massachusetts.USA/16.16/5/G	Byrne et al	Mumps rubulavirus sample sequencing from the 2016-2017 outbreak in Massachusetts	Unpublished	Genbank
MF965257	Mumps	Massachusetts.USA/16.16/2/G	Byrne et al	Mumps rubulavirus sample sequencing from the 2016-2017 outbreak in Massachusetts	Unpublished	Genbank
MF965247	Mumps	Massachusetts.USA/17.16/4/G	Byrne et al	Mumps rubulavirus sample sequencing from the 2016-2017 outbreak in Massachusetts	Unpublished	Genbank
MF965316	Mumps	Massachusetts.USA/17.16/2/G	Byrne et al	Mumps rubulavirus sample sequencing from the 2016-2017 outbreak in Massachusetts	Unpublished	Genbank
MF965296	Mumps	Massachusetts.USA/17.16/3/G	Byrne et al	Mumps rubulavirus sample sequencing from the 2016-2017 outbreak in Massachusetts	Unpublished	Genbank
MF965196	Mumps	Massachusetts.USA/17.16/6/G	Byrne et al	Mumps rubulavirus sample sequencing from the 2016-2017 outbreak in Massachusetts	Unpublished	Genbank
MF965230	Mumps	Massachusetts.USA/19.16/9/G	Byrne et al	Mumps rubulavirus sample sequencing from the 2016-2017 outbreak in Massachusetts	Unpublished	Genbank
MF965317	Mumps	Massachusetts.USA/19.16/8/G	Byrne et al	Mumps rubulavirus sample sequencing from the 2016-2017 outbreak in Massachusetts	Unpublished	Genbank
MF965210	Mumps	Massachusetts.USA/18.16/4/G	Byrne et al	Mumps rubulavirus sample sequencing from the 2016-2017 outbreak in Massachusetts	Unpublished	Genbank
MF965304	Mumps	Massachusetts.USA/19.16/4/G	Byrne et al	Mumps rubulavirus sample sequencing from the 2016-2017 outbreak in Massachusetts	Unpublished	Genbank
MF965309	Mumps	Massachusetts.USA/19.16/2/G	Byrne et al	Mumps rubulavirus sample sequencing from the 2016-2017 outbreak in Massachusetts	Unpublished	Genbank
MG986467	Mumps	Massachusetts.USA/22.17/6/G	Byrne et al	Mumps rubulavirus sample sequencing from the 2016-2017 outbreak in Massachusetts	Unpublished	Genbank
MG986408	Mumps	Massachusetts.USA/26.17/G	Byrne et al	Mumps rubulavirus sample sequencing from the 2016-2017 outbreak in Massachusetts	Unpublished	Genbank
MG986402	Mumps	Massachusetts.USA/22.17/3/G	Byrne et al	Mumps rubulavirus sample sequencing from the 2016-2017 outbreak in Massachusetts	Unpublished	Genbank
MG986413	Mumps	Georgia.USA/13.17/G	Bankamp et al	Mumps rubulavirus sample sequencing from the 2016-2017 outbreak in Massachusetts	Unpublished	Genbank
MG986427	Mumps	Massachusetts.USA/22.17/5/G	Byrne et al	Mumps rubulavirus sample sequencing from the 2016-2017 outbreak in Massachusetts	Unpublished	Genbank
MG986464	Mumps	Massachusetts.USA/24.17/3/G	Byrne et al	Mumps rubulavirus sample sequencing from the 2016-2017 outbreak in Massachusetts	Unpublished	Genbank
MG986400	Mumps	Massachusetts.USA/22.17/G	Byrne et al	Mumps rubulavirus sample sequencing from the 2016-2017 outbreak in Massachusetts	Unpublished	Genbank
MG986447	Mumps	Massachusetts.USA/25.17/7/G	Byrne et al	Mumps rubulavirus sample sequencing from the 2016-2017 outbreak in Massachusetts	Unpublished	Genbank
MG986392	Mumps	Massachusetts.USA/22.17/8/G	Byrne et al	Mumps rubulavirus sample sequencing from the 2016-2017 outbreak in Massachusetts	Unpublished	Genbank
MG986445	Mumps	Massachusetts.USA/21.17/G	Byrne et al	Mumps rubulavirus sample sequencing from the 2016-2017 outbreak in Massachusetts	Unpublished	Genbank
MG986399	Mumps	Massachusetts.USA/22.17/4/G	Byrne et al	Mumps rubulavirus sample sequencing from the 2016-2017 outbreak in Massachusetts	Unpublished	Genbank
MG986428	Mumps	Massachusetts.USA/24.17/4/G	Byrne et al	Mumps rubulavirus sample sequencing from the 2016-2017 outbreak in Massachusetts	Unpublished	Genbank
MG986386	Mumps	Massachusetts.USA/19.17/G	Byrne et al	Mumps rubulavirus sample sequencing from the 2016-2017 outbreak in Massachusetts	Unpublished	Genbank
MG986416	Mumps	Massachusetts.USA/19.17/4/G	Byrne et al	Mumps rubulavirus sample sequencing from the 2016-2017 outbreak in Massachusetts	Unpublished	Genbank
MG986448	Mumps	Massachusetts.USA/24.17/2/G	Byrne et al	Mumps rubulavirus sample sequencing from the 2016-2017 outbreak in Massachusetts	Unpublished	Genbank
MG986459	Mumps	Massachusetts.USA/19.17/3/G	Byrne et al	Mumps rubulavirus sample sequencing from the 2016-2017 outbreak in Massachusetts	Unpublished	Genbank
MG986443	Mumps	Massachusetts.USA/24.17/G	Byrne et al	Mumps rubulavirus sample sequencing from the 2016-2017 outbreak in Massachusetts	Unpublished	Genbank
MG986441	Mumps	Massachusetts.USA/25.17/G	Byrne et al	Mumps rubulavirus sample sequencing from the 2016-2017 outbreak in Massachusetts	Unpublished	Genbank
MG986461	Mumps	Massachusetts.USA/22.17/2/G	Byrne et al	Mumps rubulavirus sample sequencing from the 2016-2017 outbreak in Massachusetts	Unpublished	Genbank
MG986437	Mumps	Massachusetts.USA/21.17/2/G	Byrne et al	Mumps rubulavirus sample sequencing from the 2016-2017 outbreak in Massachusetts	Unpublished	Genbank
MG986462	Mumps	Massachusetts.USA/25.17/4/G	Byrne et al	Mumps rubulavirus sample sequencing from the 2016-2017 outbreak in Massachusetts	Unpublished	Genbank
MG986431	Mumps	Massachusetts.USA/25.17/2/G	Byrne et al	Mumps rubulavirus sample sequencing from the 2016-2017 outbreak in Massachusetts	Unpublished	Genbank
MG986393	Mumps	Massachusetts.USA/13.17/2/G	Byrne et al	Mumps rubulavirus sample sequencing from the 2016-2017 outbreak in Massachusetts	Unpublished	Genbank
MG986421	Mumps	Massachusetts.USA/25.17/3/G	Byrne et al	Mumps rubulavirus sample sequencing from the 2016-2017 outbreak in Massachusetts	Unpublished	Genbank
MF965223	Mumps	Massachusetts.USA/19.16/11/G	Byrne et al	Mumps rubulavirus sample sequencing from the 2016-2017 outbreak in Massachusetts	Unpublished	Genbank
MF965294	Mumps	Massachusetts.USA/22.16/3/G	Byrne et al	Mumps rubulavirus sample sequencing from the 2016-2017 outbreak in Massachusetts	Unpublished	Genbank
MG986463	Mumps	NewHampshire.USA/40.16/G	Bankamp et al	Mumps rubulavirus sample sequencing from the 2016-2017 outbreak in Massachusetts	Unpublished	Genbank
MF965208	Mumps	Massachusetts.USA/27.16/2/G	Byrne et al	Mumps rubulavirus sample sequencing from the 2016-2017 outbreak in Massachusetts	Unpublished	Genbank
MF965295	Mumps	Massachusetts.USA/33.16/1/G	Byrne et al	Mumps rubulavirus sample sequencing from the 2016-2017 outbreak in Massachusetts	Unpublished	Genbank
Fred_Hutch_seq_88	Mumps	Missouri.USA/32.16/FH88/G	Moncla et al	Unpublished		Genbank
MG986406	Mumps	Indiana.USA/48.16/G	Bankamp et al	Mumps rubulavirus sample sequencing from the 2016-2017 outbreak in Massachusetts	Unpublished	Genbank
Fred_Hutch_seq_122	Mumps	Missouri.USA/41.16/FH122/G	Moncla et al	Unpublished		Genbank
Fred_Hutch_seq_124	Mumps	Missouri.USA/46.16/FH124/G	Moncla et al	Unpublished		Genbank
MG986453	Mumps	Indiana.USA/1.17/G	Bankamp et al	Mumps rubulavirus sample sequencing from the 2016-2017 outbreak in Massachusetts	Unpublished	Genbank
MG986440	Mumps	Indiana.USA/49.16/G	Bankamp et al	Mumps rubulavirus sample sequencing from the 2016-2017 outbreak in Massachusetts	Unpublished	Genbank
Fred_Hutch_seq_129	Mumps	Missouri.USA/7.17/FH129/G	Moncla et al	Unpublished		Genbank
Fred_Hutch_seq_125	Mumps	Missouri.USA/50.16/FH125/G	Moncla et al	Unpublished		Genbank
MG986388	Mumps	Massachusetts.USA/8.17/G	Byrne et al	Mumps rubulavirus sample sequencing from the 2016-2017 outbreak in Massachusetts	Unpublished	Genbank
MG986439	Mumps	Massachusetts.USA/14.17/G	Byrne et al	Mumps rubulavirus sample sequencing from the 2016-2017 outbreak in Massachusetts	Unpublished	Genbank
MG986381	Mumps	NorthDakota.USA/15.17/G	Bankamp et al	Mumps rubulavirus sample sequencing from the 2016-2017 outbreak in Massachusetts	Unpublished	Genbank
MG986411	Mumps	NorthDakota.USA/9.17/G	Bankamp et al	Mumps rubulavirus sample sequencing from the 2016-2017 outbreak in Massachusetts	Unpublished	Genbank
MG986417	Mumps	NorthDakota.USA/14.17/G	Bankamp et al	Mumps rubulavirus sample sequencing from the 2016-2017 outbreak in Massachusetts	Unpublished	Genbank
Fred_Hutch_seq_101	Mumps	Missouri.USA/28.17/FH101/G	Moncla et al	Unpublished		Genbank
Fred_Hutch_seq_137	Mumps	Wisconsin.USA/15.17/FH137/G	Moncla et al	Unpublished		Genbank
Fred_Hutch_seq_133	Mumps	Missouri.USA/11.17/FH133/G	Moncla et al	Unpublished		Genbank
Fred_Hutch_seq_141	Mumps	Wisconsin.USA/19.17/FH141/G	Moncla et al	Unpublished		Genbank
Fred_Hutch_seq_44	Mumps	Washington.USA/19.17/FH44/G	Moncla et al	Unpublished		Genbank
MG986435	Mumps	Massachusetts.USA/17.17/G	Byrne et al	Mumps rubulavirus sample sequencing from the 2016-2017 outbreak in Massachusetts	Unpublished	Genbank
MG986389	Mumps	Massachusetts.USA/22.17/9/G	Byrne et al	Mumps rubulavirus sample sequencing from the 2016-2017 outbreak in Massachusetts	Unpublished	Genbank
MG986401	Mumps	Massachusetts.USA/25.17/5/G	Byrne et al	Mumps rubulavirus sample sequencing from the 2016-2017 outbreak in Massachusetts	Unpublished	Genbank
MG986404	Mumps	Massachusetts.USA/25.17/6/G	Byrne et al	Mumps rubulavirus sample sequencing from the 2016-2017 outbreak in Massachusetts	Unpublished	Genbank
MG986407	Mumps	Massachusetts.USA/23.17/G	Byrne et al	Mumps rubulavirus sample sequencing from the 2016-2017 outbreak in Massachusetts	Unpublished	Genbank
Fred_Hutch_seq_138	Mumps	Missouri.USA/15.17/FH138/G	Moncla et al	Unpublished		Genbank
Fred_Hutch_seq_89	Mumps	Wisconsin.USA/15.17/FH89/G	Moncla et al	Unpublished		Genbank
Fred_Hutch_seq_134	Mumps	Missouri.USA/15.17/FH134/G	Moncla et al	Unpublished		Genbank
MG986454	Mumps	Illinois.USA/11.17/G	Bankamp et al	Mumps rubulavirus sample sequencing from the 2016-2017 outbreak in Massachusetts	Unpublished	Genbank
Fred_Hutch_seq_123	Mumps	Missouri.USA/46.16/FH123/G	Moncla et al	Unpublished		Genbank
Fred_Hutch_seq_37	Mumps	Washington.USA/17.17/FH37/G	Moncla et al	Unpublished		Genbank
Fred_Hutch_seq_127	Mumps	Missouri.USA/2.17/FH127/G	Moncla et al	Unpublished		Genbank
MG986423	Mumps	Illinois.USA/14.17/G	Bankamp et al	Mumps rubulavirus sample sequencing from the 2016-2017 outbreak in Massachusetts	Unpublished	Genbank
Fred_Hutch_seq_140	Mumps	Missouri.USA/19.17/FH140/G	Moncla et al	Unpublished		Genbank
Fred_Hutch_seq_139	Mumps	Alabama.USA/15.17/FH139/G	Moncla et al	Unpublished		Genbank
Fred_Hutch_seq_51	Mumps	Washington.USA/6.17/FH51/G	Moncla et al	Unpublished		Genbank
MG986429	Mumps	Kansas.USA/10.17/G	Bankamp et al	Mumps rubulavirus sample sequencing from the 2016-2017 outbreak in Massachusetts	Unpublished	Genbank
MG986456	Mumps	Kansas.USA/8.17/4/G	Bankamp et al	Mumps rubulavirus sample sequencing from the 2016-2017 outbreak in Massachusetts	Unpublished	Genbank
Fred_Hutch_seq_165	Mumps	Missouri.USA/24.17/FH165/G	Moncla et al	Unpublished		Genbank
Fred_Hutch_seq_155	Mumps	Missouri.USA/33.17/FH155/G	Moncla et al	Unpublished		Genbank
MG986403	Mumps	Kansas.USA/9.17/2/G	Bankamp et al	Mumps rubulavirus sample sequencing from the 2016-2017 outbreak in Massachusetts	Unpublished	Genbank
MG986385	Mumps	Kansas.USA/15.17/G	Bankamp et al	Mumps rubulavirus sample sequencing from the 2016-2017 outbreak in Massachusetts	Unpublished	Genbank
Fred_Hutch_seq_164	Mumps	Alabama.USA/7.17/FH164/G	Moncla et al	Unpublished		Genbank
Fred_Hutch_seq_92	Mumps	Alabama.USA/19.17/FH92/G	Moncla et al	Unpublished		Genbank
MG986397	Mumps	Massachusetts.USA/14.17/2/G	Byrne et al	Mumps rubulavirus sample sequencing from the 2016-2017 outbreak in Massachusetts	Unpublished	Genbank
MG986452	Mumps	Kansas.USA/13.17/2/G	Bankamp et al	Mumps rubulavirus sample sequencing from the 2016-2017 outbreak in Massachusetts	Unpublished	Genbank
Fred_Hutch_seq_50	Mumps	Washington.USA/5.17/FH50/G	Moncla et al	Unpublished		Genbank
Fred_Hutch_seq_90	Mumps	Alabama.USA/11.17/FH90/G	Moncla et al	Unpublished		Genbank
MG986418	Mumps	NewJersey.USA/49.14/G	Bankamp et al	Mumps rubulavirus sample sequencing from the 2016-2017 outbreak in Massachusetts	Unpublished	Genbank
MF965222	Mumps	Massachusetts.USA/26.15/1/G	Byrne et al	Mumps rubulavirus sample sequencing from the 2016-2017 outbreak in Massachusetts	Unpublished	Genbank
MG986398	Mumps	NewYork/10.14/2/G	Bankamp et al	Mumps rubulavirus sample sequencing from the 2016-2017 outbreak in Massachusetts	Unpublished	Genbank
Broad_sequence_54	Mumps	NewYork.USA/51.14/G	Wohl et al	Unpublished		Genbank
MG986465	Mumps	Pennsylvania.USA/51.14/G	Bankamp et al	Mumps rubulavirus sample sequencing from the 2016-2017 outbreak in Massachusetts	Unpublished	Genbank
MG986433	Mumps	Virginia.USA/51.14/G	Bankamp et al	Mumps rubulavirus sample sequencing from the 2016-2017 outbreak in Massachusetts	Unpublished	Genbank
BCCDC100	Mumps	BritishColumbia.CAN/28.16/6/G	Gardy et al	Unpublished		Genbank
BCCDC90	Mumps	BritishColumbia.CAN/29.16/5/G	Gardy et al	Unpublished		Genbank
BCCDC101	Mumps	BritishColumbia.CAN/36.16/G	Gardy et al	Unpublished		Genbank
BCCDC85	Mumps	BritishColumbia.CAN/26.16/1/G	Gardy et al	Unpublished		Genbank
BCCDC48	Mumps	BritishColumbia.CAN/25.16/5/G	Gardy et al	Unpublished		Genbank
BCCDC33	Mumps	BritishColumbia.CAN/21.16/2/G	Gardy et al	Unpublished		Genbank
BCCDC34	Mumps	BritishColumbia.CAN/21.16/6/G	Gardy et al	Unpublished		Genbank
BCCDC68	Mumps	BritishColumbia.CAN/28.16/4/G	Gardy et al	Unpublished		Genbank
BCCDC91	Mumps	BritishColumbia.CAN/33.16/2/G	Gardy et al	Unpublished		Genbank
BCCDC30	Mumps	BritishColumbia.CAN/18.16/G	Gardy et al	Unpublished		Genbank
BCCDC71	Mumps	BritishColumbia.CAN/20.16/1/G	Gardy et al	Unpublished		Genbank
BCCDC83	Mumps	BritishColumbia.CAN/19.16/3/G	Gardy et al	Unpublished		Genbank
BCCDC58	Mumps	BritishColumbia.CAN/27.16/4/G	Gardy et al	Unpublished		Genbank
BCCDC81	Mumps	BritishColumbia.CAN/18.16/3/G	Gardy et al	Unpublished		Genbank
BCCDC82	Mumps	BritishColumbia.CAN/19.16/2/G	Gardy et al	Unpublished		Genbank
BCCDC72	Mumps	BritishColumbia.CAN/22.16/2/G	Gardy et al	Unpublished		Genbank
BCCDC18	Mumps	BritishColumbia.CAN/24.16/2/G	Gardy et al	Unpublished		Genbank
BCCDC73	Mumps	BritishColumbia.CAN/23.16/1/G	Gardy et al	Unpublished		Genbank
BCCDC53	Mumps	BritishColumbia.CAN/21.16/4/G	Gardy et al	Unpublished		Genbank
BCCDC70	Mumps	BritishColumbia.CAN/19.16/1/G	Gardy et al	Unpublished		Genbank
BCCDC32	Mumps	BritishColumbia.CAN/19.16/5/G	Gardy et al	Unpublished		Genbank
BCCDC52	Mumps	BritishColumbia.CAN/18.16/2/G	Gardy et al	Unpublished		Genbank
BCCDC31	Mumps	BritishColumbia.CAN/18.16/4/G	Gardy et al	Unpublished		Genbank
BCCDC105	Mumps	BritishColumbia.CAN/29.16/3/G	Gardy et al	Unpublished		Genbank
BCCDC106	Mumps	BritishColumbia.CAN/34.16/3/G	Gardy et al	Unpublished		Genbank
BCCDC25	Mumps	BritishColumbia.CAN/16.16/4/G	Gardy et al	Unpublished		Genbank
BCCDC89	Mumps	BritishColumbia.CAN/28.16/5/G	Gardy et al	Unpublished		Genbank
BCCDC94	Mumps	BritishColumbia.CAN/28.16/1/G	Gardy et al	Unpublished		Genbank
BCCDC95	Mumps	BritishColumbia.CAN/31.16/2/G	Gardy et al	Unpublished		Genbank
BCCDC102	Mumps	BritishColumbia.CAN/25.16/3/G	Gardy et al	Unpublished		Genbank
BCCDC103	Mumps	BritishColumbia.CAN/29.16/4/G	Gardy et al	Unpublished		Genbank
BCCDC93	Mumps	BritishColumbia.CAN/27.16/7/G	Gardy et al	Unpublished		Genbank
BCCDC57	Mumps	BritishColumbia.CAN/27.16/3/G	Gardy et al	Unpublished		Genbank
BCCDC99	Mumps	BritishColumbia.CAN/26.16/5/G	Gardy et al	Unpublished		Genbank
BCCDC55	Mumps	BritishColumbia.CAN/24.16/3/G	Gardy et al	Unpublished		Genbank
BCCDC10	Mumps	BritishColumbia.CAN/17.16/G	Gardy et al	Unpublished		Genbank
BCCDC38	Mumps	BritishColumbia.CAN/24.16/4/G	Gardy et al	Unpublished		Genbank
BCCDC64	Mumps	BritishColumbia.CAN/24.16/5/G	Gardy et al	Unpublished		Genbank
BCCDC80	Mumps	BritishColumbia.CAN/23.16/2/G	Gardy et al	Unpublished		Genbank
BCCDC69	Mumps	BritishColumbia.CAN/24.16/1/G	Gardy et al	Unpublished		Genbank
BCCDC59	Mumps	BritishColumbia.CAN/31.16/4/G	Gardy et al	Unpublished		Genbank
BCCDC40	Mumps	BritishColumbia.CAN/29.16/6/G	Gardy et al	Unpublished		Genbank
BCCDC15	Mumps	BritishColumbia.CAN/13.16/G	Gardy et al	Unpublished		Genbank
BCCDC60	Mumps	BritishColumbia.CAN/42.16/G	Gardy et al	Unpublished		Genbank
BCCDC56	Mumps	BritishColumbia.CAN/24.16/7/G	Gardy et al	Unpublished		Genbank
BCCDC4	Mumps	BritishColumbia.CAN/30.16/2/G	Gardy et al	Unpublished		Genbank
BCCDC8	Mumps	BritishColumbia.CAN/30.16/3/G	Gardy et al	Unpublished		Genbank
BCCDC84	Mumps	BritishColumbia.CAN/21.16/3/G	Gardy et al	Unpublished		Genbank
BCCDC16	Mumps	BritishColumbia.CAN/30.16/1/G	Gardy et al	Unpublished		Genbank
BCCDC17	Mumps	BritishColumbia.CAN/31.16/1/G	Gardy et al	Unpublished		Genbank
Fred_Hutch_seq_114	Mumps	Missouri.USA/29.15/FH114/G	Moncla et al	Unpublished		Genbank
MG986460	Mumps	Illinois.USA/26.15/2/G	Bankamp et al	Mumps rubulavirus sample sequencing from the 2016-2017 outbreak in Massachusetts	Unpublished	Genbank
MF965290	Mumps	Massachusetts.USA/12.16/5/G	Byrne et al	Mumps rubulavirus sample sequencing from the 2016-2017 outbreak in Massachusetts	Unpublished	Genbank
Fred_Hutch_seq_115	Mumps	Wisconsin.USA/42.15/FH115/G	Moncla et al	Unpublished		Genbank
Fred_Hutch_seq_118	Mumps	Wisconsin.USA/2.16/FH118/G	Moncla et al	Unpublished		Genbank
Fred_Hutch_seq_121	Mumps	Wisconsin.USA/19.16/FH121/G	Moncla et al	Unpublished		Genbank
Fred_Hutch_seq_119	Mumps	Ohio.USA/19.16/FH119/G	Moncla et al	Unpublished		Genbank
MG986419	Mumps	Michigan.USA/4.16/G	Bankamp et al	Mumps rubulavirus sample sequencing from the 2016-2017 outbreak in Massachusetts	Unpublished	Genbank
MG986394	Mumps	Louisiana.USA/29.17/G	Bankamp et al	Mumps rubulavirus sample sequencing from the 2016-2017 outbreak in Massachusetts	Unpublished	Genbank
MG986380	Mumps	Texas.USA/27.17/G	Bankamp et al	Mumps rubulavirus sample sequencing from the 2016-2017 outbreak in Massachusetts	Unpublished	Genbank
MF965260	Mumps	Massachusetts.USA/21.16/1/G	Byrne et al	Mumps rubulavirus sample sequencing from the 2016-2017 outbreak in Massachusetts	Unpublished	Genbank
Fred_Hutch_seq_120	Mumps	Wisconsin.USA/24.16/FH120/G	Moncla et al	Unpublished		Genbank
MG986391	Mumps	Texas.USA/15.17/G	Bankamp et al	Mumps rubulavirus sample sequencing from the 2016-2017 outbreak in Massachusetts	Unpublished	Genbank
MF965212	Mumps	Massachusetts.USA/46.16/2/G	Byrne et al	Mumps rubulavirus sample sequencing from the 2016-2017 outbreak in Massachusetts	Unpublished	Genbank
MF965217	Mumps	Massachusetts.USA/46.16/4/G	Byrne et al	Mumps rubulavirus sample sequencing from the 2016-2017 outbreak in Massachusetts	Unpublished	Genbank
MG986457	Mumps	Texas.USA/18.17/G	Bankamp et al	Mumps rubulavirus sample sequencing from the 2016-2017 outbreak in Massachusetts	Unpublished	Genbank
Fred_Hutch_seq_157	Mumps	Ohio.USA/46.17/FH157/G	Moncla et al	Unpublished		Genbank
Fred_Hutch_seq_136	Mumps	NorthCarolina.USA/11.17/FH136/G	Moncla et al	Unpublished		Genbank
Fred_Hutch_seq_156	Mumps	Alabama.USA/50.17/FH156/G	Moncla et al	Unpublished		Genbank
BCCDC35	Mumps	BritishColumbia.CAN/8.17/3/G	Gardy et al	Unpublished		Genbank
MF965300	Mumps	Massachusetts.USA/45.16/5/G	Byrne et al	Mumps rubulavirus sample sequencing from the 2016-2017 outbreak in Massachusetts	Unpublished	Genbank
MF965271	Mumps	Massachusetts.USA/45.16/7/G	Byrne et al	Mumps rubulavirus sample sequencing from the 2016-2017 outbreak in Massachusetts	Unpublished	Genbank
MG986458	Mumps	Pennsylvania.USA/19.16/G	Bankamp et al	Mumps rubulavirus sample sequencing from the 2016-2017 outbreak in Massachusetts	Unpublished	Genbank
Fred_Hutch_seq_163	Mumps	Wisconsin.USA/51.15/FH163/G	Moncla et al	Unpublished		Genbank
Fred_Hutch_seq_116	Mumps	Wisconsin.USA/42.15/FH116/G	Moncla et al	Unpublished		Genbank
Fred_Hutch_seq_117	Mumps	Wisconsin.USA/46.15/FH117/G	Moncla et al	Unpublished		Genbank
MF965315	Mumps	Massachusetts.USA/19.16/6/G	Byrne et al	Mumps rubulavirus sample sequencing from the 2016-2017 outbreak in Massachusetts	Unpublished	Genbank
MF965258	Mumps	Massachusetts.USA/16.16/12/G	Byrne et al	Mumps rubulavirus sample sequencing from the 2016-2017 outbreak in Massachusetts	Unpublished	Genbank
MF965219	Mumps	Massachusetts.USA/10.16/10/G	Byrne et al	Mumps rubulavirus sample sequencing from the 2016-2017 outbreak in Massachusetts	Unpublished	Genbank
MF965281	Mumps	Massachusetts.USA/11.16/6/G	Byrne et al	Mumps rubulavirus sample sequencing from the 2016-2017 outbreak in Massachusetts	Unpublished	Genbank
MF965297	Mumps	Massachusetts.USA/14.16/3/G	Byrne et al	Mumps rubulavirus sample sequencing from the 2016-2017 outbreak in Massachusetts	Unpublished	Genbank
MF965248	Mumps	Massachusetts.USA/10.16/14/G	Byrne et al	Mumps rubulavirus sample sequencing from the 2016-2017 outbreak in Massachusetts	Unpublished	Genbank
MF965220	Mumps	Massachusetts.USA/11.16/2/G	Byrne et al	Mumps rubulavirus sample sequencing from the 2016-2017 outbreak in Massachusetts	Unpublished	Genbank
MF965292	Mumps	Massachusetts.USA/13.16/3/G	Byrne et al	Mumps rubulavirus sample sequencing from the 2016-2017 outbreak in Massachusetts	Unpublished	Genbank
MG986434	Mumps	NewHampshire.USA/8.16/1/G	Bankamp et al	Mumps rubulavirus sample sequencing from the 2016-2017 outbreak in Massachusetts	Unpublished	Genbank
MF965215	Mumps	Massachusetts.USA/11.16/1/G	Byrne et al	Mumps rubulavirus sample sequencing from the 2016-2017 outbreak in Massachusetts	Unpublished	Genbank
MF965286	Mumps	Massachusetts.USA/9.16/3/G	Byrne et al	Mumps rubulavirus sample sequencing from the 2016-2017 outbreak in Massachusetts	Unpublished	Genbank
MF965287	Mumps	Massachusetts.USA/12.16/1/G	Byrne et al	Mumps rubulavirus sample sequencing from the 2016-2017 outbreak in Massachusetts	Unpublished	Genbank
MF965267	Mumps	Massachusetts.USA/13.16/2/G	Byrne et al	Mumps rubulavirus sample sequencing from the 2016-2017 outbreak in Massachusetts	Unpublished	Genbank
MF965302	Mumps	Massachusetts.USA/9.16/2/G	Byrne et al	Mumps rubulavirus sample sequencing from the 2016-2017 outbreak in Massachusetts	Unpublished	Genbank
MF965205	Mumps	Massachusetts.USA/10.16/6/G	Byrne et al	Mumps rubulavirus sample sequencing from the 2016-2017 outbreak in Massachusetts	Unpublished	Genbank
MF965253	Mumps	Massachusetts.USA/10.16/5/G	Byrne et al	Mumps rubulavirus sample sequencing from the 2016-2017 outbreak in Massachusetts	Unpublished	Genbank
Fred_Hutch_seq_126	Mumps	Wisconsin.USA/50.16/FH126/G	Moncla et al	Unpublished		Genbank
MG986432	Mumps	Kansas.USA/8.17/G	Bankamp et al	Mumps rubulavirus sample sequencing from the 2016-2017 outbreak in Massachusetts	Unpublished	Genbank
Fred_Hutch_seq_147	Mumps	Washington.USA/18.17/FH147/G	Moncla et al	Unpublished		Genbank
Fred_Hutch_seq_62	Mumps	Washington.USA/3.17/FH62/G	Moncla et al	Unpublished		Genbank
Fred_Hutch_seq_15	Mumps	Washington.USA/7.17/FH15/G	Moncla et al	Unpublished		Genbank
Fred_Hutch_seq_144	Mumps	Washington.USA/12.17/FH144/G	Moncla et al	Unpublished		Genbank
Fred_Hutch_seq_143	Mumps	Washington.USA/11.17/FH143/G	Moncla et al	Unpublished		Genbank
Fred_Hutch_seq_84	Mumps	Washington.USA/2.17/FH84/G	Moncla et al	Unpublished		Genbank
Fred_Hutch_seq_146	Mumps	Washington.USA/15.17/FH146/G	Moncla et al	Unpublished		Genbank
Fred_Hutch_seq_67	Mumps	Washington.USA/3.17/FH67/G	Moncla et al	Unpublished		Genbank
KY996511	Mumps	Springdale_745/2016/G	Wongsurawat et al	Three Complete Genome Sequences of Genotype G Mumps Virus from the 2016 outbreak in Arkansas, USA	Unpublished	Genbank
KY996512	Mumps	Springdale_754/2016/G	Wongsurawat et al	Three Complete Genome Sequences of Genotype G Mumps Virus from the 2016 outbreak in Arkansas, USA	Unpublished	Genbank
MK585590	Mumps	Arkansas.USA/43.16/G	Alkam et al	Genomic characterization of mumps viruses from a large-scale mumps outbreak in Arkansas, 2016	Unpublished	Genbank
MK585578	Mumps	Arkansas.USA/44.16/G	Alkam et al	Genomic characterization of mumps viruses from a large-scale mumps outbreak in Arkansas, 2016	Unpublished	Genbank
KY996510	Mumps	Springdale_730/2016/G	Wongsurawat et al	Three Complete Genome Sequences of Genotype G Mumps Virus from the 2016 outbreak in Arkansas, USA	Unpublished	Genbank
MK585577	Mumps	Arkansas.USA/47.16/G	Alkam et al	Genomic characterization of mumps viruses from a large-scale mumps outbreak in Arkansas, 2016	Unpublished	Genbank
MK585596	Mumps	Arkansas.USA/41.16/G	Alkam et al	Genomic characterization of mumps viruses from a large-scale mumps outbreak in Arkansas, 2016	Unpublished	Genbank
Fred_Hutch_seq_128	Mumps	Ohio.USA/2.17/FH128/G	Moncla et al	Unpublished		Genbank
Fred_Hutch_seq_130	Mumps	Ohio.USA/7.17/FH130/G	Moncla et al	Unpublished		Genbank
MK585617	Mumps	Arkansas.USA/5.17/G	Alkam et al	Genomic characterization of mumps viruses from a large-scale mumps outbreak in Arkansas, 2016	Unpublished	Genbank
MK585615	Mumps	Arkansas.USA/49.16/G	Alkam et al	Genomic characterization of mumps viruses from a large-scale mumps outbreak in Arkansas, 2016	Unpublished	Genbank
MK585609	Mumps	Arkansas.USA/50.16/G	Alkam et al	Genomic characterization of mumps viruses from a large-scale mumps outbreak in Arkansas, 2016	Unpublished	Genbank
MK585574	Mumps	Arkansas.USA/13.17/G	Alkam et al	Genomic characterization of mumps viruses from a large-scale mumps outbreak in Arkansas, 2016	Unpublished	Genbank
MK585589	Mumps	Arkansas.USA/51.16/G	Alkam et al	Genomic characterization of mumps viruses from a large-scale mumps outbreak in Arkansas, 2016	Unpublished	Genbank
MK585593	Mumps	Arkansas.USA/52.16/G	Alkam et al	Genomic characterization of mumps viruses from a large-scale mumps outbreak in Arkansas, 2016	Unpublished	Genbank
Fred_Hutch_seq_48	Mumps	Washington.USA/4.17/FH48/G	Moncla et al	Unpublished		Genbank
MK585575	Mumps	Arkansas.USA/48.16/G	Alkam et al	Genomic characterization of mumps viruses from a large-scale mumps outbreak in Arkansas, 2016	Unpublished	Genbank
Fred_Hutch_seq_76	Mumps	Washington.USA/12.17/FH76/G	Moncla et al	Unpublished		Genbank
MK585570	Mumps	Arkansas.USA/12.17/G	Alkam et al	Genomic characterization of mumps viruses from a large-scale mumps outbreak in Arkansas, 2016	Unpublished	Genbank
Fred_Hutch_seq_63	Mumps	Washington.USA/16.17/FH63/G	Moncla et al	Unpublished		Genbank
Fred_Hutch_seq_36	Mumps	Washington.USA/16.17/FH36/G	Moncla et al	Unpublished		Genbank
Fred_Hutch_seq_38	Mumps	Washington.USA/17.17/FH38/G	Moncla et al	Unpublished		Genbank
MK585583	Mumps	Arkansas.USA/40.16/G	Alkam et al	Genomic characterization of mumps viruses from a large-scale mumps outbreak in Arkansas, 2016	Unpublished	Genbank
Fred_Hutch_seq_103	Mumps	Washington.USA/4.17/FH103/G	Moncla et al	Unpublished		Genbank
Fred_Hutch_seq_1	Mumps	Washington.USA/48.16/FH1/G	Moncla et al	Unpublished		Genbank
Fred_Hutch_seq_158	Mumps	Washington.USA/49.16/FH158/G	Moncla et al	Unpublished		Genbank
Fred_Hutch_seq_82	Mumps	Washington.USA/20.17/FH82/G	Moncla et al	Unpublished		Genbank
Fred_Hutch_seq_81	Mumps	Washington.USA/20.17/FH81/G	Moncla et al	Unpublished		Genbank
Fred_Hutch_seq_31	Mumps	Washington.USA/9.17/FH31/G	Moncla et al	Unpublished		Genbank
Fred_Hutch_seq_18	Mumps	Washington.USA/9.17/FH18/G	Moncla et al	Unpublished		Genbank
BCCDC3	Mumps	BritishColumbia.CAN/18.17/2/G	Gardy et al	Unpublished		Genbank
MK585581	Mumps	Arkansas.USA/46.16/G	Alkam et al	Genomic characterization of mumps viruses from a large-scale mumps outbreak in Arkansas, 2016	Unpublished	Genbank
Fred_Hutch_seq_27	Mumps	Washington.USA/5.17/FH27/G	Moncla et al	Unpublished		Genbank
Fred_Hutch_seq_41	Mumps	Washington.USA/51.16/FH41/G	Moncla et al	Unpublished		Genbank
Fred_Hutch_seq_3	Mumps	Washington.USA/50.16/FH3/G	Moncla et al	Unpublished		Genbank
MK585576	Mumps	Arkansas.USA/45.16/G	Alkam et al	Genomic characterization of mumps viruses from a large-scale mumps outbreak in Arkansas, 2016	Unpublished	Genbank
Fred_Hutch_seq_7	Mumps	Washington.USA/1.17/FH7/G	Moncla et al	Unpublished		Genbank
Fred_Hutch_seq_47	Mumps	Washington.USA/2.17/FH47/G	Moncla et al	Unpublished		Genbank
Fred_Hutch_seq_68	Mumps	Washington.USA/4.17/FH68/G	Moncla et al	Unpublished		Genbank
Fred_Hutch_seq_12	Mumps	Washington.USA/6.17/FH12/G	Moncla et al	Unpublished		Genbank
Fred_Hutch_seq_72	Mumps	Washington.USA/5.17/FH72/G	Moncla et al	Unpublished		Genbank
Fred_Hutch_seq_83	Mumps	Washington.USA/29.17/FH83/G	Moncla et al	Unpublished		Genbank
Fred_Hutch_seq_80	Mumps	Washington.USA/19.17/FH80/G	Moncla et al	Unpublished		Genbank
MK585612	Mumps	Arkansas.USA/38.16/G	Alkam et al	Genomic characterization of mumps viruses from a large-scale mumps outbreak in Arkansas, 2016	Unpublished	Genbank
Fred_Hutch_seq_106	Mumps	Washington.USA/7.17/FH106/G	Moncla et al	Unpublished		Genbank
Fred_Hutch_seq_17	Mumps	Washington.USA/8.17/FH17/G	Moncla et al	Unpublished		Genbank
Fred_Hutch_seq_65	Mumps	Washington.USA/1.17/FH65/G	Moncla et al	Unpublished		Genbank
Fred_Hutch_seq_54	Mumps	Washington.USA/2.17/FH54/G	Moncla et al	Unpublished		Genbank
Fred_Hutch_seq_64	Mumps	Washington.USA/50.16/FH64/G	Moncla et al	Unpublished		Genbank
Fred_Hutch_seq_22	Mumps	Washington.USA/2.17/FH22/G	Moncla et al	Unpublished		Genbank
Fred_Hutch_seq_162	Mumps	Washington.USA/5.17/FH162/G	Moncla et al	Unpublished		Genbank
Fred_Hutch_seq_21	Mumps	Washington.USA/2.17/FH21/G	Moncla et al	Unpublished		Genbank
Fred_Hutch_seq_166	Mumps	Washington.USA/7.17/FH166/G	Moncla et al	Unpublished		Genbank
Fred_Hutch_seq_161	Mumps	Washington.USA/5.17/FH161/G	Moncla et al	Unpublished		Genbank
Fred_Hutch_seq_14	Mumps	Washington.USA/6.17/FH14/G	Moncla et al	Unpublished		Genbank
Fred_Hutch_seq_105	Mumps	Washington.USA/6.17/FH105/G	Moncla et al	Unpublished		Genbank
Fred_Hutch_seq_19	Mumps	Washington.USA/8.17/FH19/G	Moncla et al	Unpublished		Genbank
Fred_Hutch_seq_35	Mumps	Washington.USA/12.17/FH35/G	Moncla et al	Unpublished		Genbank
Fred_Hutch_seq_25	Mumps	Washington.USA/3.17/FH25/G	Moncla et al	Unpublished		Genbank
Fred_Hutch_seq_71	Mumps	Washington.USA/4.17/FH71/G	Moncla et al	Unpublished		Genbank
Fred_Hutch_seq_70	Mumps	Washington.USA/4.17/FH70/G	Moncla et al	Unpublished		Genbank
Fred_Hutch_seq_28	Mumps	Washington.USA/52.16/FH28/G	Moncla et al	Unpublished		Genbank
Fred_Hutch_seq_6	Mumps	Washington.USA/1.17/FH6/G	Moncla et al	Unpublished		Genbank
Fred_Hutch_seq_8	Mumps	Washington.USA/1.17/FH8/G	Moncla et al	Unpublished		Genbank
Fred_Hutch_seq_34	Mumps	Washington.USA/12.17/FH34/G	Moncla et al	Unpublished		Genbank
Fred_Hutch_seq_74	Mumps	Washington.USA/22.17/FH74/G	Moncla et al	Unpublished		Genbank
Fred_Hutch_seq_152	Mumps	Washington.USA/16.17/FH152/G	Moncla et al	Unpublished		Genbank
Fred_Hutch_seq_52	Mumps	Washington.USA/10.17/FH52/G	Moncla et al	Unpublished		Genbank
Fred_Hutch_seq_61	Mumps	Washington.USA/7.17/FH61/G	Moncla et al	Unpublished		Genbank
Fred_Hutch_seq_57	Mumps	Washington.USA/12.17/FH57/G	Moncla et al	Unpublished		Genbank
Fred_Hutch_seq_9	Mumps	Washington.USA/5.17/FH9/G	Moncla et al	Unpublished		Genbank
Fred_Hutch_seq_59	Mumps	Washington.USA/3.17/FH59/G	Moncla et al	Unpublished		Genbank
Fred_Hutch_seq_30	Mumps	Washington.USA/5.17/FH30/G	Moncla et al	Unpublished		Genbank
Fred_Hutch_seq_58	Mumps	Washington.USA/2.17/FH58/G	Moncla et al	Unpublished		Genbank
Fred_Hutch_seq_23	Mumps	Washington.USA/2.17/FH23/G	Moncla et al	Unpublished		Genbank
Fred_Hutch_seq_4	Mumps	Washington.USA/50.16/FH4/G	Moncla et al	Unpublished		Genbank
Fred_Hutch_seq_55	Mumps	Washington.USA/49.16/FH55/G	Moncla et al	Unpublished		Genbank
Fred_Hutch_seq_77	Mumps	Washington.USA/1.17/FH77/G	Moncla et al	Unpublished		Genbank
Fred_Hutch_seq_26	Mumps	Washington.USA/2.17/FH26/G	Moncla et al	Unpublished		Genbank
Fred_Hutch_seq_66	Mumps	Washington.USA/2.17/FH66/G	Moncla et al	Unpublished		Genbank
Fred_Hutch_seq_60	Mumps	Washington.USA/4.17/FH60/G	Moncla et al	Unpublished		Genbank
Fred_Hutch_seq_29	Mumps	Washington.USA/1.17/FH29/G	Moncla et al	Unpublished		Genbank
Fred_Hutch_seq_75	Mumps	Washington.USA/52.16/FH75/G	Moncla et al	Unpublished		Genbank
Fred_Hutch_seq_43	Mumps	Washington.USA/10.17/FH43/G	Moncla et al	Unpublished		Genbank
Fred_Hutch_seq_42	Mumps	Washington.USA/9.17/FH42/G	Moncla et al	Unpublished		Genbank
Fred_Hutch_seq_5	Mumps	Washington.USA/1.17/FH5/G	Moncla et al	Unpublished		Genbank
Fred_Hutch_seq_160	Mumps	Washington.USA/1.17/FH160/G	Moncla et al	Unpublished		Genbank
Fred_Hutch_seq_11	Mumps	Washington.USA/5.17/FH11/G	Moncla et al	Unpublished		Genbank
Fred_Hutch_seq_10	Mumps	Washington.USA/5.17/FH10/G	Moncla et al	Unpublished		Genbank
Fred_Hutch_seq_46	Mumps	Washington.USA/51.16/FH46/G	Moncla et al	Unpublished		Genbank
Fred_Hutch_seq_33	Mumps	Washington.USA/50.16/FH33/G	Moncla et al	Unpublished		Genbank
Fred_Hutch_seq_149	Mumps	Washington.USA/23.17/FH149/G	Moncla et al	Unpublished		Genbank
Fred_Hutch_seq_32	Mumps	Washington.USA/30.17/FH32/G	Moncla et al	Unpublished		Genbank
Fred_Hutch_seq_150	Mumps	Washington.USA/23.17/FH150/G	Moncla et al	Unpublished		Genbank
Fred_Hutch_seq_56	Mumps	Washington.USA/11.17/FH56/G	Moncla et al	Unpublished		Genbank
Fred_Hutch_seq_24	Mumps	Washington.USA/3.17/FH24/G	Moncla et al	Unpublished		Genbank
Fred_Hutch_seq_49	Mumps	Washington.USA/4.17/FH49/G	Moncla et al	Unpublished		Genbank
Fred_Hutch_seq_13	Mumps	Washington.USA/6.17/FH13/G	Moncla et al	Unpublished		Genbank
Fred_Hutch_seq_45	Mumps	Washington.USA/49.16/FH45/G	Moncla et al	Unpublished		Genbank
Fred_Hutch_seq_2	Mumps	Washington.USA/50.16/FH2/G	Moncla et al	Unpublished		Genbank
Fred_Hutch_seq_97	Mumps	Washington.USA/12.17/FH97/G	Moncla et al	Unpublished		Genbank
Fred_Hutch_seq_148	Mumps	Washington.USA/20.17/FH148/G	Moncla et al	Unpublished		Genbank
Fred_Hutch_seq_39	Mumps	Washington.USA/17.17/FH39/G	Moncla et al	Unpublished		Genbank
Fred_Hutch_seq_20	Mumps	Washington.USA/15.17/FH20/G	Moncla et al	Unpublished		Genbank
Fred_Hutch_seq_73	Mumps	Washington.USA/20.17/FH73/G	Moncla et al	Unpublished		Genbank
Fred_Hutch_seq_69	Mumps	Washington.USA/21.17/FH69/G	Moncla et al	Unpublished		Genbank
