strain,insertion: 62bp @ ref pos 0,insertion: 1bp @ ref pos 389,insertion: 1bp @ ref pos 420,insertion: 1bp @ ref pos 2315,insertion: 1bp @ ref pos 5200,insertion: 1bp @ ref pos 5236,insertion: 1bp @ ref pos 5240,insertion: 1bp @ ref pos 6262,insertion: 1bp @ ref pos 6281,insertion: 58bp @ ref pos 15263
Washington.USA/10.17/FH43/G,TAGTGTAAGAAACAGTAAGCCCG,,G,,,,,,,
Washington.USA/12.17/FH76/G,TAGTGTAAGAAACAGTAAGCCCG,,G,,,,,,,
Washington.USA/4.17/FH48/G,TAGTGTAAGAAACAGTAAGCCCG,,G,,,,,,,
Washington.USA/2.17/FH58/G,TAGTGTAAGAAACAGTAAGCCCG,,G,,,,,,,
Washington.USA/7.17/FH61/G,TAGTGTAAGAAACAGTAAGCCCG,,G,,,,,,,
Washington.USA/10.17/FH52/G,TAGTGTAAGAAACAGTAAGCCCG,,G,,,,,,,
Washington.USA/3.17/FH59/G,TAGTGTAAGAAACAGTAAGCCCG,,G,,,,,,,
Washington.USA/1.17/FH8/G,TAGTGTAAGAAACAGTAAGCCCG,,G,,,,,,,
Washington.USA/12.17/FH57/G,TAGTGTAAGAAACAGTAAGCCCG,,G,,,,,,,
Washington.USA/1.17/FH6/G,TAGTGTAAGAAACAGTAAGCCCG,,G,,,,,,,
Washington.USA/52.16/FH28/G,TAGTGTAAGAAACAGTAAGCCCG,,G,,,,,,,
Washington.USA/4.17/FH70/G,TAGTGTAAGAAACAGTAAGCCCG,,G,,,,,,,
Washington.USA/1.17/FH65/G,TAGTGTAAGAAACAGTAAGCCCG,,G,,,,,,,
Washington.USA/4.17/FH71/G,TAGTGTAAGAAACAGTAAGCCCG,,G,,,,,,,
Washington.USA/2.17/FH26/G,TAGTGTAAGAAACAGTAAGCCCG,,G,,,,,,,
Washington.USA/52.16/FH75/G,TAGTGTAAGAAACAGTAAGCCCG,,G,,,,,,,
Washington.USA/1.17/FH5/G,TAGTGTAAGAAACAGTAAGCCCG,,G,,,,,,,
Washington.USA/49.16/FH45/G,TAGTGTAAGAAACAGTAAGCCCG,,G,,,,,,,
Washington.USA/50.16/FH2/G,TAGTGTAAGAAACAGTAAGCCCG,,G,,,,,,,
Washington.USA/2.17/FH66/G,TAGTGTAAGAAACAGTAAGCCCG,,G,,,,,,,
Washington.USA/6.17/FH13/G,TAGTGTAAGAAACAGTAAGCCCG,,G,,,,,,,
Washington.USA/3.17/FH24/G,TAGTGTAAGAAACAGTAAGCCCG,,G,,,,,,,
Washington.USA/4.17/FH49/G,TAGTGTAAGAAACAGTAAGCCCG,,G,,,,,,,
Washington.USA/11.17/FH56/G,TAGTGTAAGAAACAGTAAGCCCG,,G,,,,,,,
Washington.USA/4.17/FH60/G,TAGTGTAAGAAACAGTAAGCCCG,,G,,,,,,,
Washington.USA/5.17/FH11/G,TAGTGTAAGAAACAGTAAGCCCG,,G,,,,,,,
Washington.USA/6.17/FH12/G,TAGTGTAAGAAACAGTAAGCCCG,,G,,,,,,,
Washington.USA/5.17/FH72/G,TAGTGTAAGAAACAGTAAGCCCG,,G,,,,,,,
Washington.USA/2.17/FH47/G,TAGTGTAAGAAACAGTAAGCCCG,,G,,,,,,,
Washington.USA/4.17/FH68/G,TAGTGTAAGAAACAGTAAGCCCG,,G,,,,,,,
Washington.USA/22.17/FH74/G,TAGTGTAAGAAACAGTAAGCCCG,,G,,,,,,,
Washington.USA/12.17/FH34/G,TAGTGTAAGAAACAGTAAGCCCG,,G,,,,,,,
Washington.USA/9.17/FH42/G,TAGTGTAAGAAACAGTAAGCCCG,,G,,,,,,,
Washington.USA/2.17/FH22/G,TAGTGTAAGAAACAGTAAGCCCG,,G,,,,,,,
Washington.USA/51.16/FH46/G,TAGTGTAAGAAACAGTAAGCCCG,,G,,,,,,,
Washington.USA/15.17/FH20/G,TAGTGTAAGAAACAGTAAGCCCG,,G,,,,,,,
Washington.USA/21.17/FH69/G,TAGTGTAAGAAACAGTAAGCCCG,,G,,,,,,,
Washington.USA/20.17/FH73/G,TAGTGTAAGAAACAGTAAGCCCG,,G,,,,,,,
Washington.USA/17.17/FH39/G,TAGTGTAAGAAACAGTAAGCCCG,,G,,,,,,,
Washington.USA/8.17/FH19/G,TAGTGTAAGAAACAGTAAGCCCG,,G,,,,,,,
Washington.USA/17.17/FH38/G,TAGTGTAAGAAACAGTAAGCCCG,,G,,,,,,,
Washington.USA/5.17/FH27/G,TAGTGTAAGAAACAGTAAGCCCG,,G,,,,,,,
Washington.USA/51.16/FH41/G,TAGTGTAAGAAACAGTAAGCCCG,,G,,,,,,,
Washington.USA/50.16/FH64/G,TAGTGTAAGAAACAGTAAGCCCG,,G,,,,,,,
Washington.USA/29.17/FH83/G,TAGTGTAAGAAACAGTAAGCCCG,,G,,,,,,,
Washington.USA/19.17/FH80/G,TAGTGTAAGAAACAGTAAGCCCG,,G,,,,,,,
Washington.USA/16.17/FH63/G,TAGTGTAAGAAACAGTAAGCCCG,,G,,,,,,,
Washington.USA/16.17/FH36/G,TAGTGTAAGAAACAGTAAGCCCG,,G,,,,,,,
Washington.USA/30.17/FH32/G,TAGTGTAAGAAACAGTAAGCCCG,,G,,,,,,,
Washington.USA/20.17/FH81/G,TAGTGTAAGAAACAGTAAGCCCG,,G,,,,,,,
Washington.USA/12.17/FH35/G,TAGTGTAAGAAACAGTAAGCCCG,,G,,,,,,,
Kansas.USA/8.17/G,TAGTGTAAGAAACAGTAAGCCCG,,G,,,,,,,AGTATTAAATCCATAATATCA
Massachusetts.USA/46.16/4/G,TAGTGTAAGAAACAGTAAGCCCG,,G,,,,,,,AGTATTAAATCCATAATATCATTT
Texas.USA/18.17/G,TAGTGTAAGAAACAGTAAGCCCG,,G,,,,,,,AGTATTAAATCCATAATATCATTT
Massachusetts.USA/16.16/12/G,TAGTGTAAGAAACAGTAAGCCCG,,G,,,,,,,AGTATTAAATCCATAATATCATTT
Pennsylvania.USA/19.16/G,TAGTGTAAGAAACAGTAAGCCCG,,G,,,,,,,AGTATTAAATCCATAATATCATTTTAAGAAAAAA
NewHampshire.USA/8.16/1/G,TAGTGTAAGAAACAGTAAGCCCG,,G,,,,,,,AGTATTAAATCCATAATATCATTTTA
Washington.USA/3.17/FH67/G,TAGTGTAAGAAACAGTAAGCCCG,,G,,,,,,,
Washington.USA/3.17/FH62/G,TAGTGTAAGAAACAGTAAGCCCG,,G,,,,,,,
Wisconsin.USA/20.14/FH111/G,TAGTGTAAGAAACAGTAAGCCCG,,G,,,,,,,
Ohio.USA/11.14/2/G,TAGTGTAAGAAACAGTAAGCCCG,,G,,,,,,,AGTATTAAATCCATAATATCATTT
Ohio.USA/13.14/7/G,TAGTGTAAGAAACAGTAAGCCCG,,G,,,,,,,AGTATTAAATCCATAATATCATTT
Ohio.USA/13.14/6/G,TAGTGTAAGAAACAGTAAGCCCG,,G,,,,,,,AGTATTAAATCCATAATATCATTT
Ohio.USA/12.14/9/G,TAGTGTAAGAAACAGTAAGCCCG,,G,,,,,,,AGTATTAAATCCATAATATCATTT
Ohio.USA/16.14/2/G,TAGTGTAAGAAACAGTAAGCCCG,,G,,,,,,,AGTATTAAATCCATAATATCATTTTAAGAAAAAAT
Indiana.USA/5.14/G,TAGTGTAAGAAACAGTAAGCCCG,,G,,,,,,,AGTATTAAATCCATAATATCATTTTAAGAAAAAAT
NewJersey.USA/16.14/2/G,TAGTGTAAGAAACAGTAAGCCCG,,G,,,,,,,AGTATTAAATCCATAAT
Ontario.CAN/37.09/G,TAGTGTAAGAAACAGTAAGCCCG,,G,,,,,,,AGTATTAAATCCATAATATCATTTTAAGAAAA
BritishColumbia.CAN/14.11/2/G,TAGTGTAAGAAACAGTAAGCCCG,,G,,,,,,,AGTATTAAATCCATAATATCATTTTAAGAAAAAAT
Massachusetts.USA/45.16/3/G,TAGTGTAAGAAACAGTAAGCCCG,,G,,,,,,,AGTATTAAATCCATAATATCATTTTA
Massachusetts.USA/45.16/1/G,TAGTGTAAGAAACAGTAAGCCCG,,G,,,,,,,AGTATTAAATCCATAATATCATTTTAAGAAAAA
Massachusetts.USA/42.16/1/G,TAGTGTAAGAAACAGTAAGCCCG,,G,,,,,,,AGTATTAAATCCATAATATCATTTTAAG
Massachusetts.USA/50.16/1/G,TAGTGTAAGAAACAGTAAGCCCG,,G,,,,,,,AGTATTAAATCCATAATATCATTT
Massachusetts.USA/43.16/1/G,TAGTGTAAGAAACAGTAAGCCCG,,G,,,,,,,AGTATTAAATCCATAATATCATTT
Montana.USA/11.16/G,TAGTGTAAGAAACAGTAAGCCCG,,G,,,,,,,AGTATTAAATCCATAATATCATTTTA
Massachusetts.USA/46.16/1/G,TAGTGTAAGAAACAGTAAGCCCG,,G,,,,,,,AGTATTAAATCCATAATATC
Massachusetts.USA/25.17/3/G,TAGTGTAAGAAACAGTAAGCCCG,,G,,,,,,,AGTATTAAATCCATAATATCATTTTAAG
Massachusetts.USA/25.17/G,TAGTGTAAGAAACAGTAAGCCCG,,G,,,,,,,AGTATTAAATCCATAATATCATTTTAAG
Massachusetts.USA/22.17/2/G,TAGTGTAAGAAACAGTAAGCCCG,,G,,,,,,,AGTATTAAATCCATAATATCATTTTAAGA
Massachusetts.USA/19.17/4/G,TAGTGTAAGAAACAGTAAGCCCG,,G,,,,,,,AGTATTAAATCCATAATATCATTT
Massachusetts.USA/24.17/2/G,TAGTGTAAGAAACAGTAAGCCCG,,G,,,,,,,AGTATTAAATCCATAATATCATTT
Massachusetts.USA/19.17/G,TAGTGTAAGAAACAGTAAGCCCG,,G,,,,,,,AGTATTAAATCCATAATATCATTT
Massachusetts.USA/19.16/9/G,TAGTGTAAGAAACAGTAAGCCCG,,G,,,,,,,AGTATTAAATCCATAATATCATTT
Massachusetts.USA/17.16/3/G,TAGTGTAAGAAACAGTAAGCCCG,,G,,,,,,,AGTATTAAATCCATAATATCATTT
Massachusetts.USA/19.16/8/G,TAGTGTAAGAAACAGTAAGCCCG,,G,,,,,,,AGTATTAAATCCATAATATCATTT
Massachusetts.USA/16.16/6/G,TAGTGTAAGAAACAGTAAGCCCG,,G,,,,,,,AGTATTAAATCCATAATATCATTT
Massachusetts.USA/19.16/3/G,TAGTGTAAGAAACAGTAAGCCCG,,G,,,,,,,AGTATTAAATCCATAATATCATTT
Massachusetts.USA/10.16/12/G,TAGTGTAAGAAACAGTAAGCCCG,,G,,,,,,,AGTATTAAATCCATAATATCATTT
Massachusetts.USA/15.16/1/G,TAGTGTAAGAAACAGTAAGCCCG,,G,,,,,,,AGTATTAAATCCATAATATCATTT
Massachusetts.USA/17.16/1/G,TAGTGTAAGAAACAGTAAGCCCG,,G,,,,,,,AGTATTAAATCCATAATATCATTT
Massachusetts.USA/14.16/2/G,TAGTGTAAGAAACAGTAAGCCCG,,G,,,,,,,AGTATTAAATCCATAATATCATTTTAAGAAAAAAT
Massachusetts.USA/9.16/1/G,TAGTGTAAGAAACAGTAAGCCCG,,G,,,,,,,AGTATTAAATCCATAATATCATTTTAAGAAAAAAT
Massachusetts.USA/17.16/6/G,TAGTGTAAGAAACAGTAAGCCCG,,G,,,,,,,AGTATTAAATCCATAATATCATTTTAAGAA
Massachusetts.USA/18.16/2/G,TAGTGTAAGAAACAGTAAGCCCG,,G,,,,,,,AGTATTAAATCCATAATATCATTTTAAGAA
Massachusetts.USA/16.16/7/G,TAGTGTAAGAAACAGTAAGCCCG,,G,,,,,,,AGTATTAAATCCATAATATCATTTTAAGAAAAAA
Massachusetts.USA/19.16/5/G,TAGTGTAAGAAACAGTAAGCCCG,,G,,,,,,,AGTATTAAATCCATAATATCATTTTAAG
Massachusetts.USA/10.16/2/G,TAGTGTAAGAAACAGTAAGCCCG,,G,,,,,,,AGTATTAAATCCATAATATCATTTTAAG
Massachusetts.USA/10.16/8/G,TAGTGTAAGAAACAGTAAGCCCG,,G,,,,,,,AGTATTAAATCCATAATATC
Indiana.USA/1.17/G,TAGTGTAAGAAACAGTAAGCCCG,,G,,,,,,,AGTATTAAATCCATAATATCATTTTAAGAAAAAAT
Indiana.USA/49.16/G,TAGTGTAAGAAACAGTAAGCCCG,,G,,,,,,,AGTATTAAATCCATAATATCATTTTAAGAAAAAAT
Indiana.USA/48.16/G,TAGTGTAAGAAACAGTAAGCCCG,,G,,,,,,,AGTATTAAATCCATAATATCATTTTAAGAAAAAAT
Washington.USA/5.17/FH50/G,TAGTGTAAGAAACAGTAAGCCCG,,G,,,,,,,
Washington.USA/6.17/FH51/G,TAGTGTAAGAAACAGTAAGCCCG,,G,,,,,,,
Washington.USA/17.17/FH37/G,TAGTGTAAGAAACAGTAAGCCCG,,G,,,,,,,
Washington.USA/19.17/FH44/G,TAGTGTAAGAAACAGTAAGCCCG,,G,,,,,,,
NewHampshire.USA/40.16/G,TAGTGTAAGAAACAGTAAGCCCG,,G,,,,,,,AGTATTAAAACCATAATATCATTT
Washington.USA/17.17/FH40/G,TAGTGTAAGAAACAGTAAGCCCG,,G,,,,,,,
Washington.USA/19.17/FH53/G,TAGTGTAAGAAACAGTAAGCCCG,,G,,,,,,,
Washington.USA/16.17/FH79/G,TAGTGTAAGAAACAGTAAGCCCG,,G,,,,,,,
Washington.USA/3.17/FH25/G,GCCCG,,G,,,,,,,
Washington.USA/6.17/FH14/G,GCCCG,,G,,,,,,,
Massachusetts.USA/46.16/2/G,GCCCG,,G,,,,,,,AGTATTAAATCCATA
Michigan.USA/12.14/G,GCCCG,,G,,,,,,,
Massachusetts.USA/27.16/1/G,GCCCG,,G,,,,,,,AGTATTAAATC
Massachusetts.USA/11.16/3/G,GCCCG,,G,,,,,,,
Massachusetts.USA/8.16/3/G,GCCCG,,G,,,,,,,
Wisconsin.USA/11.07/FH109/G,GCCCG,,G,,,,,,,
Washington.USA/1.17/FH77/G,GTAAGAAACAGTAAGCCCG,,G,,,,,,,
Massachusetts.USA/9.16/2/G,GTAAGAAACAGTAAGCCCG,,G,,,,,,,AGTATTAAATCCATAATATCATTT
Massachusetts.USA/46.16/6/G,GTAAGAAACAGTAAGCCCG,,G,,,,,,,
NorthDakota.USA/9.17/G,GTAAGAAACAGTAAGCCCG,,G,,,,,,,AGTATTAAATCCATAAT
Massachusetts.USA/17.16/8/G,GTAAGAAACAGTAAGCCCG,,G,,,,,,,AGTATTAAAT
Massachusetts.USA/17.16/2/G,GTAAGAAACAGTAAGCCCG,,G,,,,,,,AG
Massachusetts.USA/16.16/18/G,GTAAGAAACAGTAAGCCCG,,G,,,,,,,AGTATT
Massachusetts.USA/33.16/1/G,GTAAGAAACAGTAAGCCCG,,G,,,,,,,AGTATTA
Massachusetts.USA/26.17/G,GTAAGAAACAGTAAGCCCG,,G,,,,,,,AGTATTAAAT
Massachusetts.USA/45.16/7/G,CAGTAAGCCCG,,G,,,,,,,AGTATTAAATC
Michigan.USA/4.16/G,CAGTAAGCCCG,,G,,,,,,,AGTATTAAATCCATAAT
Pennsylvania.USA/51.14/G,CAGTAAGCCCG,,G,,,,,,,AGTATTAAATC
Massachusetts.USA/45.16/2/G,CAGTAAGCCCG,,G,,,,,,,AGTATTAAATCCATAA
Massachusetts.USA/17.16/9/G,CAGTAAGCCCG,,G,,,,,,,
Massachusetts.USA/16.16/3/G,CAGTAAGCCCG,,G,,,,,,,AG
Massachusetts.USA/15.16/2/G,CAGTAAGCCCG,,G,,,,,,,AGTATTAAAT
Massachusetts.USA/21.17/2/G,CAGTAAGCCCG,,G,,,,,,,
Massachusetts.USA/21.16/1/G,GTGTAAGAAACAGTAAGCCCG,,G,,,,,,,AGTATTAAATCCATAATATC
Massachusetts.USA/19.16/6/G,GTGTAAGAAACAGTAAGCCCG,,G,,,,,,,AGTATTAAATCCATAATATCATTT
Massachusetts.USA/10.16/10/G,GTGTAAGAAACAGTAAGCCCG,,G,,,,,,,AGTATTAAATCCATAATATCATTT
Illinois.USA/26.15/2/G,GTGTAAGAAACAGTAAGCCCG,,G,,,,,,,AGTATTAAATCCAT
Massachusetts.USA/10.16/14/G,GTGTAAGAAACAGTAAGCCCG,,G,,,,,,,AGTATTAAATC
Massachusetts.USA/11.16/1/G,GTGTAAGAAACAGTAAGCCCG,,G,,,,,,,AGTATTAAATCCATAAT
Massachusetts.USA/10.16/6/G,GTGTAAGAAACAGTAAGCCCG,,G,,,,,,,AGTATTAAATCCATAAATCA
Massachusetts.USA/12.16/1/G,GTGTAAGAAACAGTAAGCCCG,,G,,,,,,,AGTATTAAATCCATAATAT
Massachusetts.USA/11.16/6/G,GTGTAAGAAACAGTAAGCCCG,,G,,,,,,,AGTATTAAATCCATAATAT
Louisiana.USA/29.17/G,GTGTAAGAAACAGTAAGCCCG,,G,,,,,,,AGTAT
Texas.USA/27.17/G,GTGTAAGAAACAGTAAGCCCG,,G,,,,,,,AGTATTAAAT
Massachusetts.USA/26.15/1/G,GTGTAAGAAACAGTAAGCCCG,,G,,,,,,,AGTATTAAATC
NewYork/10.14/2/G,GTGTAAGAAACAGTAAGCCCG,,G,,,,,,,AGTATTAAATCCATAATATC
NewYork.USA/51.14/G,GTGTAAGAAACAGTAAGCCCG,,G,,,,,,,AGTATTAAATCCATAATATC
Virginia.USA/51.14/G,GTGTAAGAAACAGTAAGCCCG,,G,,,,,,,AGTATTAAATCCATAATATCA
NewJersey.USA/49.14/G,GTGTAAGAAACAGTAAGCCCG,,G,,,,,,,AGTATTAAATCCATAAT
NewYork.USA/8.14/G,GTGTAAGAAACAGTAAGCCCG,,G,,,,,,,AGTATTAAATCCATAATAT
NewYork.USA.USA/51.14/G,GTGTAAGAAACAGTAAGCCCG,,G,,,,,,,AGTATTAAATCCATAATAT
Ohio.USA/13.14/10/G,GTGTAAGAAACAGTAAGCCCG,,G,,,,,,,AGTATTAAATCC
NewYork.USA/10.14/3/G,GTGTAAGAAACAGTAAGCCCG,,G,,,,,,,AGTATTAAATCCATAATATC
NewYork.USA/10.14/2/G,GTGTAAGAAACAGTAAGCCCG,,G,,,,,,,AGTATTAAATCCATAATATC
Ohio.USA/16.14/1/G,GTGTAAGAAACAGTAAGCCCG,,G,,,,,,,AGTATTAAATCCATAATATCATTT
Massachusetts.USA/46.16/7/G,GTGTAAGAAACAGTAAGCCCG,,G,,,,,,,AGTATTAAATCCATAATATCATTT
Massachusetts.USA/45.16/4/G,GTGTAAGAAACAGTAAGCCCG,,G,,,,,,,AGTATTAAATCCATAAT
Massachusetts.USA/30.16/1/G,GTGTAAGAAACAGTAAGCCCG,,G,,,,,,,AGTATTAAATC
Massachusetts.USA/44.16/1/G,GTGTAAGAAACAGTAAGCCCG,,G,,,,,,,AGTATTAAATCCATAATATC
Massachusetts.USA/43.16/2/G,GTGTAAGAAACAGTAAGCCCG,,G,,,,,,,AGTATTAAATCCATAATAT
Massachusetts.USA/52.16/G,GTGTAAGAAACAGTAAGCCCG,,G,,,,,,,AGTATTAAATCCATAAT
Massachusetts.USA/37.15/1/G,GTGTAAGAAACAGTAAGCCCG,,G,,,,,,,AGTATTAAATCCATAATATCATTT
Massachusetts.USA/25.17/6/G,GTGTAAGAAACAGTAAGCCCG,,G,,,,,,,AGTATTAAATCCATAATAT
Massachusetts.USA/17.17/G,GTGTAAGAAACAGTAAGCCCG,,G,,,,,,,AGTATTAAATCCATAATAT
Massachusetts.USA/25.17/5/G,GTGTAAGAAACAGTAAGCCCG,,G,,,,,,,AGTATTAAATCCATAATATC
Massachusetts.USA/23.17/G,GTGTAAGAAACAGTAAGCCCG,,G,,,,,,,AGTATTAAATCCATAATAT
Massachusetts.USA/14.17/2/G,GTGTAAGAAACAGTAAGCCCG,,G,,,,,,,AGTATTAAAT
Kansas.USA/10.17/G,GTGTAAGAAACAGTAAGCCCG,,G,,,,,,,AGTATTAAATCCATAATATCATTT
Kansas.USA/13.17/2/G,GTGTAAGAAACAGTAAGCCCG,,G,,,,,,,AGTATTAAATCCATAATATCATTT
Kansas.USA/8.17/4/G,GTGTAAGAAACAGTAAGCCCG,,G,,,,,,,AGTATTAAATCCATAATAT
Kansas.USA/9.17/2/G,GTGTAAGAAACAGTAAGCCCG,,G,,,,,,,AGTATTAAATCCATAATAT
Illinois.USA/14.17/G,GTGTAAGAAACAGTAAGCCCG,,G,,,,,,,AGTATTAAATCCATAATAT
Massachusetts.USA/8.17/G,GTGTAAGAAACAGTAAGCCCG,,G,,,,,,,AGTATTAAATCCATAATAT
Kansas.USA/15.17/G,GTGTAAGAAACAGTAAGCCCG,,G,,,,,,,AGTAT
NorthDakota.USA/14.17/G,GTGTAAGAAACAGTAAGCCCG,,G,,,,,,,AGTATTAAATCCATAATATC
Massachusetts.USA/14.17/G,GTGTAAGAAACAGTAAGCCCG,,G,,,,,,,AGTATTAAATCCATAATATCAT
NorthDakota.USA/15.17/G,GTGTAAGAAACAGTAAGCCCG,,G,,,,,,,AGTATTAAATCCATAAT
Georgia.USA/13.17/G,GTGTAAGAAACAGTAAGCCCG,,G,,,,,,,AGTATTAAATCCAT
Massachusetts.USA/17.16/4/G,GTGTAAGAAACAGTAAGCCCG,,G,,,,,,,AGTATTAAATCCATAATAT
Massachusetts.USA/16.16/19/G,GTGTAAGAAACAGTAAGCCCG,,G,,,,,,,AGTATTAAATCCATAATAT
Massachusetts.USA/19.16/1/G,GTGTAAGAAACAGTAAGCCCG,,G,,,,,,,AGTATTAAATCCATAATAT
Massachusetts.USA/19.16/10/G,GTGTAAGAAACAGTAAGCCCG,,G,,,,,,,AGTATTAAATCCATAATAT
Massachusetts.USA/10.16/3/G,GTGTAAGAAACAGTAAGCCCG,,G,,,,,,,AGTATTAAATCCATAATAT
Massachusetts.USA/22.17/4/G,GTGTAAGAAACAGTAAGCCCG,,G,,,,,,,AGTATTAAATCCATAATAT
Massachusetts.USA/25.17/2/G,GTGTAAGAAACAGTAAGCCCG,,G,,,,,,,AGTATTAAATCCATAATAT
Massachusetts.USA/25.17/7/G,GTGTAAGAAACAGTAAGCCCG,,G,,,,,,,AGTATTAAATCCATAATAT
Massachusetts.USA/18.16/4/G,GTGTAAGAAACAGTAAGCCCG,,G,,,,,,,AGTATTAAATCCATAATAT
Massachusetts.USA/22.17/6/G,GTGTAAGAAACAGTAAGCCCG,,G,,,,,,,AGTATTAAATCCATAATATCATTT
Massachusetts.USA/13.17/2/G,GTGTAAGAAACAGTAAGCCCG,,G,,,,,,,AGTATTAAATCCATAATATCATTT
Massachusetts.USA/24.17/4/G,GTGTAAGAAACAGTAAGCCCG,,G,,,,,,,AGTATTAAATCCATAATATCATTT
Massachusetts.USA/19.17/3/G,GTGTAAGAAACAGTAAGCCCG,,G,,,,,,,AGTATTAAATCCATAATATCATTT
Massachusetts.USA/19.16/2/G,GTGTAAGAAACAGTAAGCCCG,,G,,,,,,,AGTATTAAATCCATAATATCATTT
Massachusetts.USA/19.16/4/G,GTGTAAGAAACAGTAAGCCCG,,G,,,,,,,AGTATTAAATCCATAATATCATTT
Massachusetts.USA/18.16/3/G,GTGTAAGAAACAGTAAGCCCG,,G,,,,,,,AGTATTAAATCCATAATATCATTT
Massachusetts.USA/8.16/6/G,GTGTAAGAAACAGTAAGCCCG,,G,,,,,,,AGTATTAAATCCATAATATCATTT
Massachusetts.USA/12.16/2/G,GTGTAAGAAACAGTAAGCCCG,,G,,,,,,,AGTATTAAATCCATAATATCATTT
Massachusetts.USA/13.16/1/G,GTGTAAGAAACAGTAAGCCCG,,G,,,,,,,AGTATTAAATCCATAATATCATTT
Massachusetts.USA/17.16/10/G,GTGTAAGAAACAGTAAGCCCG,,G,,,,,,,AGTATTAAATCCATAATATCATTT
Massachusetts.USA/8.16/5/G,GTGTAAGAAACAGTAAGCCCG,,G,,,,,,,AGTATTAAATCCATAATATC
Massachusetts.USA/10.16/9/G,GTGTAAGAAACAGTAAGCCCG,,G,,,,,,,AGTATTAAATCCATA
Massachusetts.USA/19.16/7/G,GTGTAAGAAACAGTAAGCCCG,,G,,,,,,,AGTATTAAATCCATAATATCA
Massachusetts.USA/16.16/5/G,GTGTAAGAAACAGTAAGCCCG,,G,,,,,,,AGTATTAAATCCATAATATCA
Massachusetts.USA/16.16/9/G,GTGTAAGAAACAGTAAGCCCG,,G,,,,,,,AGTATTAAATCCATAAATCA
Massachusetts.USA/8.16/2/G,GTGTAAGAAACAGTAAGCCCG,,G,,,,,,,AGTATTAAATCCATAATATCA
Massachusetts.USA/16.16/2/G,GTGTAAGAAACAGTAAGCCCG,,G,,,,,,,AGTATTAAATCCATAAT
Massachusetts.USA/16.16/16/G,GTGTAAGAAACAGTAAGCCCG,,G,,,,,,,AGTATTAAATCCATAAT
Massachusetts.USA/18.16/1/G,GTGTAAGAAACAGTAAGCCCG,,G,,,,,,,AGTATTAAATC
Massachusetts.USA/17.16/13/G,GTGTAAGAAACAGTAAGCCCG,,G,,,,,,,AGTATTAAATC
Massachusetts.USA/16.16/4/G,GTGTAAGAAACAGTAAGCCCG,,G,,,,,,,AGTATTAAATC
Massachusetts.USA/17.16/12/G,GTGTAAGAAACAGTAAGCCCG,,G,,,,,,,AGTATTAAATCCATAA
Massachusetts.USA/16.16/14/G,GTGTAAGAAACAGTAAGCCCG,,G,,,,,,,AGTATTAAATCCATAA
Massachusetts.USA/17.16/7/G,GTGTAAGAAACAGTAAGCCCG,,G,,,,,,,AGTATTAAATCCATAA
Massachusetts.USA/11.16/5/G,GTGTAAGAAACAGTAAGCCCG,,G,,,,,,,
Massachusetts.USA/10.16/4/G,GTGTAAGAAACAGTAAGCCCG,,G,,,,,,,AGTATTAAATCCATAATATCAT
Massachusetts.USA/11.16/4/G,GTGTAAGAAACAGTAAGCCCG,,G,,,,,,,AGTATTAAATCCATAATATCAT
Massachusetts.USA/17.16/11/G,GTGTAAGAAACAGTAAGCCCG,,G,,,,,,,AGTATTAAATCCATAATATCAT
Massachusetts.USA/22.16/2/G,GTGTAAGAAACAGTAAGCCCG,,G,,,,,,,AGTATTAAATCCATAATATCATT
Massachusetts.USA/16.16/15/G,GTGTAAGAAACAGTAAGCCCG,,G,,,,,,,AGTATTAAATCCATAATATCATTTTA
Massachusetts.USA/25.17/4/G,GTGTAAGAAACAGTAAGCCCG,,G,,,,,,,AGTATTAAATCCATAATATCA
Massachusetts.USA/21.17/G,GTGTAAGAAACAGTAAGCCCG,,G,,,,,,,AGTATTAAATCCATAATATC
Massachusetts.USA/22.17/G,GTGTAAGAAACAGTAAGCCCG,,G,,,,,,,AGTATTAAATCCATAAT
Massachusetts.USA/22.17/5/G,GTGTAAGAAACAGTAAGCCCG,,G,,,,,,,AGTATTAAATC
Massachusetts.USA/20.16/1/G,GTGTAAGAAACAGTAAGCCCG,,G,,,,,,,AGTATTAAATCC
Massachusetts.USA/10.16/7/G,GTGTAAGAAACAGTAAGCCCG,,G,,,,,,,AGTATTAAATCCATAAT
Massachusetts.USA/16.16/17/G,GTGTAAGAAACAGTAAGCCCG,,G,,,,,,,AGTATTAAAT
Manitoba.CAN/44.16/15/G,GTGTAAGAAACAGTAAGCCCG,,G,,,,,,,
Massachusetts.USA/13.16/4/G,GTGTAAGAAACAGTAAGCCCG,,G,,,,,,,AGTATTAAATCCATAATAT
Massachusetts.USA/46.16/5/G,GTGTAAGAAACAGTAAGCCCG,,G,,,,,,,AGTATTAAATCCATAATATCATTTTAAGAAAAA
Springdale_745/2016/G,ACCAAGGGGAAAATGAAGATGGGATATTGGTAGAACAAATAGTGTAAGAAACAGTAAGCCCG,,G,,,,,,,AGTATTAAATCC
Springdale_730/2016/G,ACCAAGGGGAAAATGAAGATGGGATATTGGTAGAACAAATAGTGTAAGAAACAGTAAGCCCG,,G,,,,,,,AGTATTAAATCC
California.USA/40.11/G,ACCAAGGGGAAAATGAAGATGGGATATTGGTAGAACAAATAGTGTAAGAAACAGTAAGCCCG,,G,,,,,,,AGTATTAAATCCATAATATCATTTTAAGAAAAAATTGATTTTACTTTCTCCCCTTGGT
Manitoba.CAN/43.16/5/G,ACCAAGGGGAAAATGAAGATGGGATATTGGTAGAACAAATAGTGTAAGAAACAGTAAGCCCG,,G,,,,,,,
Manitoba.CAN/47.16/4/G,ACCAAGGGGAAAATGAAGATGGGATATTGGTAGAACAAATAGTGTAAGAAACAGTAAGCCCG,,G,,,,,,,
BritishColumbia.CAN/23.16/2/G,ACCAAGGGGAAAATGAAGATGGGATATTGGTAGAACAAATAGTGTAAGAAACAGTAAGCCCG,,G,,,,,,,AGTATTAAATCCATAATATCATTTTAAGAAAAAATTGATTTTACTTTCTCCCCTTGGT
BritishColumbia.CAN/18.16/4/G,ACCAAGGGGAAAATGAAGATGGGATATTGGTAGAACAAATAGTGTAAGAAACAGTAAGCCCG,,G,,,,,,,
BritishColumbia.CAN/24.16/2/G,ACCAAGGGGAAAATGAAGATGGGATATTGGTAGAACAAATAGTGTAAGAAACAGTAAGCCCG,,G,,,,,,,AGTATTAAATCCATAATATCATTTT
BritishColumbia.CAN/13.16/G,ACCAAGGGGAAAATGAAGATGGGATATTGGTAGAACAAATAGTGTAAGAAACAGTAAGCCCG,,G,,,,,,,AGTATTAAATCCATAATATCATTTTAAGAAAAAATTGATTTTACTTTCTCCCCTTGGT
BritishColumbia.CAN/24.16/7/G,ACCAAGGGGAAAATGAAGATGGGATATTGGTAGAACAAATAGTGTAAGAAACAGTAAGCCCG,,G,,,,,,,AGTATTAAATCCATAATATCATTTTAAGAAAAAATTGATTTTACTTTCTCCCCTTGGT
Arkansas.USA/46.16/G,GATATTGGTAGAACAAATAGTGTAAGAAACAGTAAGCCCG,,G,,,,,,,
Arkansas.USA/38.16/G,GATATTGGTAGAACAAATAGTGTAAGAAACAGTAAGCCCG,,G,,,,,,,
Arkansas.USA/45.16/G,GATATTGGTAGAACAAATAGTGTAAGAAACAGTAAGCCCG,,G,,,,,,,
Arkansas.USA/40.16/G,GATATTGGTAGAACAAATAGTGTAAGAAACAGTAAGCCCG,,G,,,,,,,
Arkansas.USA/43.16/G,GATATTGGTAGAACAAATAGTGTAAGAAACAGTAAGCCCG,,G,,,,,,,
Arkansas.USA/44.16/G,GATATTGGTAGAACAAATAGTGTAAGAAACAGTAAGCCCG,,G,,,,,,,
Arkansas.USA/41.16/G,GATATTGGTAGAACAAATAGTGTAAGAAACAGTAAGCCCG,,G,,,,,,,
Arkansas.USA/5.17/G,GATATTGGTAGAACAAATAGTGTAAGAAACAGTAAGCCCG,,G,,,,,,,
Arkansas.USA/49.16/G,GATATTGGTAGAACAAATAGTGTAAGAAACAGTAAGCCCG,,G,,,,,,,
Arkansas.USA/50.16/G,GATATTGGTAGAACAAATAGTGTAAGAAACAGTAAGCCCG,,G,,,,,,,
Arkansas.USA/51.16/G,GATATTGGTAGAACAAATAGTGTAAGAAACAGTAAGCCCG,,G,,,,,,,
Arkansas.USA/52.16/G,GATATTGGTAGAACAAATAGTGTAAGAAACAGTAAGCCCG,,G,,,,,,,
Arkansas.USA/47.16/G,GATATTGGTAGAACAAATAGTGTAAGAAACAGTAAGCCCG,,G,,,,,,,
Arkansas.USA/12.17/G,GATATTGGTAGAACAAATAGTGTAAGAAACAGTAAGCCCG,,G,,,,,,,
Arkansas.USA/13.17/G,GATATTGGTAGAACAAATAGTGTAAGAAACAGTAAGCCCG,,G,,,,,,,
Arkansas.USA/48.16/G,GTAGAACAAATAGTGTAAGAAACAGTAAGCCCG,,G,,,,,,,
Massachusetts.USA/13.16/2/G,AAGAAACAGTAAGCCCG,,G,,,,,,,AGTATTAAATC
Massachusetts.USA/13.16/3/G,AGTGTAAGAAACAGTAAGCCCG,,G,,,,,,,AGTATTAAATCCATAATATCATTT
Massachusetts.USA/10.16/1/G,AGTGTAAGAAACAGTAAGCCCG,,G,,,,,,,AGTATTAAATCCATAATATCAT
Massachusetts.USA/24.17/3/G,AGTGTAAGAAACAGTAAGCCCG,,G,,,,,,,AGTATTAAATCCATAATATCATTT
Massachusetts.USA/22.17/8/G,AGTGTAAGAAACAGTAAGCCCG,,G,,,,,,,AGTATTAAATCCATAATATCATTT
Massachusetts.USA/24.17/G,AGTGTAAGAAACAGTAAGCCCG,,G,,,,,,,AGTATTAAATCCATAATATCA
Illinois.USA/11.17/G,AGTGTAAGAAACAGTAAGCCCG,,G,,,,,,,AGTATTAAATCCATAATATCATTT
Springdale_754/2016/G,GAACAAATAGTGTAAGAAACAGTAAGCCCG,,G,,,,,,,AGTATTAAATCCATAATATCATTTTAAGAAAAAATTGATTTTACTTTCTCCCCTTGG
BritishColumbia.CAN/18.17/2/G,TAAGAAACAGTAAGCCCG,,G,,,,,,,
Manitoba.CAN/43.16/11/G,TAAGAAACAGTAAGCCCG,,G,,,,,,,
BritishColumbia.CAN/33.16/2/G,TAAGAAACAGTAAGCCCG,,G,,,,,,,A
BritishColumbia.CAN/27.16/3/G,TAAGAAACAGTAAGCCCG,,G,,,,,,,
BritishColumbia.CAN/30.16/2/G,TAAGAAACAGTAAGCCCG,,G,,,,,,,
BritishColumbia.CAN/16.16/4/G,TAAGAAACAGTAAGCCCG,,G,,,,,,,
BritishColumbia.CAN/31.16/4/G,TAAGAAACAGTAAGCCCG,,G,,,,,,,
BritishColumbia.CAN/31.16/1/G,TAAGAAACAGTAAGCCCG,,G,,,,,,,
BritishColumbia.CAN/18.16/2/G,TAAGAAACAGTAAGCCCG,,G,,,,,,,
BritishColumbia.CAN/8.17/3/G,GAAGATGGGATATTGGTAGAACAAATAGTGTAAGAAACAGTAAGCCCG,,G,,,,,,,
BritishColumbia.CAN/8.17/2/G,GAAGATGGGATATTGGTAGAACAAATAGTGTAAGAAACAGTAAGCCCG,,G,,,,,,,
BritishColumbia.CAN/27.16/7/G,GAAGATGGGATATTGGTAGAACAAATAGTGTAAGAAACAGTAAGCCCG,,G,,,,,,,
BritishColumbia.CAN/19.16/3/G,GAAGATGGGATATTGGTAGAACAAATAGTGTAAGAAACAGTAAGCCCG,,G,,,,,,,
BritishColumbia.CAN/29.16/3/G,GAAGATGGGATATTGGTAGAACAAATAGTGTAAGAAACAGTAAGCCCG,,G,,,,,,,
Ontario.CAN/38.09/2/G,GGAAAATGAAGATGGGATATTGGTAGAACAAATAGTGTAAGAAACAGTAAGCCCG,,G,,,,,,,AGTATTAAATCCATAATATCATTTTAAGAAAAAATTGATTTTACTTTCT
Ontario.CAN/40.09/1/G,GGAAAATGAAGATGGGATATTGGTAGAACAAATAGTGTAAGAAACAGTAAGCCCG,,G,,,,,,,AGTATTAAATCCATAATATCATTTTAAGAAAAAATTGATTTTACTTTCT
Ontario.CAN/50.09/3/G,GGAAAATGAAGATGGGATATTGGTAGAACAAATAGTGTAAGAAACAGTAAGCCCG,,G,,,,,,,AGTATTAAATCCATAATATCATTTTAAGAAAAAATTGATTTTACTTTCT
Ontario.CAN/50.09/1/G,GGAAAATGAAGATGGGATATTGGTAGAACAAATAGTGTAAGAAACAGTAAGCCCG,,G,,,,,,,AGTATTAAATCCATAATATCATTTTAAGAAAAAATTGATTTTACTTTCT
Ontario.CAN/08.17/2/G,AAATAGTGTAAGAAACAGTAAGCCCG,,G,,,,,,,
Ontario.CAN/07.17/1/G,AAATAGTGTAAGAAACAGTAAGCCCG,,G,,,,,,,
Ontario.CAN/09.17/2/G,AAATAGTGTAAGAAACAGTAAGCCCG,,G,,,,,,,
Ontario.CAN/08.17/3/G,AAATAGTGTAAGAAACAGTAAGCCCG,,G,,,,,,,
Ontario.CAN/09.17/4/G,AAATAGTGTAAGAAACAGTAAGCCCG,,G,,,,,,,
Ontario.CAN/06.17/1/G,AAATAGTGTAAGAAACAGTAAGCCCG,,G,,,,,,,
Ontario.CAN/06.17/3/G,AAATAGTGTAAGAAACAGTAAGCCCG,,G,,,,,,,
Ontario.CAN/12.17/4/G,AAATAGTGTAAGAAACAGTAAGCCCG,,G,,,,,,,
Ontario.CAN/06.17/4/G,AAATAGTGTAAGAAACAGTAAGCCCG,,G,,,,,,,
Ontario.CAN/09.17/9/G,AAATAGTGTAAGAAACAGTAAGCCCG,,G,,,,,,,
Ontario.CAN/13.17/2/G,AAATAGTGTAAGAAACAGTAAGCCCG,,G,,,,,,,
Ontario.CAN/06.17/2/G,AAATAGTGTAAGAAACAGTAAGCCCG,,G,,,,,,,
Ontario.CAN/09.17/8/G,AAATAGTGTAAGAAACAGTAAGCCCG,,G,,,,,,,
Ontario.CAN/09.17/6/G,AAATAGTGTAAGAAACAGTAAGCCCG,,G,,,,,,,
Ontario.CAN/09.17/7/G,AAATAGTGTAAGAAACAGTAAGCCCG,,G,,,,,,,
Ontario.CAN/12.17/5/G,AAATAGTGTAAGAAACAGTAAGCCCG,,G,,,,,,,
Ontario.CAN/04.17/1/G,AAATAGTGTAAGAAACAGTAAGCCCG,,G,,,,,,,
Ontario.CAN/09.17/3/G,AAATAGTGTAAGAAACAGTAAGCCCG,,G,,,,,,,
Ontario.CAN/12.17/3/G,AAATAGTGTAAGAAACAGTAAGCCCG,,G,,,,,,,
Ontario.CAN/12.17/2/G,AAATAGTGTAAGAAACAGTAAGCCCG,,G,,,,,,,
Ontario.CAN/09.17/10/G,AAATAGTGTAAGAAACAGTAAGCCCG,,G,,,,,,,
Ontario.CAN/13.17/1/G,AAATAGTGTAAGAAACAGTAAGCCCG,,G,,,,,,,
Ontario.CAN/09.17/1/G,AAATAGTGTAAGAAACAGTAAGCCCG,,G,,,,,,,
Ontario.CAN/12.17/1/G,AAATAGTGTAAGAAACAGTAAGCCCG,,G,,,,,,,
BritishColumbia.CAN/8.17/5/G,AAGGGGAAAATGAAGATGGGATATTGGTAGAACAAATAGTGTAAGAAACAGTAAGCCCG,,G,,,,,,,
BritishColumbia.CAN/29.16/6/G,AAGGGGAAAATGAAGATGGGATATTGGTAGAACAAATAGTGTAAGAAACAGTAAGCCCG,,G,,,,,,,
BritishColumbia.CAN/23.16/1/G,AAGGGGAAAATGAAGATGGGATATTGGTAGAACAAATAGTGTAAGAAACAGTAAGCCCG,,G,,,,,,,
BritishColumbia.CAN/34.16/3/G,AAGGGGAAAATGAAGATGGGATATTGGTAGAACAAATAGTGTAAGAAACAGTAAGCCCG,,G,,,,,,,
BritishColumbia.CAN/8.17/8/G,TGTAAGAAACAGTAAGCCCG,,G,,,,,,,
Massachusetts.USA/9.16/4/G,TGTAAGAAACAGTAAGCCCG,,G,,,,,,,AGTAT
BritishColumbia.CAN/30.16/3/G,TGTAAGAAACAGTAAGCCCG,,G,,,,,,,
Massachusetts.USA/39.16/1/G,CCCG,,G,,,,,,,AGTATTAAATC
Massachusetts.USA/22.17/9/G,TAAGCCCG,,G,,,,,,,
BritishColumbia.CAN/25.16/5/G,TAAGCCCG,,G,,,,,,,
BritishColumbia.CAN/26.16/5/G,TAAGCCCG,,G,,,,,,,
BritishColumbia.CAN/29.16/4/G,TAAGCCCG,,G,,,,,,,
BritishColumbia.CAN/30.16/1/G,TAAGCCCG,,G,,,,,,,
BritishColumbia.CAN/19.16/5/G,TAAGCCCG,,G,,,,,,,
BritishColumbia.CAN/18.16/3/G,TAAGCCCG,,G,,,,,,,
BritishColumbia.CAN/28.16/6/G,TAAGCCCG,,G,,,,,,,
BritishColumbia.CAN/36.16/G,TAAGCCCG,,G,,,,,,,
Massachusetts.USA/19.16/11/G,AGCCCG,,G,,,,,,,AGTATTAAATCCATAATAT
Massachusetts.USA/22.16/1/G,AGCCCG,,G,,,,,,,
BritishColumbia.CAN/11.16/G,CAAGGGGAAAATGAAGATGGGATATTGGTAGAACAAATAGTGTAAGAAACAGTAAGCCCG,,G,,,,,,,
BritishColumbia.CAN/28.16/1/G,CCAAGGGGAAAATGAAGATGGGGTATTGGTAGAACAAATAGTGTAAGAAACAGTAAGCCCG,,G,,,,,,,
BritishColumbia.CAN/24.16/3/G,AAGGGGAAAATGAAGATTGGATATTGGTAGAACAAATAGTGTAAGAAACAGTAAGCCCG,,G,,,,,,,
BritishColumbia.CAN/24.16/5/G,AGGGGAAAATGAAGATGGGATATTGGTAGAACAAATAGTGTAAGAAACAGTAAGCCCG,,G,,,,,,,
BritishColumbia.CAN/25.16/3/G,ACAGTAAGCCCG,,G,,,,,,,
Wisconsin.USA/11.07/FH108/G,ACAGTAAGCCCG,,G,,,,,,,
BritishColumbia.CAN/22.16/2/G,GATGGGATATTGGTAGAACAAATAGTGTAAGAAACAGTAAGCCCG,,G,,,,,,,
BritishColumbia.CAN/24.16/1/G,GGGGAAAATGAAGATGGGATATTGGTAGAACAAATAGTGTAAGAAACAGTAAGCCCG,,G,,,,,,,
BritishColumbia.CAN/26.16/1/G,ATGAAGATGGGATATTGGTAGAACAAATAGTGTAAGAAACAGTAAGCCCG,,G,,,,,,,
BritishColumbia.CAN/29.16/5/G,AAACAGTAAGCCCG,,G,,,,,,,
Iowa.USA/06/G,AATAGTGTAAGAAACAGTAAGCCCG,,G,,,,,,,AGTATTGAATCCATAATATCATTTTAA
Wisconsin.USA/7.07/FH154/G,CG,,G,,,,,,,
Washington.USA/2.17/FH23/G,,,G,,,,,,,
Washington.USA/5.17/FH10/G,,,G,,,,,,,
Washington.USA/50.16/FH33/G,,,G,,,,,,,
Washington.USA/1.17/FH7/G,,,G,,,,,,,
Washington.USA/48.16/FH1/G,,,G,,,,,,,
Washington.USA/5.17/FH161/G,,,G,,,,,,,
Washington.USA/8.17/FH17/G,,,G,,,,,,,
Washington.USA/2.17/FH21/G,,,G,,,,,,,
Ohio.USA/19.16/FH119/G,,,G,,,,,,,
Massachusetts.USA/45.16/5/G,,,G,,,,,,,
Wisconsin.USA/19.16/FH121/G,,,G,,,,,,,
Massachusetts.USA/11.16/2/G,,,G,,,,,,,
Massachusetts.USA/9.16/3/G,,,G,,,,,,,AGTAT
Massachusetts.USA/14.16/3/G,,,G,,,,,,,
Washington.USA/7.17/FH15/G,,,G,,,,,,,
Texas.USA/15.17/G,,,G,,,,,,,
Massachusetts.USA/20.16/2/G,,,G,,,,,,,
Wisconsin.USA/16.14/FH110/G,,,G,,,,,,,
Wisconsin.USA/29.14/FH113/G,,,G,,,,,,,
Wisconsin.USA/24.14/FH112/G,,,G,,,,,,,
Massachusetts.USA/12.16/5/G,,,G,,,,,,,
Massachusetts.USA/12.16/3/G,,,G,,,,,,,
Massachusetts.USA/16.16/1/G,,,G,,,,,,,
Massachusetts.USA/14.16/1/G,,,G,,,,,,,AGTAT
Massachusetts.USA/22.16/3/G,,,G,,,,,,,AGTAT
Massachusetts.USA/16.16/8/G,,,G,,,,,,,
Massachusetts.USA/16.16/10/G,,,G,,,,,,,AGTATTAAA
Missouri.USA/46.16/FH124/G,,,G,,,,,,C,
Massachusetts.USA/10.16/13/G,,,G,,,,,,,
Massachusetts.USA/16.16/13/G,,,G,,,,,,,
BritishColumbia.CAN/27.16/4/G,,,G,,,,,,,
BritishColumbia.CAN/17.16/G,,,G,,,,,,,
BritishColumbia.CAN/28.16/5/G,,,G,,,,,,,
BritishColumbia.CAN/21.16/3/G,,,G,,,,,,,
BritishColumbia.CAN/20.16/1/G,,,G,,,,,,,
BritishColumbia.CAN/18.16/G,,,G,,,,,,,
BritishColumbia.CAN/24.16/4/G,,,G,,,,,,,
BritishColumbia.CAN/31.16/2/G,,,G,,,,,,,
BritishColumbia.CAN/19.16/1/G,,,G,,,,,,,
BritishColumbia.CAN/21.16/4/G,,,G,,,,,,,
BritishColumbia.CAN/21.16/2/G,,,G,,,,,,,
BritishColumbia.CAN/21.16/6/G,,,G,,,,,,,
BritishColumbia.CAN/19.16/2/G,,,G,,,,,,,
BritishColumbia.CAN/42.16/G,,,G,,,,,,,
BritishColumbia.CAN/28.16/4/G,,,G,,,,,,,
Wisconsin.USA/41.06/FH153/G,,,G,,,,,,,
Wisconsin.USA/28.06/FH159/G,,,G,,,,,,,
Massachusetts.USA/27.16/2/G,,,G,,,,,,,
Massachusetts.USA/22.17/3/G,,,G,,,,,,,AGTATT
Massachusetts.USA/10.16/5/G,,,G,,,,,,,
Washington.USA/4.17/FH103/G,,,G,,,,,,,
Washington.USA/23.17/FH149/G,,,,,,,,,C,
Ohio.USA/46.17/FH157/G,,,,,,,,,C,
Missouri.USA/46.16/FH123/G,,,,,,,,,C,
Missouri.USA/15.17/FH138/G,,,,,,,,,C,
Missouri.USA/15.17/FH134/G,,,,,,,,,C,
Wisconsin.USA/19.17/FH141/G,,,,,,,,,C,
Wisconsin.USA/15.17/FH89/G,,,,,,,,,C,
Alabama.USA/15.17/FH139/G,,,,,,,,,C,
Missouri.USA/15.17/FH135/G,,,,,,,,,C,
