ORF2_type	strain	ORF1_type
GII.6	KX268709	GII.P7
GII.4	KY486271	GII.P31 (GII.Pe)
GII.6	MH791993	GII.P7
GII.4	MH791994	GII.P16
GII.4	LC421227	GII.P12
GII.4	LC421228	GII.P12
GI.3	MG557648	GI.P3
GI.7	MG557649	GI.P7
GI.3	MG557650	GI.P3
GI.7	MG557651	GI.P7
GI.6	MG557652	GI.P6
GII.6	MG557654	GII.P7
GII.10	MG557655	GII.P31 (GII.Pe)
	MG557656	Could not assign
GII.4	MG557657	GII.P31 (GII.Pe)
GII.17	MH997861	GII.P17
GII.4	MG548737	GII.P4
GII.2	MH979229	GII.P16
GII.4	MH979230	GII.P31 (GII.Pe)
GII.17	MG692610	GII.P17
GII.4	MG733284	GII.P31 (GII.Pe)
GII.4	MG733285	GII.P31 (GII.Pe)
GII.4	MG733286	GII.P31 (GII.Pe)
GII.4	MG733287	GII.P31 (GII.Pe)
GII.13	MH702283	GII.P16
GII.6	MH702284	GII.P7
GII.21	MH702285	GII.P21 (GII.Pb)
GII.3	MH702287	GII.P16
GII.6	MH702288	GII.P7
GII.17	MH746922	GII.P17
GII.17	MH746923	GII.P17
GII.17	MH746924	GII.P17
GII.17	MH746925	GII.P17
GII.17	MH747479	GII.P17
GII.17	MH747480	GII.P17
GII.6	MH702286	GII.P7
GII.4	MH702256	GII.P31 (GII.Pe)
GII.21	MH702257	GII.P21 (GII.Pb)
GII.4	MH702258	GII.P31 (GII.Pe)
GII.3	MH702259	GII.P16
GII.2	MH702261	GII.P2
GI.9	MH702262	GI.P9
GII.13	MH702263	GII.P21 (GII.Pb)
GII.21	MH702264	GII.P21 (GII.Pb)
GII.2	MH702265	GII.P2
GII.4	MH702266	GII.P4
GII.3	MH702267	GII.P16
GII.21	MH702268	GII.P21 (GII.Pb)
GII.4	MH702269	GII.P31 (GII.Pe)
GII.4	MH702270	GII.P31 (GII.Pe)
GII.4	MH702271	GII.P31 (GII.Pe)
GII.4	MH702272	GII.P31 (GII.Pe)
GII.4	MH702273	GII.P31 (GII.Pe)
GII.4	MH702274	GII.P31 (GII.Pe)
GII.4	MH702275	GII.P31 (GII.Pe)
GII.13	MH702276	GII.P16
GII.13	MH702277	GII.P16
GII.21	MH702278	GII.P21 (GII.Pb)
GII.21	MH702279	GII.P21 (GII.Pb)
GII.21	MH702280	GII.P21 (GII.Pb)
GII.21	MH702281	GII.P21 (GII.Pb)
GII.21	MH702282	GII.P21 (GII.Pb)
GII.17	MH747481	GII.P17
GII.17	MH747482	GII.P17
GII.17	MH890538	GII.P17
GII.17	MH890539	GII.P17
GII.3	KF895841	GII.P16
GII.8	MK213549	GII.P8
GII.2	MK340748	GII.P16
GI.6	MK236608	GI.P11 (GI.Pb)
GI.6	MK236609	GI.P11 (GI.Pb)
GI.6	MK236610	GI.P11 (GI.Pb)
GI.6	MK236611	GI.P11 (GI.Pb)
GII.17	MK282256	GII.P17
GII.17	MK282257	GII.P17
GII.17	MK282258	GII.P17
GII.4	MK073885	GII.P16
GII.3	MK073886	GII.P12
GI.3	MK073887	GI.P13 (GI.Pd)
GII.4	MK073888	GII.P16
GII.4	MK073889	GII.P4
GII.4	MK073890	GII.P16
GII.4	MK073891	GII.P16
GI.3	MK073892	GI.P13 (GI.Pd)
GI.3	MK073893	GI.P13 (GI.Pd)
GII.4	MK073894	GII.P16
GII.17	MF421538	GII.P17
GII.17	MF421539	GII.P17
GII.17	MF421540	GII.P17
GII.17	MF421541	GII.P17
GII.17	MF421542	GII.P17
GII.14	MK641589	GII.P7
GII.4	MK629457	GII.P16
GII.2	MK590972	GII.P16
GII.2	MK590973	GII.P16
GII.2	MK590974	GII.P16
GII.12	MK616558	GII.P16
GII.12	MK616559	GII.P16
GII.12	MK616560	GII.P16
GII.12	MK616561	GII.P16
GII.1	MK616584	GII.P33 (GII.Pg)
GII.1	MK616585	GII.P33 (GII.Pg)
GII.6	MK301293	GII.P7
GI.6	LC342057	GI.PNA4 (GI.Pg)
GI.6	LC342058	GI.PNA4 (GI.Pg)
GII.12	LC342059	GII.PNA7 (GII.Pr)
GII.2	MH041321	GII.P16
GII.2	MH041322	GII.P16
GII.4	MK752933	GII.P16
GII.4	MK752934	GII.P16
GII.2	MK752935	GII.P16
GII.4	MK752936	GII.P16
GII.4	MK752937	GII.P16
GII.4	MK752938	GII.P16
GII.2	MK752939	GII.P16
GII.2	MK752940	GII.P16
GII.2	MK752941	GII.P16
GII.14	MK588004	GII.P7
GII.2	MK729086	GII.P2
GII.4	MK752942	GII.P16
GII.4	MK753032	GII.P16
GII.1	MK753033	GII.P16
GII.1	MK753034	GII.P16
GII.2	MK753035	GII.P16
GII.12	MK753036	GII.P16
GII.4	MK754442	GII.P16
GII.13	MK754443	GII.P16
GII.4	MK754444	GII.P16
GII.12	MK754445	GII.P16
GII.4	MK754446	GII.P16
GII.12	MK754447	GII.P16
GII.4	MK756033	GII.P16
GII.4	MK756034	GII.P16
GII.4	MK756035	GII.P16
GII.4	MK756036	GII.P16
GII.4	MK756037	GII.P16
GII.4	MK756038	GII.P16
GII.4	MK752943	GII.P16
GII.2	MK752944	GII.P2
GII.2	MK752945	GII.P2
GII.13	MK752946	GII.P16
GII.13	MK752947	GII.P16
GII.4	MK752948	GII.P31 (GII.Pe)
GII.2	MK752949	GII.P16
GII.2	MK753007	GII.P2
GII.13	MK753008	GII.P16
GII.13	MK753009	GII.P16
GII.13	MK753010	GII.P16
GII.2	MK753011	GII.P2
GII.2	MK753012	GII.P2
GII.2	MK753013	GII.P2
GII.2	MK753014	GII.P2
GII.2	MK753015	GII.P2
GII.2	MK753016	GII.P16
GII.4	MK753017	GII.P16
GII.4	MK753018	GII.P16
GII.4	MK753019	GII.P31 (GII.Pe)
GII.13	MK753020	GII.P16
GII.2	MK753021	GII.P16
GII.4	MK753028	GII.P4
GII.4	MK753029	GII.P16
GII.4	MK753030	GII.P16
GII.2	MK753031	GII.P2
GII.13	MK762565	GII.P16
GII.4	MK762566	GII.P16
GII.4	MK762567	GII.P16
GII.4	MK762569	GII.P16
GII.4	MK764019	GII.P31 (GII.Pe)
GII.3	MK764020	GII.P16
GII.4	MK764021	GII.P16
GII.2	MK764022	GII.P16
GII.2	MK764039	GII.P2
GII.4	MK762622	GII.P4
GII.4	MK762623	GII.P4
GII.4	MK762624	GII.P16
GII.4	MK762638	GII.P16
GII.4	MK762639	GII.P16
GII.2	MK762625	GII.P16
GII.2	MK762626	GII.P16
GII.3	MK762640	GII.P16
GII.12	MK762627	GII.P16
GII.2	MK762628	GII.P2
GII.2	MK762641	GII.P16
GII.13	MK762745	GII.P16
GII.4	MK762746	GII.P16
GII.4	MK764013	GII.P16
GII.13	MK764014	GII.P16
GII.4	MK764015	GII.P16
GII.4	MK764016	GII.P16
GII.2	MK764017	GII.P16
GII.4	MK764018	GII.P16
GII.4	MK762629	GII.P16
GII.4	MK762630	GII.P31 (GII.Pe)
GII.2	MK762631	GII.P16
GII.4	MK762632	GII.P16
GII.2	MK762633	GII.P16
GII.2	MK762634	GII.P16
GII.4	MK762635	GII.P16
GII.4	MK762636	GII.P16
GII.4	MK762637	GII.P16
GII.4	MK762570	GII.P16
GII.4	MK762621	GII.P16
GII.4	MK762568	GII.P16
GII.2	MK764040	GII.P2
GII.12	MK764041	GII.P16
GII.2	MK764042	GII.P16
GII.2	MK764043	GII.P16
GII.2	MK775028	GII.P2
GII.2	MK775029	GII.P2
GII.2	MK775030	GII.P16
GII.13	MK775031	GII.P16
GII.4	MK775032	GII.P16
GII.2	MK773571	GII.P16
GII.2	MK773580	GII.P16
GII.2	MK773581	GII.P16
GII.2	MK773582	GII.P16
GII.2	MK773583	GII.P16
GII.4	MK773584	GII.P16
GII.4	MK773585	GII.P16
GII.4	MK773586	GII.P16
GII.2	MK773587	GII.P16
GII.3	MK773588	GII.P16
GII.4	MK762558	GII.P31 (GII.Pe)
GII.13	MK762559	GII.P16
GII.13	MK762560	GII.P16
GII.4	MK762561	GII.P4
GII.4	MK762562	GII.P16
GII.4	MK762563	GII.P16
GII.4	MK762564	GII.P16
GII.1	MK483908	GII.P16
GII.4	MK483909	GII.P16
GII.16	KF920739	GII.P16
GII.5	HM596590	GII.P16
GII.16	GU292831	GII.P16
GII.2	MG892974	GII.P16
GII.13	MG892908	GII.P16
GII.2	MK789430	GII.P2
GII.17	MK789431	GII.P17
GII.17	MK789432	GII.P17
GII.17	MK789433	GII.P17
GII.4	MK789434	GII.P4
GII.4	MK789435	GII.P31 (GII.Pe)
GII.4	MK789436	GII.P4
GII.4	MG892929	GII.P16
GII.2	MK614124	GII.P16
GII.2	MK614125	GII.P16
GII.2	MK614126	GII.P16
GII.2	MK614127	GII.P16
GII.2	MK614128	GII.P16
GII.2	MK614129	GII.P16
GII.2	MK614130	GII.P16
GII.2	MK614131	GII.P16
GII.2	MK614132	GII.P16
GII.2	MK614133	GII.P16
GII.2	MK614134	GII.P16
GII.2	MK614135	GII.P16
GII.2	MK614136	GII.P16
GII.2	MK614137	GII.P16
GII.3	MG892953	GII.P16
GII.6	MG674720	GII.P7
GII.4	MK934772	GII.P31 (GII.Pe)
GII.3	MG892946	GII.P16
GII.7	MN038126	GII.P7
GI.1	MH638228	GI.P1
GI.1	MH638229	GI.P1
GII.3	KF944110	GII.P16
GII.3	KF944111	GII.P16
GII.21	MK396771	GII.P21 (GII.Pb)
GII.3	MK396772	GII.P16
GII.21	MK396773	GII.P21 (GII.Pb)
GII.17	MK396775	GII.P17
GII.3	MK396777	GII.P16
GII.13	MK396778	GII.P16
GII.3	MN199033	GII.P12
GI.6	MN226991	GI.P11 (GI.Pb)
GII.12	MK355712	GII.P16
GII.12	MK355713	GII.P16
GII.4	MN248513	GII.P4
GII.6	MN248514	GII.P7
GII.6	MN248515	GII.P7
GII.6	MN248516	GII.P7
GII.6	MN248517	GII.P7
GII.4	MN248518	GII.P4
GIX.1 (GII.15)	MN227777	GII.P15
GIX.1 (GII.15)	MN227770	GII.P15
GIX.1 (GII.15)	MN227771	GII.P15
GIX.1 (GII.15)	MN227772	GII.P15
GIX.1 (GII.15)	MN227773	GII.P15
GIX.1 (GII.15)	MN227774	GII.P15
GIX.1 (GII.15)	MN227775	GII.P15
GIX.1 (GII.15)	MN227776	GII.P15
GII.2	MH671553	GII.P2
GII.2	MN394542	GII.P16
GII.13	MN394543	GII.P21 (GII.Pb)
GII.2	MN394544	GII.P16
GII.13	MN394545	GII.P21 (GII.Pb)
GII.17	MN394546	GII.P17
GII.16	MN447470	GII.P16
GII.16	MN447471	GII.P16
GI.3	MN448477	GI.P3
GII.23	MN453358	GII.P23
GII.24	MN453359	GII.P24
GII.2	MN493873	GII.P16
GIX.1 (GII.15)	MN473468	GII.P15
GIX.1 (GII.15)	MN462922	GII.P15
GII.4	MN525275	GII.P16
GII.4	MN525276	GII.P16
GII.4	MK907797	GII.P31 (GII.Pe)
GII.3	MK907798	GII.P21 (GII.Pb)
GII.4	MK907799	GII.P4
GII.4	MK907796	GII.P31 (GII.Pe)
GI.8	MK762573	GI.P8
GII.4	MK762719	GII.P31 (GII.Pe)
GII.21	MK762720	GII.P21 (GII.Pb)
GII.7	MK762722	GII.P7
GIX.1 (GII.15)	MK762723	GII.P15
GII.4	MK762724	GII.P16
GII.17	MN853414	GII.P17
GII.17	MH608288	GII.P17
GII.17	MH638230	GII.P17
GI.4	MN938460	GI.P4
GI.4	MN938461	GI.P4
GII.4	MN400355	GII.P31 (GII.Pe)
GII.4	MN703761	GII.P31 (GII.Pe)
GII.4	MK928496	GII.P31 (GII.Pe)
GII.4	MK928497	GII.P31 (GII.Pe)
GII.4	MT026582	GII.P4
GII.4	MT028542	GII.P31 (GII.Pe)
GII.4	MT029316	GII.P16
GII.4	MT031761	GII.P16
GII.4	MT031821	GII.P16
GI.3	MT031988	GI.P3
GII.4	MT032004	GII.P16
GII.17	MN960578	GII.P17
GII.2	MK648240	GII.P16
GII.17	MK648241	GII.P17
GII.17	MK648242	GII.P17
GII.2	MK648237	GII.P16
GII.2	MK648238	GII.P16
GII.2	MK648239	GII.P16
GII.4	MN782359	GII.P16
GII.13	KY210920	GII.P16
GII.17	MK907800	GII.P17
GII.17	MK907801	GII.P17
GII.4	KY210980	GII.P16
GII.4	MT474044	GII.P31 (GII.Pe)
GII.4	MT474048	GII.P31 (GII.Pe)
GII.6	NC_040876	GII.P7
GI.3	NC_039897	GI.P3
GVIII.1 (GII.23)	NC_044046	GII.P28
GII.4	MT474041	GII.P31 (GII.Pe)
GII.4	MT474040	GII.P31 (GII.Pe)
GI.7	NC_044856	GI.PNA2
GII.17	NC_039475	GII.P17
	NC_029647	
GI.1	MT357992	GI.P1
GI.8	MT372476	GI.P8
GII.4	MT344180	GII.P16
GII.4	MT474051	GII.P31 (GII.Pe)
GI.3	MT372470	GI.P3
GII.4	MT474047	GII.P31 (GII.Pe)
GI.2	MT372465	GI.P2
GII.4	MT474034	GII.P31 (GII.Pe)
GI.7	MT357898	GI.P7
GII.4	MT474049	GII.P31 (GII.Pe)
GI.6	MT372477	GI.P11 (GI.Pb)
GI.7	MT372462	GI.P7
GI.7	MT372469	GI.P7
GII.4	MT474038	GII.P31 (GII.Pe)
GI.9	MT372474	GI.P9
GII.NA2	NC_044932	GII.PNA2
GI.6	MT357996	GI.P11 (GI.Pb)
GI.7	MT357897	GI.P7
GII.4	NC_039477	GII.P16
GI.6	NC_044854	GI.PNA1 (GI.Pb)
GII.4	MT344179	GII.P16
GII.17	MT371769	GII.P17
GI.6	NC_044853	GI.PNA4 (GI.Pg)
GI.6	MT357995	GI.P11 (GI.Pb)
GII.4	MT474032	GII.P31 (GII.Pe)
GII.4	MT474033	GII.P31 (GII.Pe)
GI.3	MT089579	GI.P3
GII.4	MT474052	GII.P31 (GII.Pe)
GI.3	MT372463	GI.P3
GI.2	MT372464	GI.P2
GI.3	MT372468	GI.P3
GII.4	MT238666	GII.P16
GII.4	MT238667	GII.P16
GI.1	MT357993	GI.P1
GI.3	MT372466	GI.P13 (GI.Pd)
GII.4	MT474043	GII.P31 (GII.Pe)
GI.9	MT372475	GI.P9
GII.4	MT474042	GII.P31 (GII.Pe)
GI.3	MT372467	GI.P13 (GI.Pd)
	NC_044855	
GII.4	MT474039	GII.P31 (GII.Pe)
GII.4	MT474050	GII.P31 (GII.Pe)
GIX.1 (GII.15)	NC_044045	GII.P15
GII.17	MT238669	GII.P17
GI.7	MT357994	GI.P7
GI.1	MT357991	GI.P1
GII.4	MT238671	GII.P16
GI.7	MT357899	GI.P7
GII.4	MT238670	GII.P16
GII.17	MT344182	GII.P17
GII.4	MT238668	GII.P16
GII.4	MT238672	GII.P16
GII.17	MT344181	GII.P17
GI.3	MT089580	GI.P3
GII.17	MT238664	GII.P17
GI.3	MT089578	GI.P3
GII.17	MT238665	GII.P17
GII.17	MT238663	GII.P17
GII.4	MT367328	GII.P16
GII.4	MT362912	GII.P4
GII.4	MT362913	GII.P4
GII.2	MT362914	GII.P16
GII.2	MT362915	GII.P16
GII.2	MT362916	GII.P16
GII.4	MT362917	GII.P4
GII.3	MT409884	GII.P12
GII.3	MT409885	GII.P12
GII.3	MT409886	GII.P12
GII.6	MT409887	GII.P7
GII.6	MT416724	GII.P7
GII.4	MT420909	GII.P31 (GII.Pe)
GII.4	MT439866	GII.P31 (GII.Pe)
GII.4	MT448670	GII.P4
GI.3	MT451991	GI.P13 (GI.Pd)
GII.13	MT526278	GII.P16
GI.3	MT526276	GI.P13 (GI.Pd)
GI.3	MT526277	GI.P13 (GI.Pd)
GIX.1 (GII.15)	MT703831	GII.P15
GII.2	MT738527	GII.P16
GII.17	MN996296	GII.P17
GII.4	MN996297	GII.P16
GII.8	MN996298	GII.P8
GII.4	MN996299	GII.P16
GII.17	MN996300	GII.P17
GI.1	MT008453	GI.P1
GI.5	MT008454	GI.P12 (GI.Pc)
GI.3	MT008455	GI.P13 (GI.Pd)
GI.3	MT008456	GI.P13 (GI.Pd)
GI.3	MT008457	GI.P10 (GI.Pa)
GI.5	MT008458	GI.P12 (GI.Pc)
GI.7	MT008459	GI.P7
GI.5	MT008460	GI.P12 (GI.Pc)
GIX.1 (GII.15)	MT010298	GII.P15
GIX.1 (GII.15)	MT010299	GII.P15
GII.3	MT755733	GII.P12
GII.4	MT537605	GII.P16
GII.4	MT537633	GII.P16
GII.4	MT537634	GII.P16
GII.4	MT537941	GII.P16
GII.4	MT929247	GII.P4
GII.5	MW009068	GII.P40 (GII.P22)
GII.5	MW009069	GII.P40 (GII.P22)
GII.4	MW009070	GII.P4
GII.4	MW009071	GII.P31 (GII.Pe)
GII.5	MW009072	GII.P40 (GII.P22)
GIX.1 (GII.15)	KJ196290	GII.P15
GII.4	MT232050	GII.P31 (GII.Pe)
GII.4	MW019618	GII.P31 (GII.Pe)
GII.4	MW019619	GII.P31 (GII.Pe)
GII.4	MW019620	GII.P31 (GII.Pe)
GII.4	MW019621	GII.P31 (GII.Pe)
GII.4	MW019622	GII.P31 (GII.Pe)
GIX.1 (GII.15)	MT707683	GII.P15
GII.7	MW284776	GII.P7
GII.7	MW284777	GII.P7
GII.7	MW284778	GII.P7
GII.4	MW284779	GII.P4
GII.4	MW284780	GII.P4
GII.4	MW284781	GII.P4
GII.4	MW284782	GII.P4
GII.4	MW284783	GII.P4
GII.7	MW284784	GII.P7
GII.17	LC369214	GII.P17
GII.17	LC369215	GII.P17
GII.17	LC369216	GII.P17
GII.17	LC369217	GII.P17
GII.17	LC369218	GII.P17
GII.17	LC369219	GII.P17
GII.17	LC369220	GII.P17
GII.17	LC369221	GII.P17
GII.17	LC369222	GII.P17
GII.17	LC369224	GII.P17
GII.17	LC369225	GII.P17
GII.17	LC369227	GII.P17
GII.17	LC369228	GII.P17
GII.17	LC369229	GII.P17
GII.17	LC369230	GII.P17
GII.17	LC369231	GII.P17
GII.17	LC369232	GII.P17
GII.17	LC369233	GII.P17
GII.17	LC369234	GII.P17
GII.17	LC369235	GII.P17
GII.17	LC369236	GII.P17
GII.17	LC369237	GII.P17
GII.17	LC369238	GII.P17
GII.17	LC369239	GII.P17
GII.17	LC369240	GII.P17
GII.17	LC369241	GII.P17
GII.17	LC369242	GII.P17
GII.17	LC369243	GII.P17
GII.17	LC369244	GII.P17
GII.17	LC369245	GII.P17
GII.17	LC369246	GII.P17
GII.17	LC369247	GII.P17
GII.17	LC369248	GII.P17
GII.17	LC369249	GII.P17
GII.17	LC369251	GII.P17
GII.17	LC369252	GII.P17
GII.17	LC369253	GII.P17
GII.17	LC369254	GII.P17
GII.17	LC369255	GII.P17
GII.17	LC369256	GII.P17
GII.17	LC369257	GII.P17
GII.17	LC369258	GII.P17
GII.4	MW045405	GII.P13
GII.4	MW045406	GII.P31 (GII.Pe)
GII.4	MW019959	GII.P31 (GII.Pe)
GII.4	MW019958	GII.P31 (GII.Pe)
GII.4	MW019957	GII.P31 (GII.Pe)
GII.4	MW019956	GII.P31 (GII.Pe)
GII.4	MT742777	GII.P31 (GII.Pe)
GII.4	MN588299	GII.P31 (GII.Pe)
GII.4	MN588300	GII.P31 (GII.Pe)
GII.4	MN588301	GII.P31 (GII.Pe)
GII.4	MN588302	GII.P31 (GII.Pe)
GII.4	MN588303	GII.P31 (GII.Pe)
GII.4	MN588304	GII.P31 (GII.Pe)
GII.4	MN588305	GII.P31 (GII.Pe)
GII.4	MN588306	GII.P31 (GII.Pe)
GII.4	MN588307	GII.P31 (GII.Pe)
GII.13	LC597111	GII.P16
GII.17	LC597112	GII.P17
GII.13	LC597113	GII.P16
GII.4	LC597114	GII.P31 (GII.Pe)
GII.4	LC597115	GII.P31 (GII.Pe)
GII.4	LC597116	GII.P31 (GII.Pe)
GII.3	LC597117	GII.P16
GII.13	LC597119	GII.P16
GII.1	LC597120	GII.P33 (GII.Pg)
GII.6	LC597121	GII.P7
GII.13	LC597122	GII.P16
GII.6	LC597123	GII.P7
GII.6	LC597124	GII.P7
GII.3	LC597125	GII.P12
GII.13	LC597126	GII.P16
GII.4	LC597127	GII.P31 (GII.Pe)
GII.4	LC597128	GII.P31 (GII.Pe)
GII.4	LC597129	GII.P31 (GII.Pe)
GII.4	LC597130	GII.P31 (GII.Pe)
GII.6	LC597131	GII.P7
GII.3	LC597132	GII.P12
GII.4	LC597133	GII.P16
GI.3	MW445537	GI.P13 (GI.Pd)
GII.4	MT735394	GII.P31 (GII.Pe)
GII.4	MW559990	GII.P31 (GII.Pe)
GII.4	MW559991	GII.P31 (GII.Pe)
GII.4	MW559992	GII.P31 (GII.Pe)
GII.4	MW559993	GII.P31 (GII.Pe)
GII.4	MW559994	GII.P31 (GII.Pe)
GII.3	MT256120	GII.P16
GII.3	MT256116	GII.P16
GII.6	MT158850	GII.P7
GII.2	MT158851	GII.P16
GII.2	MT158852	GII.P16
GII.2	MT158853	GII.P16
GII.3	MT158854	GII.P12
GII.2	MT158855	GII.P16
GII.2	MT158856	GII.P16
GII.2	MT158857	GII.P16
GII.4	MT158858	GII.P31 (GII.Pe)
GII.4	AB933740	GII.P4
GII.4	AB933760	GII.P4
GII.17	KR154230	GII.P17
GII.4	AB933664	GII.P4
GII.4	AB933738	GII.P4
GII.4	AB933685	GII.P4
GII.4	AB933710	GII.P4
GII.4	AB933767	GII.P4
GII.4	AB933659	GII.P4
GII.4	AB933676	GII.P4
GII.4	AB933702	GII.P4
GII.4	AB933679	GII.P4
GII.4	AB933723	GII.P4
GII.4	AB933725	GII.P4
GII.4	AB933729	GII.P4
GII.4	AB933751	GII.P4
GII.4	AB933681	GII.P4
GI.8	KJ196298	GI.P8
GII.4	AB933697	GII.P4
GII.4	AB933715	GII.P4
GII.4	AB933708	GII.P4
GII.4	AB933677	GII.P4
GII.4	AB933705	GII.P4
GII.4	AB933759	GII.P4
GII.4	AB933675	GII.P4
GII.4	KT202796	GII.P31 (GII.Pe)
GII.17	KT970370	GII.P17
GII.17	AB983218	GII.P17
GII.17	KT970373	GII.P17
GII.17	KT970377	GII.P17
GII.17	KT970376	GII.P17
GII.17	LC043167	GII.P17
GII.17	KT992790	GII.P17
GII.17	KT970374	GII.P17
GII.4	KT202793	GII.P31 (GII.Pe)
GII.17	KT992789	GII.P17
GII.4	KT202795	GII.P31 (GII.Pe)
GII.17	KT970372	GII.P17
GII.17	KT992786	GII.P17
GII.17	KT970375	GII.P17
GII.17	LC037415	GII.P17
GII.17	KT970371	GII.P17
GII.17	KT380915	GII.P17
GII.4	KF509947	GII.P4
GII.17	KT992787	GII.P17
GII.4	KT202797	GII.P31 (GII.Pe)
GII.17	KT992788	GII.P17
GII.4	KT202794	GII.P31 (GII.Pe)
GII.4	AB933716	GII.P4
GII.4	KT202798	GII.P31 (GII.Pe)
GII.17	KT970369	GII.P17
GII.17	LC043168	GII.P17
GII.17	KT992785	GII.P17
GII.4	AB972502	GII.P31 (GII.Pe)
GII.4	AB972486	GII.P4
GII.4	KF509946	GII.P31 (GII.Pe)
GII.4	AB972470	GII.P31 (GII.Pe)
GII.4	AB972480	GII.P31 (GII.Pe)
GII.4	AB972503	GII.P31 (GII.Pe)
GII.4	AB972495	GII.P31 (GII.Pe)
GII.4	AB972488	GII.P31 (GII.Pe)
GII.4	KU311158	GII.P31 (GII.Pe)
GII.4	AB972465	GII.P4
GII.4	AB972487	GII.P31 (GII.Pe)
GII.4	AB972472	GII.P31 (GII.Pe)
GII.4	AB972505	GII.P31 (GII.Pe)
GII.4	AB972482	GII.P31 (GII.Pe)
GII.4	AB972494	GII.P31 (GII.Pe)
GII.4	AB972496	GII.P31 (GII.Pe)
GII.4	AB972479	GII.P31 (GII.Pe)
GII.4	AB972469	GII.P31 (GII.Pe)
GII.4	AB972481	GII.P31 (GII.Pe)
GII.4	AB972474	GII.P4
GII.4	AB972475	GII.P31 (GII.Pe)
GII.4	KU311163	GII.P4
GII.4	AB972485	GII.P31 (GII.Pe)
GII.4	AB972498	GII.P31 (GII.Pe)
GII.4	AB972477	GII.P31 (GII.Pe)
GII.4	AB972499	GII.P31 (GII.Pe)
GI.7	KU311161	GI.P7
GII.4	AB972483	GII.P31 (GII.Pe)
GII.4	AB972467	GII.P31 (GII.Pe)
GII.4	AB972478	GII.P31 (GII.Pe)
GII.4	KU311162	GII.P4
GII.4	AB972493	GII.P31 (GII.Pe)
GII.4	AB972473	GII.P31 (GII.Pe)
GII.4	AB972491	GII.P31 (GII.Pe)
GII.4	AB972484	GII.P31 (GII.Pe)
GII.4	AB972468	GII.P31 (GII.Pe)
GII.4	AB972500	GII.P4
GII.4	AB972490	GII.P31 (GII.Pe)
GII.4	AB972489	GII.P31 (GII.Pe)
GII.4	AB972466	GII.P31 (GII.Pe)
GII.4	AB972492	GII.P31 (GII.Pe)
GII.4	AB972471	GII.P4
GII.4	AB972504	GII.P31 (GII.Pe)
GII.4	AB972501	GII.P4
GII.4	AB972476	GII.P4
GII.4	AB972497	GII.P31 (GII.Pe)
GII.17	KT780407	GII.P17
GII.17	KT780416	GII.P17
GII.17	KT780400	GII.P17
GII.17	KT326182	GII.P17
GII.17	KT780398	GII.P17
GII.5	KU311160	GII.P40 (GII.P22)
GII.17	KT780396	GII.P17
GII.17	KT780413	GII.P17
GII.17	KT780406	GII.P17
GII.17	KT780401	GII.P17
GII.17	KT780394	GII.P17
GII.17	KT326180	GII.P17
GII.17	KT780412	GII.P17
GII.17	KT780411	GII.P17
GI.8	KP407450	GI.P8
GII.17	KT780399	GII.P17
GII.17	KT780403	GII.P17
GII.17	KT780395	GII.P17
GII.17	KT780409	GII.P17
GII.17	KT780415	GII.P17
GII.17	KT780408	GII.P17
GII.17	KT780404	GII.P17
GII.17	KT780405	GII.P17
GII.17	KT780402	GII.P17
GII.17	KT780414	GII.P17
GII.17	KT780397	GII.P17
GII.17	KT326181	GII.P17
GII.17	KP998539	GII.P17
GII.17	KT780410	GII.P17
GII.17	KU561251	GII.P17
GII.17	KU561253	GII.P17
GII.17	KU561254	GII.P17
GII.17	KU561255	GII.P17
GII.17	KU561256	GII.P17
GII.17	KU561250	GII.P17
GII.17	KU561252	GII.P17
GII.17	KU557788	GII.P17
GII.17	KU557784	GII.P17
GII.17	KU557789	GII.P17
GII.17	KU557785	GII.P17
GII.6	HQ169542	GII.P6
GII.17	KU557786	GII.P17
GII.17	KU557783	GII.P17
GII.17	KU557790	GII.P17
GII.21	KX079488	GII.P21 (GII.Pb)
GII.6	GU930737	GII.P7
GII.17	KU557787	GII.P17
GII.17	KU757054	GII.P17
GII.17	KU757052	GII.P17
GII.17	KU757047	GII.P17
GII.17	KU757053	GII.P17
GII.17	KU757046	GII.P17
GII.17	KU757051	GII.P17
GII.17	KU757048	GII.P17
GII.6	KU870455	GII.P7
GII.17	KU757049	GII.P17
GII.17	KU757050	GII.P17
GII.4	AB665364	GII.P4
GII.6	KX158282	GII.P7
GII.4	KP784698	GII.P4
GII.4	KX907727	GII.P16
GII.4	KP784692	GII.P4
GII.4	AB985442	GII.P4
GII.4	KP784696	GII.P31 (GII.Pe)
GII.4	KP784695	GII.P4
GII.4	KX158285	GII.P31 (GII.Pe)
GII.4	KX158279	GII.P31 (GII.Pe)
GII.6	KX158281	GII.P7
GII.4	KP784694	GII.P4
GI.7	KX907729	GI.P7
GII.4	KP784691	GII.P4
GI.7	KX907730	GI.P7
	KX907728	
GII.4	KP784697	GII.P31 (GII.Pe)
GII.4	LC175468	GII.P16
GII.4	AB985437	Could not assign
GII.4	KX158283	GII.P31 (GII.Pe)
GII.4	KX158280	GII.P31 (GII.Pe)
GI.9	KX907731	GI.P9
GII.4	KP784693	GII.P4
	KX158286	
GII.6	KX752057	GII.P7
GII.17	KY392868	GII.P17
GII.17	KY392867	GII.P17
GII.4	LC133344	GII.P31 (GII.Pe)
GII.4	KY947550	GII.P16
GII.4	KY947549	GII.P16
GII.13	KY947548	GII.P16
GII.4	KY947547	GII.P4
GII.4	KY947546	GII.P4
GII.2	KY865307	GII.P16
GII.2	KY865306	GII.P16
GII.4	KX586330	GII.P31 (GII.Pe)
GII.4	KY496327	GII.P31 (GII.Pe)
GII.3	KY887606	GII.P16
GII.4	KY887605	GII.P16
GII.4	KY887604	GII.P16
GII.4	KY887603	GII.P16
GII.4	KY887602	GII.P16
GII.4	KY887601	GII.P16
GII.4	KY887600	GII.P16
GII.4	KY887599	GII.P16
GII.3	KY887598	GII.P16
GII.3	KY887597	GII.P16
GII.3	KY348697	GII.P12
GII.3	KY348698	GII.P12
GII.17	KU561249	GII.P17
GII.17	KU561248	GII.P17
GII.2	KY905338	GII.P16
GII.2	KY905337	GII.P16
GII.2	KY905336	GII.P16
GII.3	KY442320	GII.P41 (GII.Pg)
GII.3	KY442319	GII.P41 (GII.Pg)
GII.4	KY905335	GII.P16
GII.3	KY905334	GII.P12
GII.4	KY905333	GII.P31 (GII.Pe)
GII.17	KY905332	GII.P17
GII.4	KY905331	GII.P4
GII.17	KY905330	GII.P17
GII.2	MF405169	GII.P32 (GII.Pf)
GII.1	MF668937	GII.P33 (GII.Pg)
GII.2	MF167650	GII.P16
GII.2	MF167651	GII.P16
GII.2	MF167652	GII.P16
GII.23	KY496328	GII.P23
GII.4	KY421039	GII.P31 (GII.Pe)
GII.4	MG002631	GII.P16
GII.4	MF140655	GII.P4
GII.4	MF140656	GII.P4
GII.4	MF140657	GII.P4
GII.4	MF140658	GII.P4
GII.4	MF140659	GII.P4
GII.4	MF140660	GII.P4
GII.4	MF140661	GII.P4
GII.4	MF140662	GII.P4
GII.4	MF140663	GII.P4
GII.4	MF140664	GII.P4
GII.4	MF140665	GII.P4
GII.4	MF140666	GII.P4
GII.4	MF140667	GII.P4
GII.4	MF140650	GII.P4
GII.4	MF140651	GII.P4
GII.4	MF140652	GII.P4
GII.4	MF140653	GII.P4
GII.4	MF140654	GII.P4
GII.4	MF140635	GII.P4
GII.4	MF140636	GII.P31 (GII.Pe)
GII.4	MF140637	GII.P31 (GII.Pe)
GII.4	MF140638	GII.P31 (GII.Pe)
GII.4	MF140639	GII.P31 (GII.Pe)
GII.4	MF140640	GII.P31 (GII.Pe)
GII.4	MF140641	GII.P4
GII.4	MF140642	GII.P4
GII.4	MF140643	GII.P4
GII.4	MF140644	GII.P4
GII.7	MF140645	GII.P7
GII.7	MF140646	GII.P7
GII.7	MF140647	GII.P7
GII.7	MF140648	GII.P7
GII.4	MF140649	GII.P4
GII.4	MG002630	GII.P16
GII.4	MG002632	GII.P4
GII.4	MG002633	GII.P16
GII.4	MG002634	GII.P4
GII.4	MF140633	GII.P4
GII.4	MF140634	GII.P4
GII.4	MG214988	GII.P31 (GII.Pe)
GII.3	MF140689	GII.P21 (GII.Pb)
GII.4	MF140690	GII.P4
GII.4	MF140691	GII.P4
GII.4	MF140692	GII.P4
GII.4	MF140693	GII.P4
GII.4	MF140694	GII.P4
GII.4	MF140695	GII.P4
GII.4	MF140696	GII.P4
GII.4	MF140697	GII.P4
GII.4	MG049692	GII.P4
GI.4	MG049693	GI.P4
GII.6	MF140680	GII.P7
GII.4	MF140681	GII.P4
GII.4	MF140682	GII.P4
GII.4	MF140683	GII.P4
GII.3	MF140684	GII.P21 (GII.Pb)
GII.3	MF140685	GII.P21 (GII.Pb)
GII.3	MF140686	GII.P21 (GII.Pb)
GII.3	MF140687	GII.P21 (GII.Pb)
GII.3	MF140688	GII.P21 (GII.Pb)
GII.4	MF140668	GII.P4
GII.4	MF140669	GII.P4
GII.4	MF140670	GII.P4
GII.4	MF140671	GII.P31 (GII.Pe)
GII.4	MF140672	GII.P31 (GII.Pe)
GII.4	MF140673	GII.P31 (GII.Pe)
GII.4	MF140674	GII.P31 (GII.Pe)
GII.4	MF140675	GII.P31 (GII.Pe)
GII.6	MF140676	GII.P7
GII.6	MF140677	GII.P7
GII.6	MF140678	GII.P7
GII.6	MF140679	GII.P7
GII.2	LC209439	GII.P31 (GII.Pe)
GII.2	LC209440	GII.P2
GII.2	LC209441	GII.P16
GII.2	LC209442	GII.P16
GII.2	LC209443	GII.P16
GII.2	LC209444	GII.P16
GII.2	LC209445	GII.P16
GII.2	LC209446	GII.P16
GII.2	LC209447	GII.P16
GII.2	LC209448	GII.P16
GII.2	LC209449	GII.P16
GII.2	LC209450	GII.P16
GII.2	LC209451	GII.P16
GII.2	LC209452	GII.P16
GII.2	LC209453	GII.P16
GII.2	LC209454	GII.P16
GII.2	LC209455	GII.P16
GII.2	LC209456	GII.P16
GII.2	LC209457	GII.P2
GII.2	LC209458	GII.P16
GII.2	LC209459	GII.P16
GII.2	LC209460	GII.P16
GII.2	LC209461	GII.P16
GII.2	LC209462	GII.P2
GII.2	LC209463	GII.P2
GII.2	LC209464	GII.P2
GII.2	LC209465	GII.P2
GII.2	LC209466	GII.P16
GII.2	LC209467	GII.P16
GII.2	LC209468	GII.P16
GII.2	LC209469	GII.P2
GII.2	LC209470	GII.P16
GII.2	LC209471	GII.P16
GII.2	LC209472	GII.P2
GII.2	LC209473	GII.P2
GII.2	LC209474	GII.P2
GII.2	LC209475	GII.P16
GII.2	LC209476	GII.P16
GII.2	LC209477	GII.P16
GII.2	LC209478	GII.P16
GII.2	LC209479	GII.P16
GII.2	LC209480	GII.P16
GII.2	LC209481	GII.P16
GII.2	LC209431	GII.P16
GII.2	LC209432	GII.P16
GII.2	LC209433	GII.P16
GII.2	LC209434	GII.P16
GII.2	LC209435	GII.P12
GII.2	LC209436	GII.P2
GII.2	LC209437	GII.P2
GII.2	LC209438	GII.P2
GII.22	MG495082	GII.PNA5
GII.25 (GII.22)	MG495083	GII.P25
GII.24	MG495084	GII.P24
GII.24	MG495085	GII.P24
GII.23	MG551869	GII.P23
GII.2	LC228948	GII.P16
GII.2	LC145786	GII.P16
GII.2	LC145787	GII.P16
GII.2	LC145788	GII.P16
GII.2	LC145789	GII.P16
GII.2	LC145790	GII.P16
GII.2	LC145791	GII.P16
GII.2	LC145792	GII.P16
GII.2	LC145794	GII.P16
GII.2	LC145795	GII.P16
GII.2	LC145796	GII.P16
GII.2	LC145797	GII.P16
GII.2	LC145798	GII.P16
GII.2	LC145799	GII.P16
GII.2	LC145800	GII.P16
GII.2	LC145801	GII.P16
GII.2	LC145802	GII.P16
GII.2	LC145803	GII.P16
GII.2	LC145804	GII.P16
GII.2	LC145805	GII.P16
GII.2	LC145806	GII.P16
GII.2	LC145807	GII.P16
GII.2	LC145808	GII.P16
GII.2	LC145793	GII.P16
GII.1	MG572182	GII.P16
GII.26	KU306738	GII.P26
GII.24	KY225989	GII.P24
GII.27	MG495077	GII.P27
GII.27	MG495078	GII.P27
GII.NA1	MG495079	GII.PNA1
GII.23	MG495080	GII.P23
GII.24	MG495081	GII.P24
GII.23	KR232647	GII.P23
GII.NA2	MG706448	GII.PNA2
GII.2	MG745985	GII.P16
GII.2	MG745986	GII.P16
GII.2	MG745987	GII.P16
GII.2	MG745988	GII.P16
GII.2	MG745989	GII.P16
GII.2	MG745990	GII.P16
GII.2	MG745991	GII.P16
GII.2	MG745992	GII.P16
GII.2	MG745993	GII.P16
GII.2	MG745994	GII.P16
GII.2	MG745995	GII.P16
GII.2	MG745996	GII.P16
GII.2	MG745997	GII.P16
GII.2	MG745998	GII.P16
GII.2	MG745999	GII.P16
GII.2	MG746000	GII.P16
GII.2	MG746001	GII.P16
GII.2	MG746002	GII.P16
GII.2	MG746003	GII.P16
GII.2	MG746004	GII.P16
GII.2	MG746005	GII.P16
GII.2	MG746006	GII.P16
GII.2	MG746007	GII.P16
GII.2	MG746008	GII.P16
GII.2	MG746009	GII.P16
GII.2	MG746010	GII.P16
GII.2	MG746011	GII.P16
GII.2	MG746012	GII.P16
GII.2	MG746013	GII.P16
GII.2	MG746014	GII.P16
GII.2	MG746015	GII.P16
GII.2	MG746016	GII.P16
GII.2	MG746017	GII.P16
GII.2	MG746018	GII.P16
GII.2	MG746019	GII.P16
GII.2	MG746020	GII.P16
GII.2	MG746021	GII.P16
GII.2	MG746022	GII.P16
GII.2	MG746023	GII.P16
GII.2	MG746032	GII.P16
GII.2	MG746033	GII.P16
GII.2	MG746034	GII.P16
GII.2	MG746035	GII.P16
GII.2	MG746036	GII.P16
GII.2	MG746037	GII.P16
GII.2	MG746038	GII.P16
GII.2	MG746039	GII.P16
GII.2	MG746040	GII.P16
GII.2	MG746024	GII.P16
GII.2	MG746025	GII.P16
GII.2	MG746026	GII.P16
GII.2	MG746027	GII.P16
GII.2	MG746028	GII.P16
GII.2	MG746029	GII.P16
GII.2	MG746030	GII.P16
GII.2	MG746031	GII.P16
GII.2	MG746041	GII.P16
GII.2	MG746042	GII.P16
GII.2	MG746043	GII.P16
GII.2	MG746044	GII.P16
GII.2	MG746045	GII.P16
GI.7	MH130046	GI.PNA2
GII.6	KY424344	GII.P7
GII.4	KY424328	GII.P31 (GII.Pe)
GII.4	KY424329	GII.P31 (GII.Pe)
GII.4	KY424330	GII.P31 (GII.Pe)
GII.4	KY424331	GII.P31 (GII.Pe)
GII.4	KY424332	GII.P4
GII.4	KY424333	GII.P4
GII.4	KY424334	GII.P4
GII.4	KY424335	GII.P4
GII.4	KY424336	GII.P4
GII.4	KY424337	GII.P4
GII.4	KY424338	GII.P4
GII.4	KY424339	GII.P4
GII.4	KY424340	GII.P4
GII.6	KY424341	GII.P7
GII.6	KY424342	GII.P7
GII.6	KY424343	GII.P7
GII.6	KY424345	GII.P6
GII.6	KY424346	GII.P6
GII.6	KY424347	GII.P6
GII.6	KY424348	GII.P6
GII.17	KY424349	GII.P17
GII.17	KY424350	GII.P17
GII.26	MF352142	GII.P26
GII.26	MF352143	GII.P26
GII.26	MF352144	GII.P26
GII.26	MG572719	GII.P26
GII.26	MG572730	GII.P26
GII.26	MG572731	GII.P26
GII.26	MG572732	GII.P26
GII.4	MH218699	GII.P31 (GII.Pe)
GII.4	MH218700	GII.P31 (GII.Pe)
GII.4	MH218701	GII.P31 (GII.Pe)
GII.4	MH218702	GII.P31 (GII.Pe)
GII.4	MH218703	GII.P4
GII.4	MH218704	GII.P4
GII.4	MH218705	GII.P31 (GII.Pe)
GII.4	MH218706	GII.P31 (GII.Pe)
GII.4	MH218707	GII.P31 (GII.Pe)
GII.4	MH218708	GII.P31 (GII.Pe)
GII.4	MH218709	GII.P31 (GII.Pe)
GII.4	MH218710	GII.P4
GII.4	MH218711	GII.P31 (GII.Pe)
GII.3	MH218712	GII.P21 (GII.Pb)
GII.4	MH218713	GII.P4
GII.4	MH218714	GII.P4
GII.4	MH218715	GII.P31 (GII.Pe)
GII.4	MH218716	GII.P4
GII.3	MH218717	GII.P21 (GII.Pb)
GII.4	MH218718	GII.P4
GII.6	MH218719	GII.P7
GI.2	MH218720	GI.P2
GI.3	MH218721	GI.P13 (GI.Pd)
GI.3	MH218722	GI.P3
GI.3	MH218723	GI.P13 (GI.Pd)
GI.3	MH218724	GI.P3
GI.3	MH218725	GI.P3
GI.3	MH218726	GI.P3
GI.3	MH218727	GI.P3
GI.3	MH218728	GI.P3
GI.3	MH218729	GI.P3
GI.3	MH218730	GI.P14 (GI.Pf)
GII.1	MH218731	GII.P33 (GII.Pg)
GII.3	MH218732	GII.P21 (GII.Pb)
GII.2	MH218733	GII.P31 (GII.Pe)
GII.2	MH218734	GII.P2
GII.2	MH218735	GII.P2
GII.2	MH218736	GII.P2
GII.2	MH218737	GII.P2
GII.3	MH218738	GII.P21 (GII.Pb)
GII.4	MH188080	GII.P4
GII.3	MH218583	GII.P21 (GII.Pb)
GII.17	LC258403	GII.P17
GII.3	MH218570	GII.P21 (GII.Pb)
GII.3	MH218571	GII.P21 (GII.Pb)
GII.3	MH218572	GII.P21 (GII.Pb)
GII.3	MH218573	GII.P21 (GII.Pb)
GII.3	MH218574	GII.P21 (GII.Pb)
GII.3	MH218575	GII.P21 (GII.Pb)
GII.3	MH218576	GII.P21 (GII.Pb)
GII.3	MH218577	GII.P21 (GII.Pb)
GII.3	MH218578	GII.P21 (GII.Pb)
GII.3	MH218579	GII.P21 (GII.Pb)
GII.3	MH218580	GII.P21 (GII.Pb)
GII.3	MH218581	GII.P21 (GII.Pb)
GII.3	MH218582	GII.P21 (GII.Pb)
GII.3	MH218676	GII.P21 (GII.Pb)
GII.3	MH218677	GII.P21 (GII.Pb)
GII.3	MH218678	GII.P21 (GII.Pb)
GII.3	MH218679	GII.P21 (GII.Pb)
GII.3	MH218680	GII.P21 (GII.Pb)
GII.3	MH218681	GII.P21 (GII.Pb)
GII.3	MH218682	GII.P21 (GII.Pb)
GII.3	MH218683	GII.P21 (GII.Pb)
GII.4	MH218684	GII.P16
GII.4	MH218685	GII.P16
GII.3	MH218686	GII.P21 (GII.Pb)
GII.6	MH218687	GII.P7
GII.3	MH218688	GII.P21 (GII.Pb)
GII.17	MH218689	GII.P17
GII.3	MH218690	GII.P21 (GII.Pb)
GII.4	MH218691	GII.P4
GII.7	MH218692	GII.P7
GII.3	MH218693	GII.P21 (GII.Pb)
GII.4	MH218694	GII.P31 (GII.Pe)
GII.4	MH218695	GII.P4
GII.3	MH218696	GII.P21 (GII.Pb)
GII.2	MH218697	GII.P31 (GII.Pe)
GII.4	MH218698	GII.P4
GII.4	MH218669	GII.P4
GII.4	MH218670	GII.P4
GII.3	MH218671	GII.P21 (GII.Pb)
GII.3	MH218672	GII.P21 (GII.Pb)
GII.6	MH218673	GII.P7
GII.4	MH218674	GII.P31 (GII.Pe)
GII.3	MH218675	GII.P21 (GII.Pb)
GII.4	MH413069	GII.P4
GII.4	MH413070	GII.P4
GII.3	MH218584	GII.P21 (GII.Pb)
GII.3	MH218585	GII.P21 (GII.Pb)
GII.3	MH218586	GII.P21 (GII.Pb)
GII.3	MH218587	GII.P21 (GII.Pb)
GII.3	MH218588	GII.P21 (GII.Pb)
GII.3	MH218589	GII.P21 (GII.Pb)
GII.3	MH218590	GII.P21 (GII.Pb)
GII.17	MH218591	GII.P16
GII.3	MH218592	GII.P21 (GII.Pb)
GII.3	MH218593	GII.P21 (GII.Pb)
GII.3	MH218594	GII.P21 (GII.Pb)
GII.3	MH218595	GII.P21 (GII.Pb)
GII.3	MH218596	GII.P21 (GII.Pb)
GII.3	MH218597	GII.P21 (GII.Pb)
GII.3	MH218598	GII.P21 (GII.Pb)
GII.3	MH218599	GII.P21 (GII.Pb)
GII.3	MH218600	GII.P21 (GII.Pb)
GII.3	MH218601	GII.P21 (GII.Pb)
GII.3	MH218602	GII.P21 (GII.Pb)
GII.3	MH218603	GII.P21 (GII.Pb)
GII.3	MH218604	GII.P21 (GII.Pb)
GII.4	MH218605	GII.P31 (GII.Pe)
GII.4	MH218606	GII.P4
GII.4	MH218607	GII.P4
GII.4	MH218608	GII.P31 (GII.Pe)
GII.4	MH218609	GII.P4
GII.4	MH218610	GII.P4
GII.4	MH218611	GII.P4
GII.4	MH218612	GII.P4
GII.4	MH218613	GII.P4
GII.4	MH218614	GII.P31 (GII.Pe)
GII.4	MH218615	GII.P31 (GII.Pe)
GII.4	MH218616	GII.P31 (GII.Pe)
GII.4	MH218617	GII.P4
GII.3	MH218618	GII.P21 (GII.Pb)
GII.4	MH218619	GII.P4
GII.4	MH218620	GII.P31 (GII.Pe)
GII.4	MH218621	GII.P31 (GII.Pe)
GII.4	MH218622	GII.P31 (GII.Pe)
GII.4	MH218623	GII.P31 (GII.Pe)
GII.4	MH218624	GII.P31 (GII.Pe)
GII.4	MH218625	GII.P31 (GII.Pe)
GII.4	MH218626	GII.P31 (GII.Pe)
GII.4	MH218627	GII.P31 (GII.Pe)
GII.4	MH218628	GII.P31 (GII.Pe)
GII.4	MH218629	GII.P31 (GII.Pe)
GII.3	MH218630	GII.P21 (GII.Pb)
GII.4	MH218631	GII.P31 (GII.Pe)
GII.4	MH218632	GII.P31 (GII.Pe)
GII.4	MH218633	GII.P4
GII.4	MH218634	GII.P31 (GII.Pe)
GII.4	MH218635	GII.P31 (GII.Pe)
GII.4	MH218636	GII.P4
GII.4	MH218637	GII.P31 (GII.Pe)
GII.4	MH218638	GII.P31 (GII.Pe)
GII.6	MH218639	GII.P7
GII.6	MH218640	GII.P7
GII.6	MH218641	GII.P7
GII.6	MH218642	GII.P7
GII.6	MH218643	GII.P7
GII.6	MH218644	GII.P7
GII.6	MH218645	GII.P7
GII.3	MH218646	GII.P21 (GII.Pb)
GI.3	MH218647	GI.P3
GII.2	MH218648	GII.P31 (GII.Pe)
GI.2	MH218649	GI.P2
GII.6	MH218650	GII.P7
GII.13	MH218651	GII.P21 (GII.Pb)
GII.4	MH218652	GII.P4
GII.3	MH218653	GII.P21 (GII.Pb)
GII.3	MH218654	GII.P21 (GII.Pb)
GII.2	MH218655	GII.P2
GI.2	MH218656	GI.P2
GII.2	MH218657	GII.P31 (GII.Pe)
GII.7	MH218658	GII.P7
GI.3	MH218659	GI.P3
GII.3	MH218660	GII.P21 (GII.Pb)
GII.7	MH218661	GII.P7
GII.4	MH218662	GII.P31 (GII.Pe)
GII.4	MH218663	GII.P31 (GII.Pe)
GI.3	MH218664	GI.P3
GII.4	MH218665	GII.P4
GII.6	MH218666	GII.P7
GII.6	MH218667	GII.P7
GII.3	MH218668	GII.P21 (GII.Pb)
GII.4	MH260492	GII.P16
GII.2	MH260493	GII.P16
GII.3	MH260494	GII.P12
GII.4	MH260495	GII.P16
GII.4	MH260496	GII.P16
GII.4	MH260497	GII.P16
GII.4	MH260498	GII.P16
GII.4	MH260499	GII.P16
GII.2	MH260500	GII.P16
GII.2	MH260501	GII.P16
GII.4	MH260502	GII.P16
GII.4	MH260503	GII.P16
GII.4	MH260504	GII.P16
GII.4	MH260505	GII.P16
GII.4	MH260506	GII.P16
GII.4	MH260507	GII.P16
GII.4	MH260508	GII.P16
GII.2	MH260509	GII.P16
GII.6	MH260510	GII.P7
GII.6	MH260511	GII.P7
GII.2	MH260478	GII.P16
GII.4	MH260479	GII.P16
GII.4	MH260480	GII.P16
GII.4	MH260481	GII.P16
GII.4	MH260482	GII.P16
GII.4	MH260483	GII.P16
GII.4	MH260484	GII.P16
GII.4	MH260485	GII.P16
GII.4	MH260486	GII.P16
GII.6	MH260487	GII.P7
GII.4	MH260488	GII.P16
GII.4	MH260489	GII.P16
GII.4	MH260490	GII.P16
GII.4	MH260491	GII.P16
GII.4	MH260512	GII.P16
GII.2	MH321825	GII.P16
GI.5	MH443711	GI.P12 (GI.Pc)
GII.4	MH279823	GII.P16
GII.6	MH279824	GII.P7
GII.4	MH279825	GII.P16
GII.4	MG786781	GII.P31 (GII.Pe)
GII.6	MF802550	GII.P7
GII.2	MF802551	GII.P16
GII.5	MF802552	GII.P40 (GII.P22)
GII.5	MF802553	GII.P40 (GII.P22)
GII.5	MF802554	GII.P40 (GII.P22)
GII.12	MH608285	GII.P30 (GII.Pc)
GI.3	MH608286	GI.P3
GII.13	MH608287	GII.P16
GII.4	KT152148	GII.P4
GII.2	DQ366347	GII.P40 (GII.P22)
GII.2	AY134748	GII.P30 (GII.Pc)
GII.6	AB084071	GII.P7
GII.22	AB083780	GII.P22
GI.2	FJ515294	GI.P2
GII.12	HQ664990	GII.P33 (GII.Pg)
GII.12	GQ845370	GII.P33 (GII.Pg)
GII.4	GQ845366	GII.P4
GII.3	GU991355	GII.P12
GII.4	GU991354	GII.P4
GI.6	JQ388274	GI.P11 (GI.Pb)
GII.4	JX445159	GII.P4
GII.4	JX445161	GII.P4
GII.4	JX445165	GII.P4
GII.4	JX445152	GII.P4
GII.4	JX445160	GII.P4
GII.4	JX445155	GII.P4
GII.4	JX445167	GII.P4
GII.4	JX445154	GII.P4
GII.4	JX445166	GII.P4
GII.4	JX445158	GII.P4
GII.4	JX445169	GII.P4
GII.4	JX445164	GII.P4
GII.4	JX445168	GII.P4
GII.4	JX445156	GII.P4
GII.4	JX445153	GII.P4
GII.4	JX445162	GII.P4
	JX445163	GII.P4
GI.3	JQ911594	GI.P13 (GI.Pd)
GII.4	JX445157	GII.P4
GI.1	JX023285	GI.P1
GII.4	JX289821	GII.P4
GII.14	GU017903	GII.P7
GII.14	GU594162	GII.P7
GII.4	KC175403	GII.P4
GII.4	KC409268	GII.P4
GII.4	KC409276	GII.P4
GII.4	KC409271	GII.P4
GII.4	KC175409	GII.P4
GII.13	KC662537	GII.P12
GII.4	KC960615	GII.P4
GII.4	JX459905	GII.P4
GII.4	KC631827	GII.P31 (GII.Pe)
GII.4	KC463910	GII.P4
GII.4	KC810030	GII.P4
GII.4	JX439815	GII.P4
GII.4	KC810022	GII.P4
GII.4	JX439816	GII.P4
GII.4	KC810029	GII.P4
GII.4	KC810032	GII.P4
GII.4	JX439819	GII.P4
GII.4	KC810031	GII.P4
GII.4	KC810025	GII.P4
GII.4	KC810020	GII.P4
GII.4	KC810028	GII.P4
GII.4	KC810027	GII.P4
GII.4	JX439818	GII.P4
GII.4	KC810021	GII.P4
GII.4	KC810026	GII.P4
GII.4	JX439817	GII.P4
GII.4	KC894942	GII.P4
GII.4	KC810024	GII.P4
GII.4	KC810023	GII.P4
GII.4	KC894943	GII.P4
GII.4	KC631814	GII.P4
GII.4	KC631815	GII.P4
GI.1	KF429770	GI.P1
GI.1	KF429774	GI.P1
GI.1	KF429773	GI.P1
GII.2	KF429769	GII.P30 (GII.Pc)
GI.1	KF429783	GI.P1
GII.4	JX448566	GII.P4
GI.1	KF429789	GI.P1
GI.1	KF429761	GI.P1
GII.4	KF429792	GII.P4
GI.1	KF039726	GI.P1
GI.1	KF039730	GI.P1
GII.4	KF712503	GII.P4
GII.4	KF712496	GII.P4
GII.4	KF712510	GII.P4
GII.4	KF712506	GII.P4
GII.4	KF429787	GII.P4
GII.4	KC576912	GII.P4
GII.4	KF712495	GII.P4
GII.6	KF712509	GII.P7
GII.2	KC597138	GII.P30 (GII.Pc)
GI.1	KF039729	GI.P1
GII.4	KF712507	GII.P4
GII.4	KF712502	GII.P4
GII.4	KF712492	GII.P4
GII.4	KF712504	GII.P4
GI.1	KF039727	GI.P1
GI.1	KF039731	GI.P1
GI.1	KF429767	GI.P1
GII.4	KF429768	GII.P4
GII.4	KC409317	GII.P4
GI.1	KF039736	GI.P1
GI.9	KF586507	GI.P9
GII.4	KF712494	GII.P4
GII.4	KF429782	GII.P4
GII.4	KF429785	GII.P4
GII.4	KF429791	GII.P4
GII.4	KF429763	GII.P4
GII.4	KF429777	GII.P4
GI.1	KF039725	GI.P1
GI.1	KF039732	GI.P1
GII.4	KF429760	GII.P4
GII.4	KF429771	GII.P4
GII.2	JX846925	GII.P30 (GII.Pc)
GI.1	KF039735	GI.P1
GI.1	KF429765	GI.P1
GII.4	JX846928	GII.P4
GII.4	KF429790	GII.P4
GII.4	KF429788	GII.P4
GII.4	KF429762	GII.P4
GII.4	KC576909	GII.P4
GII.4	KF712493	GII.P4
Could not assign	KF712508	GII.P4
GII.4	KF712505	GII.P4
GII.4	KF712501	GII.P4
GI.1	KF039734	GI.P1
GI.1	KF039737	GI.P1
GII.4	KF712491	GII.P4
GII.4	KF429766	GII.P4
GI.1	KF039728	GI.P1
GII.4	KF429779	GII.P4
GII.4	KF712499	GII.P4
GII.4	KF712497	GII.P4
GII.4	KF429778	GII.P4
GII.4	KF429776	GII.P4
GII.4	KF429772	GII.P4
GII.4	KF712500	GII.P4
GII.4	KC597143	GII.P4
GII.4	KF712498	GII.P4
GI.1	KF039733	GI.P1
GII.4	KC577175	GII.P31 (GII.Pe)
GII.12	KC464499	GII.P33 (GII.Pg)
GII.12	KC464497	GII.P33 (GII.Pg)
GII.2	KC464505	GII.P16
GII.12	KC464498	GII.P33 (GII.Pg)
GII.4	KC577174	GII.P4
GII.12	KC464500	GII.P33 (GII.Pg)
GII.4	KC576915	GII.P39 (GII.P1)
GII.4	KF429784	GII.P4
GII.4	KC576913	Could not assign
GII.12	KC464496	GII.P33 (GII.Pg)
GII.4	KF429780	GII.P4
GII.6	JX846927	GII.P7
GII.4	JN400611	GII.P4
GII.4	KC409289	GII.P4
GII.4	KC175390	GII.P4
GII.4	JX459901	GII.P4
GII.4	KC409273	GII.P4
GII.4	KC409315	GII.P4
GII.4	KC409251	GII.P4
GII.4	GU325839	GII.P4
GII.4	KC175345	GII.P4
GII.4	KC409255	GII.P4
GII.4	KJ541743	GII.P4
GII.4	KC175400	GII.P4
GII.4	JN400613	GII.P4
GII.4	JN400622	GII.P4
GII.4	KC409256	GII.P4
GII.4	KC175365	GII.P4
GII.4	JX989074	GII.P4
GII.4	JN400617	GII.P4
GII.4	JQ613552	GII.P4
GII.4	KC175383	GII.P4
GII.4	JX023286	GII.P39 (GII.P1)
GII.4	KC175353	GII.P4
GII.4	JQ798158	GII.P4
GII.4	KC175360	GII.P4
GII.4	KC409314	GII.P4
GII.4	KC409286	GII.P4
GII.4	JN400608	GII.P4
GII.4	JQ911598	GII.P4
GII.4	JN400615	GII.P4
GII.4	JN400610	GII.P4
GII.4	KC175408	GII.P4
GII.4	HM748971	GII.P4
GII.4	KC960616	GII.P4
GII.4	KC409247	GII.P4
GII.4	KC409299	GII.P4
GII.4	KC175377	GII.P4
GII.4	KC409316	GII.P4
GII.4	KC409243	GII.P4
GII.4	KC409252	GII.P4
GII.4	KC409284	GII.P4
GII.4	KC409260	GII.P4
GII.4	KC960618	GII.P4
GII.4	KC175364	GII.P4
GII.4	JN400609	GII.P4
GII.4	KC409261	GII.P4
GII.4	JN400601	GII.P4
GII.12	JQ613568	GII.P33 (GII.Pg)
GII.4	KC409264	GII.P4
GII.4	JX459907	GII.P31 (GII.Pe)
GII.4	KC409305	GII.P4
GII.4	KC409263	GII.P4
GII.4	KC960610	GII.P4
GII.4	KC409281	GII.P4
GII.4	KC960614	GII.P4
GII.4	KC409249	GII.P4
GII.4	JN400626	GII.P4
GII.4	KC409253	GII.P4
GII.4	KC175380	GII.P4
GII.4	JN400618	GII.P4
GII.4	KC013592	GII.P4
GII.4	KC409294	GII.P4
GII.4	KC175384	GII.P4
GII.4	KC409300	GII.P4
GII.4	KC175402	GII.P4
GII.4	KC175366	GII.P4
GII.4	KC409282	GII.P4
GII.4	KC175398	GII.P4
GII.4	KC409239	GII.P4
GII.4	KC409242	GII.P4
GII.4	KC409265	GII.P4
GII.4	KC175368	GII.P4
GII.4	KC409306	GII.P4
GII.4	FJ537138	GII.P39 (GII.P1)
GII.4	KC175358	GII.P4
GII.4	KC409250	GII.P4
GII.4	KC175374	GII.P4
GII.4	KC175392	GII.P4
GII.4	KC175343	GII.P4
GII.4	JX459904	GII.P4
GII.4	JN400625	GII.P4
GII.4	KC409262	GII.P4
GII.4	KC175410	GII.P4
GII.4	KC409246	GII.P4
GII.4	KC409245	GII.P4
GII.6	KC597146	Could not assign
GII.4	JX459903	GII.P4
	JQ613567	
GII.4	JN400605	GII.P4
GII.4	KC409297	GII.P4
GII.4	KC409308	GII.P4
GI.2	KF306212	GI.P2
GII.4	KC175342	GII.P4
GII.4	FJ537136	GII.P4
GII.4	KC409295	GII.P4
GII.4	JN595867	GII.P4
GII.4	JN400602	GII.P4
GII.3	GU980585	GII.P12
GII.4	KC175356	GII.P4
GII.3	KC597142	Could not assign
GII.4	KC175405	GII.P4
GII.4	KC175378	GII.P4
GII.4	KC175352	GII.P4
GII.4	JX459908	GII.P31 (GII.Pe)
GII.4	KC409244	GII.P4
GII.4	KC175371	GII.P4
GII.4	KC409266	GII.P4
GII.4	KC175354	GII.P4
GII.4	KC175359	GII.P4
GII.4	KC409285	GII.P4
GII.4	JX459900	GII.P4
GII.12	HQ449728	GII.P33 (GII.Pg)
GII.4	KC409288	GII.P4
GII.4	KC175393	GII.P4
GII.4	JN400619	GII.P4
GII.4	JN400599	GII.P4
GII.17	KC597139	Could not assign
GII.4	JQ613573	GII.P4
GII.4	JQ613572	GII.P4
GII.4	JX459902	GII.P4
GII.4	GU445325	GII.P4
GII.4	KC175348	GII.P4
GII.4	HM748972	GII.P4
GII.6	JX989075	GII.P6
GII.4	KC175344	GII.P4
GII.4	KC960611	Could not assign
GII.4	JN400616	GII.P4
GII.1	KJ194507	GII.P37 (GII.Pm)
GII.4	KC409309	GII.P4
GII.4	KC175347	GII.P4
GII.4	KC409248	GII.P4
GII.4	KC409240	GII.P4
GII.4	JX126912	GII.P4
GII.4	GQ845368	Could not assign
GII.4	KC175351	GII.P4
GII.4	KC175369	GII.P4
GII.1	JX289822	GII.P1
GII.4	KC409272	GII.P4
GII.4	JN400612	GII.P4
GII.4	GQ845367	GII.P4
GII.4	KC409277	GII.P4
GII.4	JQ911596	GII.P4
GII.4	KC409270	GII.P4
GII.4	JN400607	GII.P4
GII.4	KC175370	GII.P4
GII.4	KC175406	GII.P4
GII.4	KC175397	GII.P4
GII.4	KC409304	GII.P4
GII.4	KC175387	GII.P4
GII.4	KC409267	GII.P4
GII.4	KC409290	GII.P4
GII.4	FJ537135	GII.PNA3
GII.4	KC175350	GII.P4
GII.4	HM748973	GII.P4
Could not assign	KC576911	GII.P35 (GII.Pj)
GII.4	GQ845369	GII.P31 (GII.Pe)
GII.4	KC175372	GII.P4
GII.4	KC175361	GII.P4
GII.4	JN400603	GII.P4
GII.4	KC175391	GII.P4
GII.4	KC409291	GII.P4
GII.4	KC409310	GII.P4
GII.4	KC175379	GII.P4
GII.4	KC409274	GII.P4
GII.4	KC409279	GII.P4
GII.4	KF306214	GII.P31 (GII.Pe)
GII.4	KC409313	GII.P4
GII.4	KC175385	GII.P4
GII.4	KC175355	GII.P4
GII.4	GU991353	GII.P4
GI.3	KJ194510	GI.P3
GII.4	JN400600	GII.P4
GII.3	KJ194500	GII.P3
GII.4	JN400620	GII.P4
GII.4	KC409303	GII.P4
GII.3	KF306213	GII.P12
GII.4	KC409301	GII.P4
GII.4	KC409257	GII.P4
GII.4	JX989073	GII.P4
GII.4	JN400624	GII.P4
GII.4	KC175381	GII.P4
GII.4	KC175373	GII.P4
GII.4	KC175375	GII.P4
GII.4	FJ537134	GII.P39 (GII.P1)
GII.4	KC175395	GII.P4
GII.4	KC409241	GII.P4
GII.4	KC409293	GII.P4
GII.3	KC597144	GII.P41 (GII.Pg)
GII.4	JN400621	GII.P4
GII.4	KC409312	GII.P4
GII.3	KC597141	GII.P29 (GII.Pa)
GII.12	KC597145	GII.P33 (GII.Pg)
GII.4	KC409283	GII.P4
GII.4	KC409287	GII.P4
GII.4	JQ613571	GII.P4
GII.4	KC409311	GII.P4
GII.4	KC409292	GII.P4
GII.12	JQ613569	GII.P33 (GII.Pg)
GII.4	KC175382	GII.P4
GII.4	KC409280	GII.P4
GII.4	KC175386	GII.P4
GII.4	JN400604	GII.P4
GII.3	KC597140	Could not assign
GII.4	KC175407	GII.P4
GII.4	KC409275	GII.P4
GII.4	KC175349	GII.P4
GII.4	KC409269	GII.P4
GII.3	KJ194504	GII.P3
GII.4	GQ845024	GII.P4
GII.4	JQ911595	GII.P4
GII.4	KC175376	GII.P4
GII.4	KC175363	GII.P4
GII.4	JX126913	GII.P4
GII.4	FJ514242	GII.P4
GII.4	KC409238	GII.P4
GII.4	KC409296	GII.P4
GII.4	KC175346	GII.P4
GII.4	JQ622197	GII.P4
GII.4	KC175323	GII.P31 (GII.Pe)
GII.4	KC409298	GII.P4
GII.4	KC409258	GII.P4
GII.4	JN400614	GII.P4
GII.4	HQ009513	GII.P4
GII.4	KC409302	GII.P4
GII.4	KC175357	GII.P4
GII.4	KC409259	GII.P4
GII.4	JN400623	GII.P4
GII.4	JX459906	GII.P4
GII.4	KC175367	GII.P4
GII.4	KC409278	GII.P4
GII.4	KC175388	GII.P4
GII.4	JQ613570	GII.P4
GII.4	KC175404	GII.P4
GII.4	KC175362	GII.P4
GII.4	KC175399	GII.P4
GII.4	FJ537137	GII.P4
GII.4	KC409318	GII.P4
GII.4	KC409254	GII.P4
GII.4	JQ911597	GII.P4
GII.4	KC175394	GII.P4
GII.4	JN400606	GII.P4
GII.4	KC175389	GII.P4
GII.4	KC409307	GII.P4
GII.4	KC175396	GII.P4
GII.4	KC175401	GII.P4
GII.4	AY502023	GII.P4
GII.4	EU310927	GII.P4
GII.4	AB083781	GII.P4
GII.4	DQ658413	GII.P4
GII.4	AY502020	GII.P4
GII.12	AB045603	GII.P12
GII.4	KJ649705	GII.P31 (GII.Pe)
GII.13	KJ196276	GII.P12
GII.14	KJ196278	GII.P7
GII.7	KJ196295	GII.P7
GII.12	KJ196299	GII.P12
GII.4	KJ196287	GII.P4
GII.14	KJ196297	GII.P7
GI.3	KJ196292	GI.P3
GII.21	KJ196284	GII.P21 (GII.Pb)
GII.5	KJ196288	GII.P5
GII.4	KJ196293	GII.P31 (GII.Pe)
GII.4	KJ196281	GII.P31 (GII.Pe)
GII.12	KJ196282	GII.P12
GII.17	KJ196286	GII.P16
GVIII.1 (GII.23)	KJ196291	GII.P28
GII.4	KJ196280	GII.P31 (GII.Pe)
GII.4	KJ196289	GII.P4
GII.4	KJ196279	GII.P31 (GII.Pe)
GII.4	KJ196285	GII.P4
GII.12	KJ196294	GII.P12
GII.4	KJ196296	GII.P31 (GII.Pe)
GII.5	KJ196277	GII.P40 (GII.P22)
GII.12	KM198503	GII.P33 (GII.Pg)
GII.4	KM198497	GII.P4
GII.4	KM198587	GII.P4
GII.4	KM198523	GII.P4
GII.4	KM198508	GII.P4
GII.4	KM198551	GII.P4
GII.3	KM198505	GII.P21 (GII.Pb)
GII.4	KM198517	GII.P4
GII.6	KM198498	GII.P7
GII.3	KM198586	GII.P21 (GII.Pb)
GII.4	KM198548	GII.P4
GII.3	KM198511	GII.P21 (GII.Pb)
GII.4	KM198502	GII.P4
GII.4	KM198558	GII.P4
GII.4	KM198522	GII.P4
GII.4	KM198559	GII.P4
GII.4	KM198566	GII.P4
GII.4	KM198487	GII.P4
GII.4	KM198486	GII.P4
GII.4	KM198535	GII.P4
GII.4	KM198546	GII.P4
GII.4	KM198516	GII.P4
GII.3	KM198553	GII.P21 (GII.Pb)
GII.4	KM198570	GII.P4
GII.4	KM198588	GII.P4
GII.4	KM198504	GII.P4
GII.4	KM198495	GII.P4
GII.4	KM198582	GII.P4
GII.4	KM198581	GII.P4
GII.4	KM198485	GII.P4
GII.4	KM198540	GII.P4
GII.6	KM198534	GII.P7
GII.3	KM198493	GII.P21 (GII.Pb)
GII.4	KM198510	GII.P4
GII.4	KM198567	GII.P4
GII.3	KM198496	GII.P21 (GII.Pb)
GII.4	KM198507	GII.P4
GII.4	KM198571	GII.P4
GII.4	KM198560	GII.P4
GII.3	KM198484	GII.P21 (GII.Pb)
GII.4	KM198576	GII.P4
GII.4	KM198550	GII.P4
GII.4	KM198494	GII.P4
GII.4	KM198580	GII.P4
GII.4	KM198577	GII.P4
GII.4	KM198541	GII.P4
GII.6	KM198519	GII.P7
GII.4	KM198513	GII.P4
GII.4	KM198520	GII.P4
GII.6	KC576910	GII.P7
GII.4	KM198591	GII.P4
GII.3	KM198529	GII.P21 (GII.Pb)
GII.4	KM198491	GII.P4
GII.4	KM198527	GII.P4
GII.4	KM198482	GII.P4
GII.4	KM198483	GII.P4
GII.4	KM198518	GII.P4
GII.4	KM198542	GII.P4
GII.4	KM198557	GII.P4
GII.4	KM198555	GII.P4
GII.4	KM198568	GII.P4
GII.3	KM198561	GII.P21 (GII.Pb)
GII.4	KM198536	GII.P4
GII.3	KM198572	GII.P21 (GII.Pb)
GII.4	KM198545	GII.P4
GII.3	KM198528	GII.P21 (GII.Pb)
GII.4	KM198521	GII.P4
GII.12	KM198492	GII.P33 (GII.Pg)
GII.4	KM198526	GII.P4
GII.4	KM198481	GII.P4
GII.3	KM198590	GII.P21 (GII.Pb)
GII.4	KM198562	GII.P4
GII.4	KM198512	GII.P4
GII.4	KM198578	GII.P4
GII.3	KM198583	GII.P21 (GII.Pb)
GII.4	KJ196283	GII.P31 (GII.Pe)
GII.6	KM198531	GII.P7
GII.4	KM198543	GII.P4
GII.4	KM198589	GII.P4
GII.4	KM198537	GII.P4
GII.4	KM198515	GII.P4
GII.4	KM198579	GII.P4
GII.4	KM198569	GII.P4
GII.4	KM198506	GII.P4
GII.4	KM198552	GII.P4
GII.3	KM198573	GII.P21 (GII.Pb)
GII.4	KM198585	GII.P4
GII.4	KM198544	GII.P4
GII.4	KM198564	GII.P4
GII.4	KM198480	GII.P4
GII.4	KM198489	GII.P4
GII.4	KM198533	GII.P4
GII.6	KM198530	GII.P7
GII.3	KM198563	GII.P21 (GII.Pb)
GII.4	KM198525	GII.P4
GII.6	KM198549	GII.P7
GII.4	KM198574	GII.P4
GII.3	KM198547	GII.P21 (GII.Pb)
GII.4	KM198501	GII.P4
GII.4	KM198514	GII.P4
GI.3	JX846929	GI.P3
GII.4	KM198538	GII.P4
GII.4	KM198499	GII.P4
GII.4	KM198556	GII.P4
GII.3	KM198554	GII.P21 (GII.Pb)
GII.4	KM198532	GII.P4
GII.4	KM198490	GII.P4
GII.4	KM198488	GII.P4
GII.4	KM198565	GII.P4
GII.4	KM198524	GII.P4
GII.4	KM198575	GII.P4
GII.4	KM198539	GII.P4
GII.4	KM198584	GII.P4
GII.3	KM198500	GII.P21 (GII.Pb)
GII.3	KM198509	GII.P21 (GII.Pb)
GII.4	KJ685415	GII.P4
GII.4	KJ685412	GII.P31 (GII.Pe)
GII.4	KJ685417	GII.P4
GII.4	KJ685406	GII.P31 (GII.Pe)
GII.4	KJ685403	GII.P4
GII.2	KJ685410	Could not assign
GII.4	KJ685411	GII.P4
GII.4	KJ685402	GII.P4
GII.4	KJ685405	GII.P4
GII.4	KJ685409	GII.P4
GII.4	KJ685413	GII.P4
GII.4	KJ685408	GII.P4
GII.4	KJ685414	GII.P4
GII.4	KC517376	GII.P31 (GII.Pe)
GII.4	KC517361	GII.P31 (GII.Pe)
GII.4	KC517369	GII.P4
GII.4	KC517362	GII.P31 (GII.Pe)
GII.4	KC517368	GII.P4
GII.4	KC517377	GII.P31 (GII.Pe)
GII.4	KM272334	GII.P31 (GII.Pe)
GII.4	KC517364	GII.P31 (GII.Pe)
GII.4	KC517372	GII.P4
GII.17	LC043305	GII.P17
GII.4	KC517378	GII.P31 (GII.Pe)
GII.4	KC517365	GII.P4
GII.17	LC043139	GII.P17
GII.4	KC962453	GII.P4
GII.17	KR020503	GII.P17
GII.4	KJ710245	GII.P4
GII.4	KC962462	GII.P4
GII.3	EU921389	GII.P21 (GII.Pb)
GII.3	LN854569	GII.P21 (GII.Pb)
GII.4	KM258129	GII.P31 (GII.Pe)
GII.4	LN854572	GII.P4
GI.6	KP407451	GI.P11 (GI.Pb)
GII.4	KJ955493	GII.P31 (GII.Pe)
GII.5	KM036379	GII.P40 (GII.P22)
GII.4	KM258130	GII.P4
GII.4	EU921388	GII.P31 (GII.Pe)
GII.4	EU921344	GII.P4
GII.17	KR083017	GII.P17
GII.4	LN854566	GII.P4
GII.4	LN854571	GII.P4
GII.4	LC066046	GII.P31 (GII.Pe)
GII.1	LN854570	GII.P33 (GII.Pg)
GII.13	KM036380	GII.P16
GII.4	KM258131	GII.P4
GII.6	LN854568	GII.P7
GII.4	KJ955492	GII.P31 (GII.Pe)
GII.4	KM245075	GII.P31 (GII.Pe)
GII.4	LN854565	GII.P4
GII.4	LN854567	GII.P31 (GII.Pe)
GII.4	KM258128	GII.P31 (GII.Pe)
GI.6	LN854564	GI.P11 (GI.Pb)
GII.4	AB933736	GII.P4
GII.4	AB933726	GII.P4
GII.4	AB933674	GII.P4
GII.4	AB933692	GII.P4
GII.4	AB933665	GII.P4
GII.4	AB933746	GII.P4
GII.4	AB933695	GII.P4
GII.4	AB933699	GII.P4
GII.4	AB933712	GII.P4
GII.4	AB933662	GII.P4
GII.4	AB933713	GII.P4
GII.4	AB933653	GII.P4
GII.4	AB933696	GII.P4
GII.4	AB933684	GII.P4
GII.4	AB933745	GII.P4
GII.4	KJ407076	GII.P4
GII.4	AB933757	GII.P4
GII.4	AB933727	GII.P4
GII.4	AB933680	GII.P4
GII.4	AB933753	GII.P4
GII.4	AB933651	GII.P4
GII.4	AB933741	GII.P4
GII.4	AB933701	GII.P4
GII.4	AB933739	GII.P4
GII.4	AB933691	GII.P4
GII.4	AB933737	GII.P4
GII.4	AB933700	GII.P4
GII.4	AB933752	GII.P4
GII.4	AB933652	GII.P4
GII.4	AB933669	GII.P4
GII.4	AB933687	GII.P4
GII.4	AB933764	GII.P4
GII.4	AB933768	GII.P4
GII.4	AB933698	GII.P4
GII.4	AB933694	GII.P4
	KC894731	
GII.4	AB933706	GII.P4
GII.4	AB933683	GII.P4
GII.4	AB933704	GII.P4
GII.4	AB933658	GII.P4
GII.4	AB933722	GII.P4
GII.4	AB933761	GII.P4
GII.4	AB933671	GII.P4
GII.4	AB933766	GII.P4
GII.4	AB933719	GII.P4
GII.4	AB933748	GII.P4
GII.4	AB933732	GII.P4
GII.4	AB933758	GII.P4
GII.4	AB933661	GII.P4
GII.4	AB933690	GII.P4
GII.4	AB933711	GII.P4
GII.4	KJ407075	GII.P4
GII.17	KR154231	GII.P17
GII.4	AB933672	GII.P4
GII.6	KJ407072	GII.P7
GII.4	AB933657	GII.P4
GII.4	AB933763	GII.P4
GII.4	AB933730	GII.P4
GII.4	AB933647	GII.P4
GI.4	LN854563	GI.P4
GII.4	AB933689	GII.P4
GII.4	AB933663	GII.P4
GII.4	AB933718	GII.P4
GII.4	AB933649	GII.P4
GII.4	AB933717	GII.P4
GII.4	AB933771	GII.P4
GII.4	AB933693	GII.P4
GII.4	AB933668	GII.P4
GII.4	AB933686	GII.P4
GII.4	AB933721	GII.P4
GII.4	AB933733	GII.P4
GII.4	AB933735	GII.P4
GII.4	AB933743	GII.P4
GII.4	AB933648	GII.P4
GII.4	AB933762	GII.P4
GII.4	AB933765	GII.P4
GII.17	KT589391	GII.P31 (GII.Pe)
GII.4	AB933750	GII.P4
GII.4	AB933667	GII.P4
GII.4	AB933703	GII.P4
GII.4	AB933655	GII.P4
GII.4	AB933747	GII.P4
GII.4	AB933731	GII.P4
GII.17	KT253245	GII.P17
GII.4	AB933755	GII.P4
GII.4	KJ407073	GII.P4
GII.4	AB933688	GII.P4
GII.4	AB933744	GII.P4
GII.4	AB933678	GII.P4
GII.4	AB933656	GII.P4
GII.4	AB933709	GII.P4
GII.4	AB933734	GII.P4
GII.4	AB933645	GII.P4
GII.4	AB933714	GII.P4
GII.4	AB933742	GII.P4
GII.4	AB933770	GII.P4
GII.4	AB933646	GII.P4
GII.4	AB933754	GII.P4
GII.4	AB933707	GII.P4
GII.4	AB933673	GII.P4
GII.4	AB933666	GII.P4
GII.4	AB933660	GII.P4
GII.2	KJ407074	GII.P16
GII.4	AB933720	GII.P4
GII.4	AB933728	GII.P12
GII.4	AB933654	GII.P4
GII.4	AB933682	GII.P4
GII.4	AB933749	GII.P4
GII.4	AB933724	GII.P4
GII.4	AB933769	GII.P4
GII.4	AB933670	GII.P4
GII.4	AB933650	GII.P4
GII.4	AB933644	GII.P4
GII.4	AB933756	GII.P4
