strain,insertion: 90bp @ ref pos 0,insertion: 1bp @ ref pos 8,insertion: 58bp @ ref pos 19,insertion: 1bp @ ref pos 33,insertion: 2bp @ ref pos 15859,insertion: 12bp @ ref pos 22851,insertion: 9bp @ ref pos 23719,insertion: 3bp @ ref pos 23988,insertion: 9bp @ ref pos 25140,insertion: 21bp @ ref pos 25153,insertion: 3bp @ ref pos 25156,insertion: 3bp @ ref pos 25815,insertion: 12bp @ ref pos 25952,insertion: 1bp @ ref pos 27768,insertion: 12bp @ ref pos 27784,insertion: 6bp @ ref pos 27785,insertion: 1bp @ ref pos 28865,insertion: 1bp @ ref pos 28870,insertion: 2bp @ ref pos 28936,insertion: 4bp @ ref pos 30684,insertion: 38bp @ ref pos 30738
LC315647,TCC,,,,,,GGCTTAAAG,,,,,TCG,,,,,,,,,AAGAGCGTCGTGTAGGGAAAGAGTGTAGATCTCGGTGG
MN306053,ACCGATTTCCAGAGGACGCTCTACTACTGGATTGCTTACCAGGAGTAAAAGACATCCTTAAAATTTAGATTACAAAAAGATCTAACAAGA,,,,,TAAGCTTAAGAA,GGCTTAAAG,,,,,TCG,,,,,,,,,AA
KU131570,C,,,,,,GTCGTACAG,,,,TGT,,,,,,,,,,AAAGATCGGAAGAGCAC
OK391226,,A,,,,,ATC,,,,TGT,,,,,,,,,,
OK391224,,A,,,,,GTC,,,,TGT,,,,,,,,,GGAG,
MN026164,,,TCATAACAATTTCACGTATTAGGCTAGACTGCACACAACACTCTTGTTTAAGAAGTCG,,,TAAGCTTAAGAA,GGCTTAAAG,,,,,TCG,,,,,,,,,
KF530070,,,,C,,,GTCTTAAAG,,,,,TCG,,,,,,,,,
OK391229,,,,,AT,,GTCGTACAG,,,,,,,,,,,,,,
OK073090,,,,,,TAAGCTTAAGAA,GGCTTAAAG,,,,,TCG,,,,,,,,,AAAAAAAAAAAAAAAAAAAAAAAAAA
MG977451,,,,,,TAAGCTTAAGAA,GGCTTAAAG,GGC,,,,TCG,,,,,,,,,
MG977452,,,,,,TAAGCTTAAGAA,AGCTTAAAG,GGC,,,,TCG,,,,,,,,,
MF374983,,,,,,TAAGCTTAAGAA,GGCTTAAAG,,,,,TCG,,,,,,,,,G
KY369905,,,,,,TAAGCTTAAGAA,GGCTTAAAG,,,,,TCG,,,,,,,,,
KY369906,,,,,,TAAGCTTAAGAA,GGCTTAAAG,,,,,TCG,,,,,,,,,
KY369907,,,,,,TAAGCTTAAGAA,GGCTTAAAG,,,,,TCG,,,,,,,,,
MH121121,,,,,,TAAGCTTAAGAA,GGCTTAAAG,,,,,TCG,,,,,,,,,
MT118667,,,,,,TAAGCTTAAGAA,GGCTTAAAG,,,,,TCG,,,,,,,,,AAAAAAAA
KY684759,,,,,,TAAGCTTAAGAA,GGCTTAAAG,,,,,TCG,,,,,,,,,
KY983583,,,,,,TAAGCTTAAGAA,GGCTTAAAG,,,,,TCG,,,,,,,,,
KY967361,,,,,,TAAGCTTAAGAA,GGCTTAAAG,,,,,TCG,,,,,,,,,
KY967358,,,,,,TAAGCTTAAGAA,GGCTTAAAG,,,,,TCG,,,,,,,,,
KY983585,,,,,,TAAGCTTAAGAA,GGCTTAAAG,,,,,TCG,,,,,,,,,
MF374985,,,,,,TAAGCTTAAGAA,GGCTTAAAG,,,CCTGTT,,TCG,,,,,,,,,
KY967359,,,,,,TAAGCTTAAGAA,GGCTTAAAG,,,,,TCG,,,,,,,,,
MN306036,,,,,,TAAGCTTAAGAA,GGCTTAAAG,,,,,TCG,,,,,,,,,
MN306041,,,,,,TAAGCTTAAGAA,GGCTTAAAG,,,,,TCG,,,,,,,,,
MT118673,,,,,,TAAGCTTAAGAA,GGCTTAAAG,,,,,TCG,,,,,,,,,
MT118678,,,,,,TAAGCTTAAGAA,GGCTTAAAG,,,,,TCG,,,,,,,,,AAAAAAAAAAAA
MW587042,,,,,,TAAGCTTAAGAA,GGCTTAAAG,,,,,TCG,,,,,,,,,
MT118685,,,,,,TAAGCTTAAGAA,GGCTTAAAG,,,,,TCG,,,,,,,,,AAAAAAAA
MN306042,,,,,,TAAGCTTAAGAA,GGCTTAGAG,,,,,TCG,,,,,,,,,AA
MT118683,,,,,,TAAGCTTAAGAA,GGCTTAAAG,,,,,TCG,,,,,,,,,
OM386794,,,,,,TAAGCTTAAGAA,GGCTTAAAG,,,,,TCG,,,,,,,,,
OM386796,,,,,,TAAGCTTAAGAA,GGCTTAAAG,,,,,TCG,,,,,,,,,
OM386797,,,,,,TAAGCTTAAGAA,GGCTTAAAG,,,,,TCG,,,,,,,,,
OM386795,,,,,,TAAGCTTAAGAA,GGCTTAAAG,,,,,TCG,,,,,,,,,
MN310478,,,,,,TAAGCTTAAGAA,GGCTTAAAG,,,,,TCG,,,,,,,,,
MW938760,,,,,,TAAGCTTAAGAA,GGCTTAAAG,,,,,TCG,TGCATCTGACAT,,,,,,,,AAAAAAAAAAAAAAAA
MW411432,,,,,,TAAGCTTAAGAA,CGCTTAAAG,,,,,TCG,,,,,,,,,AAAA
MW411433,,,,,,TAAGCTTAAGAA,CGCTTAAAG,,,,,TCG,,,,,,,,,
OM386798,,,,,,TAAGCTTAAGAA,CGCTTAAAG,,,,,TCG,,,,,,,,,
OM386799,,,,,,TAAGCTTAAGAA,CGCTTAAAG,,,,,TCG,,,,,,,,,
KY983588,,,,,,TAAGTTTAAGAA,GGCTTAAAG,,,,,TCG,,,,,,,,,
MT118692,,,,,,TAAGTTTAAGAA,GGCTTAAAG,,,,,TCG,,,,,,,,,AAAAAAAAA
LC720427,,,,,,TAATCTTAAGAA,CGCTTAAAG,,,,,TCG,,,,,,,,,
JN129834,,,,,,,GGCTTAAAG,,,,,TCG,,,,,,,,,
JN129835,,,,,,,GGCTTAAAG,,,,,TCG,,,,,,,,,
KF923890,,,,,,,GGCTTAAAG,,,,,TCG,,,,,,,,,
KF923907,,,,,,,GGCTTAAAG,,,,,TCG,,,,,,,,,
KF923911,,,,,,,GGCTTAAAG,,,,,TCG,,,,,,,,,
KF923914,,,,,,,GGCTTAAAG,,,,,TCG,,,,,,,,,
KF923912,,,,,,,GGCTTAAAG,,,,,TCG,,,,,,,,,
KF923909,,,,,,,GGCTTAAAG,,,,,TCG,,,,,,,,,
KF923901,,,,,,,GGCTTAAAG,,,,,TCG,,,,,,,,,
KF923919,,,,,,,GGCTTAAAG,,,,,TCG,,,,,,,,,
KF923910,,,,,,,GGCTTAAAG,,,,,TCG,,,,,,,,,
KF923892,,,,,,,GGCTTAAAG,,,,,TCG,,,,,,,,,
KF923920,,,,,,,GGCTTAAAG,,,,,TCG,,,,,,,,,
KF923913,,,,,,,GGCTTAAAG,,,,,TCG,,,,,,,,,
KF923915,,,,,,,GGCTTAAAG,,,,,TCG,,,,,,,,,
KF923891,,,,,,,GGCTTAAAG,,,,,TCG,,,,,,,,,
KF923894,,,,,,,GGCTTAAAG,,,,,TCG,,,,,,,,,
KF923917,,,,,,,GGCTTAAAG,,,,,TCG,,,,,,,,,
KY554974,,,,,,,GGCTTAAAG,,,,,TCG,,,,,,,,,
KY554975,,,,,,,GGCTTAAAG,,,,,TCG,,,,,,,,,
KY674920,,,,,,,GGCTTAAAG,,,,,TCG,,,,,,,,,
KF923916,,,,,,,GGCTTAAAG,,,,,TCG,,,,,,,,,
KY554972,,,,,,,GGCTTAAAG,,,,,TCG,,,,,,,,,
KY554973,,,,,,,GGCTTAAAG,,,,,TCG,,,,,,,,,
KY674918,,,,,,,GGCTTAAAG,,,,,TCG,,,,,,,,,
KY674917,,,,,,,GGCTTAAAG,,,,,TCG,,,,,,,,,
KF923921,,,,,,,GGCTTAAAG,,,,,TCG,,,,,,,,,
KF923908,,,,,,,GGCTTAAAG,,,,,TCG,,,,,,,,,
KF923923,,,,,,,GGCTTAAAG,,,,,TCG,,,,,,,,,
KF923918,,,,,,,GGCTTAAAG,,,,,TCG,,,,,,,,,
KF923922,,,,,,,GGCTTAAAG,,,,,TCG,,,,,,,,,
KF923925,,,,,,,GGCTTAAAG,,,,,TCG,,,,,,,,,
KJ958219,,,,,,,GGCTTAAAG,,,,,TCG,,,,,,,,,
KJ958218,,,,,,,GGCTTAAAG,,,,,TCG,,,,,,,,,
KF923893,,,,,,,GGCTTAAAG,,,,,TCG,,,,,,,,,
KF923924,,,,,,,GGCTTAAAG,,,,,TCG,,,,,,,,,
KX344031,,,,,,,GGCTTAAAG,,,,,TCG,,,,,,,,,
KF923900,,,,,,,GGCTTAAAG,,,,,TCG,,,,,,,,,
KF923899,,,,,,,GGCTTAAAG,,,,,TCG,,,,,,,,,
KF923905,,,,,,,GGCTTAAAG,,,,,TCG,,,,,,,,,
KF923902,,,,,,,GGCTTAAAG,,,,,TCG,,,,,,,,,
KF923904,,,,,,,GGCTTAAAG,,,,,TCG,,,,,,,,,
KX538964,,,,,,,GGCTTAAAG,,,,,TCG,,,,,,,,,
KX538972,,,,,,,GGCTTAAAG,,,,,TCG,,,,,,,,,
KX538976,,,,,,,GGCTTAAAG,,,,,TCG,,,,,,,,,
KX538966,,,,,,,GGCTTAAAG,,,,,TCG,,,,,,,,,
KX538970,,,,,,,GGCTTAAAG,,,,,TCG,,,,,,,,,
KX538978,,,,,,,GGCTTAAAG,,,,,TCG,,,,,,,,,
KX538979,,,,,,,GGCTTAAAG,,,,,TCG,,,,,,,,,
LC315648,,,,,,,GGCTTAAAG,,,,,TCG,,,,,,,,,
LC315646,,,,,,,GGCTTAAAG,,AAATTGAAC,,TGT,TCG,,,,,,,,,
OK073087,,,,,,,GGCTTAAAG,,,,,TCG,,,,,,,,,AAAAAAAAAAAAAAAAAAAAAAAAAAAA
KY967356,,,,,,,GGCTTAAAG,,,,,TCG,,,,,,,,,
OK073088,,,,,,,GGCTTAAAG,,,,,TCG,,,,,,,,,AAAAAAAAAAAAAAAAAAAAAAAAAAAA
OL770288,,,,,,,GGCTTAAAG,,,,,TCG,,,,,,,,,
OL770287,,,,,,,GGCTTAAAG,,,,,TCG,,,,,,,,,
OL770289,,,,,,,GGCTTAAAG,,,,,TCG,,,,,,,,,
MW587040,,,,,,,GGCTTAAAG,,,,,TCG,,,,,,,,,
LC687400,,,,,,,GGCTTAAAG,,,,,TCG,,T,,,,,,,
LC687398,,,,,,,GGCTTAAAG,,,,,TCG,,,,,,,,,
KF923895,,,,,,,GGCTTAAAG,,,,TGT,TCG,,,,,,,,,
MW559057,,,,,,,GGCTTAAAG,,,,,TCG,,,,,,,,,
MH828490,,,,,,,GGCTTAAAG,,,,TGT,,,,,,,,,,
KF923897,,,,,,,AGCTTAAAG,,,,,TCG,,,,,C,A,GT,,
KF923903,,,,,,,AGCTTAAAG,,,,,TCG,,,,,,,,,
KX538965,,,,,,,AGCTTAAAG,GGC,,,,TCG,,,,,,,,,
KX538969,,,,,,,AGCTTAAAG,GGC,,,,TCG,,,,,,,,,
KX538977,,,,,,,AGCTTAAAG,GGC,,,,TCG,,,,,,,,,
KX538973,,,,,,,AGCTTAAAG,GGC,,,,TCG,,,,,,,,,
KX538971,,,,,,,AGCTTAAAG,GGC,,,,TCG,,,,,,,,,
KX538968,,,,,,,AGCTTAAAG,GGC,,,,TCG,,,,,,,,,
KX538974,,,,,,,AGCTTAAAG,GGC,,,,TCG,,,,,,,,,
KX538967,,,,,,,AGCTTAAAG,GGC,,,,TCG,,,,,,,,,
KX538975,,,,,,,AGCTTAAAG,GGC,,,,TCG,,,,,,,,,
LC720429,,,,,,,CGCTTAAAG,,,,,TCG,,,,,,,,,CATGTTAAGTT
KF530068,,,,,,,GTCTTAAAG,,,,,TCG,,,,,,,,,
KF530081,,,,,,,GTCTTAAAG,,,,,TCG,,,,,,,,,
KF530069,,,,,,,GTCGTAAAG,,,,,TCG,,,,,,,,,
KF530063,,,,,,,GTCGTAAAG,,,,,TCG,,,,,,,,,
KF530099,,,,,,,GTCGTAAAG,,,,,TCG,,,,,,,,,
KF530084,,,,,,,GTCGTAAAG,,,,,TCG,,,,,,,,,
KF530098,,,,,,,GTCGTAAAG,,,,,TCG,,,,,,,,,
KF530071,,,,,,,GTTATAAAG,,,,,TCG,,,,,,,,,
KF530088,,,,,,,GTTATAAAG,,,,,TCG,,,,,,,,,
KF530076,,,,,,,GTTATAAAG,,,,,TCG,,,,,,,,,
KF530091,,,,,,,GTTATAAAG,,,,,TCG,,,,,,,,,
KF530082,,,,,,,GTTATAAAG,,,,,TCG,,,,,,,,,
KF530094,,,,,,,GTTATAAAG,,,,,TCG,,,,,,,,,
KF530089,,,,,,,GTTATAAAG,,,,,TCG,,,,,,,,,
KF530079,,,,,,,GTTATAAAG,,,,,TCG,,,,,,,,,
KF530067,,,,,,,GTTATAAAG,,,,,TCG,,,,,,,,,
KF530095,,,,,,,GTTATAAAG,,,,,TCG,,,,,,,,,
KF530096,,,,,,,GTTATAAAG,,,,,TCG,,,,,,,,,
KF923888,,,,,,,GTCGTACAG,,,,TGT,,,,,,,,,,
KF923887,,,,,,,GTCGTACAG,,,,TGT,,,,,,,,,,
KF923889,,,,,,,GTCGTACAG,,,,CGT,,,,,,,,,,
KF923886,,,,,,,GTCGTACAG,,,,TGT,,,,,,,,,,
KF923898,,,,,,,GTCGTACAG,,,,TGT,,,,,,,,,,
MN306043,,,,,,,GTCGTACAG,,,,TGT,,,,,,,,,,AA
MW052042,,,,,,,GTCGTACAG,,,,TGT,,,,,,,,,,
OK073089,,,,,,,GTCGTACAG,,,,TGT,,,,,,,,,,AAAAAAAAAAAAAAAAAAAAAAAAAAAAAAAA
OK073091,,,,,,,GTCGTACAG,,,,TGT,,,,,,,,,,
OK073092,,,,,,,GTCGTACAG,,,,TGT,,,,,,,,,,AAAAAAAAAAAAAAAAAAAAAAAAAAAA
MN310476,,,,,,,GTCGTACAG,,,,TGT,,,,,,,,,,
MT118668,,,,,,,GTCGTACAG,,,,TGT,,,,,,,,,,
KF923896,,,,,,,GTCGTACAG,,,,TGT,,,,,,,,,,
KF923906,,,,,,,GTCGTACAG,,,,TGT,,,,,,,,,,
KP198611,,,,,,,GTCGTACAG,,,,TGT,,,,,,,,,,AAAAAAAAAAAAAAAA
KP198610,,,,,,,GTCGTACAG,,,,TGT,,,,,,,,,,AAAAAAAAAAAAAAAA
KY014282,,,,,,,GTCGTACAG,,,,TGT,,,,,,,,,,
KY967360,,,,,,,GTCGTACAG,,,,TGT,,,,,,,,,,
MN026165,,,,,,,GTCGTACAG,,,,TGT,,,,,,,,,,
MF314143,,,,,,,GTCGTACAG,,,,TGT,,,,,,,,,,
MT118672,,,,,,,GTCGTACAG,,,,TGT,,,,,,,,,,
MT118671,,,,,,,GTCGTACAG,,,,TGT,,,,,,,,,,
LC315649,,,,,,,GTCGTACAG,,,,TGT,,,,,,,,,,
OK391221,,,,,,,GTCGTACAG,,,,,,,,,,,,,,
OK391225,,,,,,,GTC,,,,TGT,,,,,TTATTA,,,,,
OK391223,,,,,,,GTC,,,,TGT,,,,,,,,,,
KF530072,,,,,,,TACGA,,,,TGT,,,,,,,,,,
KF530080,,,,,,,TACGA,,,,TGT,,,,,,,,,,
KF530064,,,,,,,TACGA,,,,TGT,,,,,,,,,,
KF530078,,,,,,,TACGA,,,,TGT,,,,,,,,,,
KF530092,,,,,,,TACGA,,,,TGT,,,,,,,,,,
KY014281,,,,,,,TACGA,,,,TGT,,,,,,,,,,
KF530065,,,,,,,TACGA,,,,TGT,,,,,,,,,,
KF530073,,,,,,,TACGA,,,,TGT,,,,,,,,,,
KF530066,,,,,,,TACGA,,,,TGT,,,,,,,,,,
KF530061,,,,,,,TACGA,,,,TGT,,,,,,,,,,
KF530074,,,,,,,TACGA,,,,TGT,,,,,,,,,,
KF530090,,,,,,,TACGA,,,,TGT,,,,,,,,,,
KF530097,,,,,,,TACGA,,,,TGT,,,,,,,,,,
KF530060,,,,,,,TACGA,,,,TGT,,,,,,,,,,
KF530083,,,,,,,TACGA,,,,TGT,,,,,,,,,,
KF530086,,,,,,,TACGA,,,,TGT,,,,,,,,,,
KF530077,,,,,,,TACGA,,,,TGT,,,,,,,,,,
KF530093,,,,,,,TACGA,,,,TGT,,,,,,,,,,
KF530087,,,,,,,TACGA,,,,TGT,,,,,,,,,,
KF530085,,,,,,,TACGA,,,,TGT,,,,,,,,,,
KF530075,,,,,,,TACTA,,,,TGT,,,,,,,,,,
KF530059,,,,,,,TACTA,,,,TGT,,,,,,,,,,
KF530062,,,,,,,TACTA,,,,TGT,,,,,,,,,,
OK391228,,,,,,,,,,C,,TCG,,,,,,,,,
OK391230,,,,,,,,,,GT,,TCG,,,,,,,,,
OK391222,,,,,,,,,,,TGT,,,,,,,,,,
MF374984,,,,,,,,,,,,TCG,,,TT,,,,,,
MW587041,,,,,,,,,,,,TCG,,,,,,,,,
LC687399,,,,,,,,,,,,TCG,,,,,,,,,
OK391227,,,,,,,,,,,,TCG,,,,,,,,,AAAAAAA
OK662397,,,,,,,,,,,,,,,,,,,,,AAAAAAAAAAAAAAAAAAAAAAAAAAAA
