strain,insertion: 13bp @ ref pos 0,insertion: 1bp @ ref pos 72,insertion: 1bp @ ref pos 7033,insertion: 1bp @ ref pos 8409,insertion: 2bp @ ref pos 9271,insertion: 426bp @ ref pos 16965
LC706551,CCATGGGGAGAA,,,,,ATACATTAATGATAAAAACTGTTTTTATCGTTCGGTATCGATTTCTCTTAAAAGTGTTTAATAAAAAAATTAAAACACATTTAATTTTAAAGAAAACTTTTCTTATCTATCCTCCCC
LC706553,CCATGGGGAGAA,,,,,ATACATTAATGATAAAAACTGTTTTTATCGTTCGGTATCGATTTCTCTTAAAAGTGTTTAATAAAAAAATTAAAACACATTTAATTTTAAAGAAAACTTTTCTTATCTATCCTCCCC
LC706550,CCATGGGGAGAA,,,,,ATACATTAATGATAAAAACTGTTTTTATCGTTCGGTATCGATTTCTCTTAAAAGTGTTTAATAAAAAAATTAAAACACATTTAATTTTAAAGAAAACTTTTCTTATCTATCCTCCCC
LC706549,CCATGGGGAGAA,,,,,AAGAAAATACATTAATGATAAAAACTGTTTTTATCGTTCGGTATCGATTTCTCTTAAAAGTGTTTAATAAAAAAATTAAAACACATTTAATTTTAAAGAAAACTTTTCTTATCTATCCTCCCC
LC706548,CCATGGGGAGAA,,,,,ATACATTAATGATAAAAACTGTTTTTATCGTTCGGTATCGACTTCTCTTAAAAGTGTTTAATAAAAAAATTAAAACACATTTAATTTTAAAGAAAACTTTTCTTATCTATCCTCCCC
LC706552,CCATGGGGAGAA,,,,,ATACATTAATGATAAAAACTGTTTTTATCGTTCGGTATCGATTTCTCTTAAAAGTGTTTAATAAAAAAATTAAAACACATTTAATTTTAAAGAAAACTTTTCTTATCTATCCTCCCC
MH828709,ACCAAGGGGAGAA,,,,,ATACATTAATGATAAAAACAGTTTTTATCGTTCGGTATCGATTTCTCTTAGAAGTGTTTAATAAAAAAATTAAAACACATTTAATTTTAAAGAAAACTGTTCATCTCGAATTCACCCTTG
JQ241176,ACCAAGGGGAGAA,,T,T,GC,CCATCTCTCAACTTGCATTGACAGCATCTCTCCAACCCATCATTGATCTCCTGACAAAAGACAATAAAATATATCATCAAGAGGCAACGATCTCAATAAACAACATTTCTAATAGAACTATAGGAAGATACAGAGATGAGATAACATCCCTCACTGGACAAATCTGGATAAGAGGACTAAGGCTAACACCAAATATACAATCCAGAAAATGCAGTCAAACAGATAAGAATGGGAACAAAAATGTTGAAAAATCAGCTCTACTTACACCCAACAACCCCTAATAAAACACTCGATCTCATTCGATATCGGTTTCTCAAAAAAATGTTTAATAAAAAATATCAAACACATTTAAATTTAAAGAAAACTTTTCATATCTCTTCTCCCCTTGGT
KF878965,AGGGGAGAA,,T,,,ATACATTATTGATAAAAACTTTTTCTATCGTTCGGTATCGATCTCTCTTAGAAGTATTTAATAAAAAATTAAAAACACATTTAACTTTAAAGAAAACTTTTCATATCTCTTCTCCCC
EU627591,AAGGGGAGAA,,T,,,CTATTTTTCAACTTGCATTGATGATAGCATCTCTCTAATTTATCATTGATATCCTGACAAAAGACAATAAAATATATCATCAAGAGGCAACGATCTCAATAAACAACATTTCTAATAGAACTATAGAAAGATACGGAGACGAGACAACATCCTCACTAGACAAATCTGGATAAGAGGACTAAGGCCAACACCAAATATACAATCCAGAAAATGCAGTCAAATAGATAAGAATGGGAACAAAAATGTTGAAAAATCAGCTCTACTTACACCCAACAACCCCTAATAAAACCCTCGATCTCATTCGATATCGGTTTCTCAAAAAAATGTTTAATAAAAAATATCAAACACATTTAAATTTAAAGAAAACTTTTCTTATCTATTCTCCCCTTGGT
LC720882,AAGGGGAGAA,,T,,,CCATTATTCAACTTGCATCGATGATAGCATCTCTCTAACTTATCATTGATTTCCTGATAAAAGACAATAAAATATATCATCAAGAGGCAATGATCTCAATAAACAACATTTCTAGTAGAACTATAGGAAAATACATAAATGAGACAATATCCTCACTGGACAAATCTGGATAAGAGGACTAAGGCCAACACCAGATATACAATCCAGAAAATGCAGTCAAATAAATAAGAATGGGAACAAAAATGTTGAAAAATCAGCTCTAATTACACCCAATAGCCCCCAACAAAACCTTCGATCTCAATCGATATCGGTTTCTCAAAGAAATGTTTAATAAAAAATATCAAACACATTTAAATTTAAAGAAAACTTTTCTTGTCTATTCTCCCCTTGGT
LC706557,AAGGGGAGAA,,C,,,TCATTATTCAACTTGCATCGATGATAGCATCTCTCCAACTTATCATTGATTTCCTGATAAAAGACAATAAAATATATCATCAAGAGGCAACGATCTCAACAAACAACATTTCTAGTAGAACTATAGAAAAATACACAGACGAGGCAATATTCTCACTGGACAAATCTGGATAAGAGGACTAAGACCAGCACCAGATATACAGTCCAGAAGGTGCAGTCAAATAAATAAGAATGGGAACAAAAATGTTGAAAAATCAGCTCTACTTACACCCAACAGCCCCCTACGAAACCCTCGATCTCACTCGATATCGGTTTCTCAAAGAAATGTTTAATAAAAAATATCAAACACATTTAAATTTAAAGAAAACTTTTCTTGTCTATTCTCCCCTTGGT
LC706556,AAGGGGAGAA,,C,,,TCATTATTCAACTTGCATCGATGATAGCATCTCTCCAACTTATCATTGAATTCCTGATAAAAGACAATAAAATATATCATCAAGAGGCAACGATCTCAACAAACAACATTTCTAGTAGAACTATAGAAAAATACACAGACGAGGCAATATTCTCACTGGACAAATCTGGATAAGAGGACTAAGACCAGCACCAGATATACAGTCCAGAAGGTGCAGTCAAATAAATAAGAATGGGAACAAAAATGTTGAAAAATCAGCTCTACTTACACCCAACAGCCCCCTACGAAACCCTCGATCTCACTCGATATCGGTTTCTCAAAGAAATGTTTAATAAAAAATATCAAACACATTTAAATTTAAAGAAAACTTTTCTTGTCTATTCTCCCCTTGGT
LC706554,GGGGAGAA,,C,,,TCATTATTCAACTTGCATCGATGATAGCATCCCTCCAACCCATCATTGATTTCCTGACAAAAGACAATAAAATATATCATCAAGAGGCAACGATCTCAATAAACAATATTTCTAGTAGAACTATAGGAAAATACATAGACGAGGCAATATTCTCACTGGACAAATCTGGATAAGAGGACTAAGGCCAGCACCAGATATACAATCCAGAAGATGCAGTCAAATAAATAAGAATGGGAACAAAAATGTTGAAAAATCAGCTCTACTTACACCCAACAGCCCCCTACGAAACCCTCGATCTCACTCGATATCGGTTTCTCAAAGAGATGTTTAATAAAAATTATCAAACACATTTAAATTTAAAGAAAACTTTTCTTGTCTATTCTCCCGGGAACAAAAATGTTGAAAAATCAGCTCTAC
LC706555,GGGGAGAA,,C,,,TCATTATTCAACTTGCATCGATGATAGCATCTCTCCAACTTATCATTGATTTCCTGATAAAAGACAATAAAATATATCATCAAGAGGCAACGATCTCAACAAACAACATTTCTAGTAGAACTATAGAAAAATACACAGACGAGGCAATATTCTCACTGGACAAATCTGGATAAGAGGACTAAGACCAGCACCAGATATACAGTCCAGAAGGTGCAGTCAAATAAATAAGAATGGGAACAAAAATGTTGAAAAATCAGCTCTACTTACACCCAACAGCCCCCTACGAAACCCTCGATCTCACTCGATATCGGTTTCTCAAAGAAATGTTTAATAAAAAATATCAAACACATTTAAATTTAAAGAAAACTTTTCTTGTCTATTCTCCCCTTGGT
ON729324,,C,C,,,TCATTATTCAACTTGCATCGATGATAGCATCTCTCCAACTTATCATTGATTTCCTGATAAAAGACAATAAAATATATCATCAAGAGGCAACGATCTCAATAAACAACATTTCTAGTAGAACTATAGGAAAATACATAGACGAGGCAATATTCTCACTGGACAAATCTGGATAAGAGGACTAAGGCCAGCACCAGATATACAATCCAGAAGATGCAGTCAAATAAATAAGAATGGGAACAAAAATGTTGAAAAATCAGCTCTACTTACACCCAACAGCCCCCTACGAAACCCTCGATCTCACTC
KF908238,,,C,,,CCATTATTCAACTTACATCGATGATAGCATCTCTCTAACTTATTATTGATTTCCTGATAAAAGACAATAAAATATATCATCAAGAGGCAACGATCTCAATAAACAACATTTCTAGTAGAACTATAGGAAAATACATAGACGAGACAATATCCTCACTGGACAAATCTGGATAAGAGGATTAAGGCCAACACCAGATATACAATCCAGAGGATGCAGTCAAATAAATAAGAATGGGAACAAAAAT
MH828708,,,C,,,CCATTATTCAACTTGCATCGATGATAGCATCTCTCTAACTTATCATTGATTTCCTGATAAAAGACAATAAAATATATCATCAAGAGGCAATGATCTCAATAAACAACATTTCTAGTAGAACTATAGGAAAATACATAGACGAGACAATATCCTCACTGGACAAATCTGGATAAGAGGACTAAGGCCAACACCAGATATACAATCCAGAAGATGCAGTCAAATAAATAAGAATGGGAACAAAAATGTTGAAAAATCAGCTCTACTTACACCCAACAGCCCCCAACAAAACCCT
KY986647,,,C,,,TCATTATTCAACTTGCATCGATGATAGCATCTCTCCAACTTATCATTGATTTCCTGATAAAAGACAATAAAATATATCATCAAGAGGCAACGATCTCAATAAACAACATTTCTAGTAGAACTATAGGAAAATACATAGACGAGGCAATATTCTCACTGGACAAATCTGGATAAGAGGACTAAGGCCAGCACCAGATATACAATCCAGAAGATGCAGTCAAATAAATAAGAATGGGAACAAAAATGTTGAAAAATCAGCTCTACTTACACCCAACAGCCCCCTACGAAACC
ON729323,,,C,,,TCATTATTCAACTTGCATCGATGATAGCATCTCTCCAACTTATCATTGATTTCCTGATAAAAGACAATAAAATATATCATCAAGAGGCAACGATCTCAATAAACAACATTTCTAGTAGAACTATAGGAAAATACATAGACGAGGCAATATTCTCACTGGACAAATCTGGATAAGAGGACTAAGGCCAGCACCAGATATACAATCCAGAAGATGCAGTCAAATAAATAAGAATGGGAACAAAAATGTTGAAAAATCAGCTCTACTTACACCCAACAGCCCCCTACGAAACCCTCGATCTCACTC
ON729321,,,C,,,TCATTATTCAACTTGCATCGATGATAGCATCTCTCCAACTTATCATTGATTTCCTGATAAAAGACAATAAAATATATCATCAAGAGGCAACGATCTCAATAAACAACATTTCTAGTAGAACTATAGGAAAATACATAGACGAGGCAATATTCTCACTGGACAAATCTGGATAAGAGGACTAAGGCCAGCACCAGATATACAATCCAGAAGATGCAGTCAAATAAATAAGAATGGGAACAAAAATGTTGAAAAATCAGCTCTACTTACACCCAACAGTCCCCTACGAAACCCTCGATCTCACTC
MT118680,,,C,,,TCATTATTCAACTTGCATCGATGATAGCATCTCTCCAACTTATCATTGATTTCCTGATAAAAGACAATAAAATGTATCATCAAGAGGCAACGATCTCAATAAACAACATTTCTAGTAGAACTATAGGAAAATACATAGACAAGGCAATATTCTCACTGGACAAATCTGGATAAGAGGACTAAGGCCAGCACCAGATATACAATCCAGAAGATGCAGTCAAATAAATAAGAATAGGAACAAAAATGTTGAAAAATCAGCTCTACTTACACCCAACAGCCCCCTACGAAACCCTCGATCTCACTCGATATCGGTTTC
MN306032,,,C,,,TCATTATTCAACTTGCATCGATGATAGCATCTCTCTAACTTATCATTGATTTCCTGATAAAAGACAATAAAATATATCATCAAGAGGCAACGATCTCAATAAACAACATTTCTAGTAGAACTATAGGAAAATACATAGACGAGGTAATATTCTCACTGGACAAATCTGGATAAGAGGACTAAGGCCAGCACCAGATATACAATCCAGAAGATGCAATCAAATAAATAAAAATGGGAACAAAAATGTTGAAAAATCAGCTCTACTTACACCCAACAGCCCCCTACGAAACCCTCGATCTCACTCGATATCGGTTTCTCAGAGAAATGTTTAATAAAAAATATCAAACACATTTAAATTTAAAGAAAACTTTTCTTGTCTATTCTCCCCTTGGTGTAAGTAGAGCTGATTTTTCAACATTTTTGTTC
MN306033,,,,,,AAACATTAATGATAAAAACTGTTTTTATCGTTCGGTATCGATTTCTCTTAAAAGTGTTTAATAAAAAAATTAAAACACATTTAA
MT118682,,,,,,AAACATTAATGATAAAAACTGTTTTTATCGTTCGGTATCGATTTCTCTTAAAAGTGTTTAATAAAAAAATTAAAACACATTTAATTTTAAAGAAAACTTTTCT
MT118676,,,,,,ATACATTAATGATAAAAACTGTTTTTATCGTTCGGTATCGATTTCTCTTAAAAGTGTTTAATAAAAAAATTAAAACACATTTAATTTTAAAGAAAACTTTTCTTATCTATCCTC
MN306027,,,,,,ATACATTAATGATAAAAACTGTTTTTATCGTTCGGTATCGATTTCTCTTAAAAGTGTTTAATAAAAAAATTAAAACACATTTAATTTTAAAGAAAACTTTTCTTATCTATCCAACCA
MT118674,,,,,,ATACATTAATGATAAAAACTGTTTTTATCGTTCGGTATCGATTTCTCTTAAA
