strain	strain_name	segment	date	host	country	subtype	virus_species	hpiv_subtype
AB641172	HPIVi/Yamagata/2005/1258	NA	2005-06-02	Unknown	Japan	NA	Human_parainfluenza_virus_1	HPIV1
AB641308	HPIVi/Yamagata/2009/2349	NA	2009-10-16	Unknown	Japan	NA	Human_parainfluenza_virus_1	HPIV1
AB641195	HPIVi/Yamagata/2005/1670	NA	2005-07-27	Unknown	Japan	NA	Human_parainfluenza_virus_1	HPIV1
AB641230	HPIVi/Yamagata/2006/562	NA	2006-02-27	Unknown	Japan	NA	Human_parainfluenza_virus_1	HPIV1
JQ268831	FLA3190	NA	2008-07-XX	Human	Peru	NA	Human_parainfluenza_virus_1	HPIV1
AB641215	HPIVi/Yamagata/2005/2252	NA	2005-10-14	Unknown	Japan	NA	Human_parainfluenza_virus_1	HPIV1
KF530207	HPIV1/MEX/482/2003	NA	2003-09-26	Human	Mexico	NA	Human_parainfluenza_virus_1	HPIV1
KJ187029	cb36	NA	2013-07-19	Human	Thailand	NA	Human_parainfluenza_virus_1	HPIV1
AB641163	HPIVi/Yamagata/2005/1136	NA	2005-05-24	Unknown	Japan	NA	Human_parainfluenza_virus_1	HPIV1
KF530217	HPIV1/MEX/1521/2005	NA	2005-02-10	Human	Mexico	NA	Human_parainfluenza_virus_1	HPIV1
KT336345	HPIV1i/Zagreb.HR/44.13_1564_	NA	2013-10-30	Human	Croatia	NA	Human_parainfluenza_virus_1	HPIV1
AB641229	HPIVi/Yamagata/2006/451	NA	2006-02-14	Unknown	Japan	NA	Human_parainfluenza_virus_1	HPIV1
AB641136	HPIVi/Yamagata/2003/1368	NA	2003-04-30	Unknown	Japan	NA	Human_parainfluenza_virus_1	HPIV1
KF530224	HPIV1/FRA/31211174/2011	NA	2011-05-23	Human	France	NA	Human_parainfluenza_virus_1	HPIV1
AB897874	HPIV1/Ehime/2012/12	NA	2012-04-16	Human	Japan	NA	Human_parainfluenza_virus_1	HPIV1
KT336340	HPIV1i/Zagreb.HR/1.12_266_	NA	2012-01-05	Human	Croatia	NA	Human_parainfluenza_virus_1	HPIV1
AB641199	HPIVi/Yamagata/2005/1769	NA	2005-08-08	Unknown	Japan	NA	Human_parainfluenza_virus_1	HPIV1
AB641208	HPIVi/Yamagata/2005/1932	NA	2005-08-31	Unknown	Japan	NA	Human_parainfluenza_virus_1	HPIV1
AB641157	HPIVi/Yamagata/2005/1029	NA	2005-05-12	Unknown	Japan	NA	Human_parainfluenza_virus_1	HPIV1
AB641282	HPIVi/Yamagata/2009/1670	NA	2009-07-27	Unknown	Japan	NA	Human_parainfluenza_virus_1	HPIV1
KT336331	HPIV1i/Zagreb.HR/38.11_14501_	NA	2011-09-19	Human	Croatia	NA	Human_parainfluenza_virus_1	HPIV1
AB641203	HPIVi/Yamagata/2005/1835	NA	2005-08-12	Unknown	Japan	NA	Human_parainfluenza_virus_1	HPIV1
JQ268829	FLA1629	NA	2008-03-XX	Human	Argentina	NA	Human_parainfluenza_virus_1	HPIV1
AB641270	HPIVi/Yamagata/2009/1412	NA	2009-06-15	Unknown	Japan	NA	Human_parainfluenza_virus_1	HPIV1
KT336343	HPIV1i/Zagreb.HR/8.12_2000_	NA	2012-02-22	Human	Croatia	NA	Human_parainfluenza_virus_1	HPIV1
JQ268805	FLI2355	NA	2010-05-XX	Human	Argentina	NA	Human_parainfluenza_virus_1	HPIV1
AB641174	HPIVi/Yamagata/2005/1324	NA	2005-06-13	Unknown	Japan	NA	Human_parainfluenza_virus_1	HPIV1
AB641221	HPIVi/Yamagata/2005/2637	NA	2005-12-02	Unknown	Japan	NA	Human_parainfluenza_virus_1	HPIV1
AB641158	HPIVi/Yamagata/2005/1033	NA	2005-05-12	Unknown	Japan	NA	Human_parainfluenza_virus_1	HPIV1
AB897873	HPIV1/Ehime/2012/10	NA	2012-04-12	Human	Japan	NA	Human_parainfluenza_virus_1	HPIV1
AB641218	HPIVi/Yamagata/2005/2557	NA	2005-11-25	Unknown	Japan	NA	Human_parainfluenza_virus_1	HPIV1
AB641293	HPIVi/Yamagata/2009/2055	NA	2009-09-09	Unknown	Japan	NA	Human_parainfluenza_virus_1	HPIV1
KF530218	HPIV1/FRA/30393061/2010	NA	2010-09-29	Human	France	NA	Human_parainfluenza_virus_1	HPIV1
AB641291	HPIVi/Yamagata/2009/2019	NA	2009-09-01	Unknown	Japan	NA	Human_parainfluenza_virus_1	HPIV1
AB641307	HPIVi/Yamagata/2009/2272	NA	2009-09-28	Unknown	Japan	NA	Human_parainfluenza_virus_1	HPIV1
AB641168	HPIVi/Yamagata/2005/1213	NA	2005-05-27	Unknown	Japan	NA	Human_parainfluenza_virus_1	HPIV1
AB897871	HPIV1/Ehime/2012/5	NA	2012-04-11	Human	Japan	NA	Human_parainfluenza_virus_1	HPIV1
KF530197	HPIV1/FRA/29342077/2009	NA	2009-08-18	Human	France	NA	Human_parainfluenza_virus_1	HPIV1
JQ268801	FLU6048	NA	2007-03-XX	Human	Honduras	NA	Human_parainfluenza_virus_1	HPIV1
AB641159	HPIVi/Yamagata/2005/1059	NA	2005-05-12	Unknown	Japan	NA	Human_parainfluenza_virus_1	HPIV1
AB641266	HPIVi/Yamagata/2009/1292	NA	2009-05-27	Unknown	Japan	NA	Human_parainfluenza_virus_1	HPIV1
AB641177	HPIVi/Yamagata/2005/1343	NA	2005-06-14	Unknown	Japan	NA	Human_parainfluenza_virus_1	HPIV1
AB641186	HPIVi/Yamagata/2005/1499	NA	2005-07-05	Unknown	Japan	NA	Human_parainfluenza_virus_1	HPIV1
AB641252	HPIVi/Yamagata/2007/2125	NA	2007-10-22	Unknown	Japan	NA	Human_parainfluenza_virus_1	HPIV1
AB641303	HPIVi/Yamagata/2009/2230	NA	2009-10-07	Unknown	Japan	NA	Human_parainfluenza_virus_1	HPIV1
AB897876	HPIV1/Ehime/2012/17	NA	2012-04-19	Human	Japan	NA	Human_parainfluenza_virus_1	HPIV1
KX639498	NM001	NA	2015-12-16	Human	USA	NA	Human_parainfluenza_virus_1	HPIV1
JN089925	Oklahoma/4409/2010-XX-XX	NA	2010-XX-XX	Unknown	USA	NA	Human_parainfluenza_virus_1	HPIV1
AB641219	HPIVi/Yamagata/2005/2570	NA	2005-11-28	Unknown	Japan	NA	Human_parainfluenza_virus_1	HPIV1
AB641180	HPIVi/Yamagata/2005/1357	NA	2005-06-16	Unknown	Japan	NA	Human_parainfluenza_virus_1	HPIV1
KF530212	HPIV1/USA/38081A/2011	NA	2011-06-24	Human	USA	NA	Human_parainfluenza_virus_1	HPIV1
KF530200	HPIV1/CHE/1110180075/2011	NA	2011-10-18	Human	Switzerland	NA	Human_parainfluenza_virus_1	HPIV1
AB641155	HPIVi/Yamagata/2005/876	NA	2005-04-14	Unknown	Japan	NA	Human_parainfluenza_virus_1	HPIV1
AB641206	HPIVi/Yamagata/2005/1886	NA	2005-08-24	Unknown	Japan	NA	Human_parainfluenza_virus_1	HPIV1
KJ187009	CU284	NA	2012-02-08	Human	Thailand	NA	Human_parainfluenza_virus_1	HPIV1
AB641257	HPIVi/Yamagata/2007/2354	NA	2007-11-19	Unknown	Japan	NA	Human_parainfluenza_virus_1	HPIV1
AB641259	HPIVi/Yamagata/2008/982	NA	2008-05-14	Unknown	Japan	NA	Human_parainfluenza_virus_1	HPIV1
AB641297	HPIVi/Yamagata/2009/2130	NA	2009-09-17	Unknown	Japan	NA	Human_parainfluenza_virus_1	HPIV1
AB641263	HPIVi/Yamagata/2008/2018	NA	2008-10-31	Unknown	Japan	NA	Human_parainfluenza_virus_1	HPIV1
AB641210	HPIVi/Yamagata/2005/2107	NA	2005-09-21	Unknown	Japan	NA	Human_parainfluenza_virus_1	HPIV1
AB641288	HPIVi/Yamagata/2009/1982	NA	2009-09-01	Unknown	Japan	NA	Human_parainfluenza_virus_1	HPIV1
JQ268814	FLU9942	NA	2007-12-XX	Human	Peru	NA	Human_parainfluenza_virus_1	HPIV1
AB641279	HPIVi/Yamagata/2009/1626	NA	2009-07-16	Unknown	Japan	NA	Human_parainfluenza_virus_1	HPIV1
AB641226	HPIVi/Yamagata/2006/305	NA	2006-01-30	Unknown	Japan	NA	Human_parainfluenza_virus_1	HPIV1
AB641242	HPIVi/Yamagata/2007/1562	NA	2007-07-17	Unknown	Japan	NA	Human_parainfluenza_virus_1	HPIV1
AB641134	HPIVi/Yamagata/2003/1122	NA	2003-04-02	Unknown	Japan	NA	Human_parainfluenza_virus_1	HPIV1
AB641176	HPIVi/Yamagata/2005/1335	NA	2005-06-09	Unknown	Japan	NA	Human_parainfluenza_virus_1	HPIV1
AB641148	HPIVi/Yamagata/2004/1279	NA	2004-07-22	Unknown	Japan	NA	Human_parainfluenza_virus_1	HPIV1
AB641255	HPIVi/Yamagata/2007/2227	NA	2007-11-05	Unknown	Japan	NA	Human_parainfluenza_virus_1	HPIV1
AB641137	HPIVi/Yamagata/2003/1446	NA	2003-05-07	Unknown	Japan	NA	Human_parainfluenza_virus_1	HPIV1
AB641304	HPIVi/Yamagata/2009/2241	NA	2009-10-02	Unknown	Japan	NA	Human_parainfluenza_virus_1	HPIV1
AB641133	HPIVi/Yamagata/2002/1565	NA	2002-06-01	Unknown	Japan	NA	Human_parainfluenza_virus_1	HPIV1
AB641247	HPIVi/Yamagata/2007/1662	NA	2007-07-31	Unknown	Japan	NA	Human_parainfluenza_virus_1	HPIV1
AB641236	HPIVi/Yamagata/2006/1484	NA	2006-06-06	Unknown	Japan	NA	Human_parainfluenza_virus_1	HPIV1
AB641204	HPIVi/Yamagata/2005/1849	NA	2005-08-17	Unknown	Japan	NA	Human_parainfluenza_virus_1	HPIV1
KT336351	HPIV1i/Zagreb.HR/51.11_19282_	NA	2011-12-20	Human	Croatia	NA	Human_parainfluenza_virus_1	HPIV1
AB641187	HPIVi/Yamagata/2005/1501	NA	2005-07-05	Unknown	Japan	NA	Human_parainfluenza_virus_1	HPIV1
AB641144	HPIVi/Yamagata/2003/2066	NA	2003-07-24	Unknown	Japan	NA	Human_parainfluenza_virus_1	HPIV1
AB641162	HPIVi/Yamagata/2005/1109	NA	2005-05-16	Unknown	Japan	NA	Human_parainfluenza_virus_1	HPIV1
AB641260	HPIVi/Yamagata/2008/1154	NA	2008-05-26	Unknown	Japan	NA	Human_parainfluenza_virus_1	HPIV1
JQ268815	FLI3948	NA	2006-07-XX	Human	Peru	NA	Human_parainfluenza_virus_1	HPIV1
AB641299	HPIVi/Yamagata/2009/2141	NA	2009-09-24	Unknown	Japan	NA	Human_parainfluenza_virus_1	HPIV1
AB897869	HPIV1/Ehime/2012/1	NA	2012-04-11	Human	Japan	NA	Human_parainfluenza_virus_1	HPIV1
KF530205	HPIV1/AUS/57/2007-XX-XX	NA	2007-XX-XX	Human	Australia	NA	Human_parainfluenza_virus_1	HPIV1
KU050088	HPIV1s/Zagreb.HR/48.11_18494_	NA	2011-12-02	Human	Croatia	NA	Human_parainfluenza_virus_1	HPIV1
AB641214	HPIVi/Yamagata/2005/2227	NA	2005-10-12	Unknown	Japan	NA	Human_parainfluenza_virus_1	HPIV1
KU050094	HPIV1s/Zagreb.HR/47.13_1712_	NA	2013-11-21	Human	Croatia	NA	Human_parainfluenza_virus_1	HPIV1
KT992806	HPIV1s/Zagreb.HR/47.13_1712_	NA	2013-11-21	Human	Croatia	NA	Human_parainfluenza_virus_1	HPIV1
AB641151	HPIVi/Yamagata/2004/1907	NA	2004-10-25	Unknown	Japan	NA	Human_parainfluenza_virus_1	HPIV1
JQ268818	FLI3880	NA	2006-06-XX	Human	Peru	NA	Human_parainfluenza_virus_1	HPIV1
AB641196	HPIVi/Yamagata/2005/1684	NA	2005-07-25	Unknown	Japan	NA	Human_parainfluenza_virus_1	HPIV1
AB641179	HPIVi/Yamagata/2005/1356	NA	2005-06-16	Unknown	Japan	NA	Human_parainfluenza_virus_1	HPIV1
AB641202	HPIVi/Yamagata/2005/1789	NA	2005-08-08	Unknown	Japan	NA	Human_parainfluenza_virus_1	HPIV1
AB641234	HPIVi/Yamagata/2006/1093	NA	2006-04-26	Unknown	Japan	NA	Human_parainfluenza_virus_1	HPIV1
AB641268	HPIVi/Yamagata/2009/1336	NA	2009-05-28	Unknown	Japan	NA	Human_parainfluenza_virus_1	HPIV1
AB641140	HPIVi/Yamagata/2003/1644	NA	2003-05-28	Unknown	Japan	NA	Human_parainfluenza_virus_1	HPIV1
AB853067	K22_PIV1	NA	2012-XX-XX	Human	Japan	NA	Human_parainfluenza_virus_1	HPIV1
AB641277	HPIVi/Yamagata/2009/1622	NA	2009-07-14	Unknown	Japan	NA	Human_parainfluenza_virus_1	HPIV1
KF687313	HPIV1/FRA/29221106/2009	NA	2009-05-25	Human	France	NA	Human_parainfluenza_virus_1	HPIV1
KT336336	HPIV1i/Zagreb.HR/48.11_18494_	NA	2011-12-02	Human	Croatia	NA	Human_parainfluenza_virus_1	HPIV1
AB641269	HPIVi/Yamagata/2009/1346	NA	2009-06-02	Unknown	Japan	NA	Human_parainfluenza_virus_1	HPIV1
AB641256	HPIVi/Yamagata/2007/2274	NA	2007-11-09	Unknown	Japan	NA	Human_parainfluenza_virus_1	HPIV1
AB641169	HPIVi/Yamagata/2005/1217	NA	2005-05-31	Unknown	Japan	NA	Human_parainfluenza_virus_1	HPIV1
JQ268826	FLA9034	NA	2009-06-XX	Human	Nicaragua	NA	Human_parainfluenza_virus_1	HPIV1
AB641212	HPIVi/Yamagata/2005/2144	NA	2005-09-27	Unknown	Japan	NA	Human_parainfluenza_virus_1	HPIV1
AB641258	HPIVi/Yamagata/2008/413	NA	2008-02-20	Unknown	Japan	NA	Human_parainfluenza_virus_1	HPIV1
AB641154	HPIVi/Yamagata/2005/875	NA	2005-04-14	Unknown	Japan	NA	Human_parainfluenza_virus_1	HPIV1
KT336339	HPIV1i/Zagreb.HR/51.11_19355_	NA	2011-12-21	Human	Croatia	NA	Human_parainfluenza_virus_1	HPIV1
AB641280	HPIVi/Yamagata/2009/1653	NA	2009-07-21	Unknown	Japan	NA	Human_parainfluenza_virus_1	HPIV1
AB641211	HPIVi/Yamagata/2005/2139	NA	2005-09-27	Unknown	Japan	NA	Human_parainfluenza_virus_1	HPIV1
JQ268824	FLI2490	NA	2010-06-XX	Human	Nicaragua	NA	Human_parainfluenza_virus_1	HPIV1
KF530203	HPIV1/USA/38078A/2011	NA	2011-06-03	Human	USA	NA	Human_parainfluenza_virus_1	HPIV1
KT336352	HPIV1i/Zagreb.HR/41.11_15416_	NA	2011-10-10	Human	Croatia	NA	Human_parainfluenza_virus_1	HPIV1
AB641231	HPIVi/Yamagata/2006/587	NA	2006-02-28	Unknown	Japan	NA	Human_parainfluenza_virus_1	HPIV1
AB641150	HPIVi/Yamagata/2004/1773	NA	2004-10-06	Unknown	Japan	NA	Human_parainfluenza_virus_1	HPIV1
KF530220	HPIV1/MEX/1842/2005	NA	2005-10-19	Human	Mexico	NA	Human_parainfluenza_virus_1	HPIV1
AB641235	HPIVi/Yamagata/2006/1116	NA	2006-04-28	Unknown	Japan	NA	Human_parainfluenza_virus_1	HPIV1
AB641272	HPIVi/Yamagata/2009/1442	NA	2009-06-16	Unknown	Japan	NA	Human_parainfluenza_virus_1	HPIV1
AB641251	HPIVi/Yamagata/2007/2072	NA	2007-10-15	Unknown	Japan	NA	Human_parainfluenza_virus_1	HPIV1
KT992802	HPIV1s/Zagreb.HR/8.12_2000_	NA	2012-02-22	Human	Croatia	NA	Human_parainfluenza_virus_1	HPIV1
KU050090	HPIV1s/Zagreb.HR/8.12_2000_	NA	2012-02-22	Human	Croatia	NA	Human_parainfluenza_virus_1	HPIV1
JQ268837	FLE5798	NA	2009-08-XX	Human	Ecuador	NA	Human_parainfluenza_virus_1	HPIV1
KF530223	HPIV1/FRA/29212070/2009	NA	2009-05-19	Human	France	NA	Human_parainfluenza_virus_1	HPIV1
AB641311	HPIVi/Yamagata/2009/2531	NA	2009-11-04	Unknown	Japan	NA	Human_parainfluenza_virus_1	HPIV1
KT336338	HPIV1i/Zagreb.HR/50.11_19069_	NA	2011-12-16	Human	Croatia	NA	Human_parainfluenza_virus_1	HPIV1
AB641216	HPIVi/Yamagata/2005/2395	NA	2005-11-02	Unknown	Japan	NA	Human_parainfluenza_virus_1	HPIV1
KF530222	HPIV1/CHE/1109273044/2011	NA	2011-09-27	Human	Switzerland	NA	Human_parainfluenza_virus_1	HPIV1
AB641306	HPIVi/Yamagata/2009/2250	NA	2009-10-03	Unknown	Japan	NA	Human_parainfluenza_virus_1	HPIV1
JQ268811	CFI0414	NA	2010-07-XX	Human	Peru	NA	Human_parainfluenza_virus_1	HPIV1
AB641223	HPIVi/Yamagata/2005/2702	NA	2005-12-09	Unknown	Japan	NA	Human_parainfluenza_virus_1	HPIV1
AB641181	HPIVi/Yamagata/2005/1388	NA	2005-06-21	Unknown	Japan	NA	Human_parainfluenza_virus_1	HPIV1
KX570602	AR001	NA	2015-09-19	Human	USA	NA	Human_parainfluenza_virus_1	HPIV1
AB641141	HPIVi/Yamagata/2003/1665	NA	2003-06-04	Unknown	Japan	NA	Human_parainfluenza_virus_1	HPIV1
JQ268828	FLA3233	NA	2008-07-XX	Human	Peru	NA	Human_parainfluenza_virus_1	HPIV1
AB641254	HPIVi/Yamagata/2007/2211	NA	2007-11-06	Unknown	Japan	NA	Human_parainfluenza_virus_1	HPIV1
JQ268822	FLA1092	NA	2008-03-XX	Human	Peru	NA	Human_parainfluenza_virus_1	HPIV1
KF530213	HPIV1/USA/35686C/2011	NA	2011-10-13	Human	USA	NA	Human_parainfluenza_virus_1	HPIV1
KT336341	HPIV1i/Zagreb.HR/3.12_1020_	NA	2012-01-20	Human	Croatia	NA	Human_parainfluenza_virus_1	HPIV1
AB641138	HPIVi/Yamagata/2003/1521	NA	2003-05-14	Unknown	Japan	NA	Human_parainfluenza_virus_1	HPIV1
AB641153	HPIVi/Yamagata/2005/865	NA	2005-04-12	Unknown	Japan	NA	Human_parainfluenza_virus_1	HPIV1
AB641178	HPIVi/Yamagata/2005/1346	NA	2005-06-15	Unknown	Japan	NA	Human_parainfluenza_virus_1	HPIV1
AB641166	HPIVi/Yamagata/2005/1173	NA	2005-05-25	Unknown	Japan	NA	Human_parainfluenza_virus_1	HPIV1
AB641217	HPIVi/Yamagata/2005/2405	NA	2005-11-04	Unknown	Japan	NA	Human_parainfluenza_virus_1	HPIV1
AB641287	HPIVi/Yamagata/2009/1972	NA	2009-09-01	Unknown	Japan	NA	Human_parainfluenza_virus_1	HPIV1
KT336347	HPIV1i/Zagreb.HR/47.13_1712_	NA	2013-11-21	Human	Croatia	NA	Human_parainfluenza_virus_1	HPIV1
AB641237	HPIVi/Yamagata/2006/3027	NA	2006-12-08	Unknown	Japan	NA	Human_parainfluenza_virus_1	HPIV1
JQ268808	CFI0672	NA	2010-09-XX	Human	Peru	NA	Human_parainfluenza_virus_1	HPIV1
KF687312	HPIV1/FRA/27344044/2007	NA	2007-08-23	Human	France	NA	Human_parainfluenza_virus_1	HPIV1
AB897875	HPIV1/Ehime/2012/14	NA	2012-04-16	Human	Japan	NA	Human_parainfluenza_virus_1	HPIV1
AB641145	HPIVi/Yamagata/2003/2101	NA	2003-07-28	Unknown	Japan	NA	Human_parainfluenza_virus_1	HPIV1
AB641205	HPIVi/Yamagata/2005/1863	NA	2005-08-24	Unknown	Japan	NA	Human_parainfluenza_virus_1	HPIV1
AB641139	HPIVi/Yamagata/2003/1523	NA	2003-05-15	Unknown	Japan	NA	Human_parainfluenza_virus_1	HPIV1
KF687309	HPIV1/MEX/447/2003	NA	2003-09-04	Human	Mexico	NA	Human_parainfluenza_virus_1	HPIV1
KT992798	HPIV1s/Zagreb.HR/42.11_16046_	NA	2011-10-21	Human	Croatia	NA	Human_parainfluenza_virus_1	HPIV1
KU050085	HPIV1s/Zagreb.HR/42.11_16046_	NA	2011-10-21	Human	Croatia	NA	Human_parainfluenza_virus_1	HPIV1
AB641200	HPIVi/Yamagata/2005/1771	NA	2005-08-08	Unknown	Japan	NA	Human_parainfluenza_virus_1	HPIV1
AB641167	HPIVi/Yamagata/2005/1175	NA	2005-05-25	Unknown	Japan	NA	Human_parainfluenza_virus_1	HPIV1
KF530199	HPIV1/ZAF/3267/2010-XX-XX	NA	2010-XX-XX	Human	South_Africa	NA	Human_parainfluenza_virus_1	HPIV1
AB641244	HPIVi/Yamagata/2007/1599	NA	2007-07-25	Unknown	Japan	NA	Human_parainfluenza_virus_1	HPIV1
KT336342	HPIV1i/Zagreb.HR/3.12_1022_	NA	2012-01-22	Human	Croatia	NA	Human_parainfluenza_virus_1	HPIV1
KF530195	HPIV1/ZAF/2754/2010	NA	2010-08-25	Human	South_Africa	NA	Human_parainfluenza_virus_1	HPIV1
AB641194	HPIVi/Yamagata/2005/1641	NA	2005-07-19	Unknown	Japan	NA	Human_parainfluenza_virus_1	HPIV1
AB641142	HPIVi/Yamagata/2003/1764	NA	2003-06-18	Unknown	Japan	NA	Human_parainfluenza_virus_1	HPIV1
KT898920	Pavia/VR9348/2007	NA	2007-10-XX	Human	Italy	NA	Human_parainfluenza_virus_1	HPIV1
AB641185	HPIVi/Yamagata/2005/1498	NA	2005-07-05	Unknown	Japan	NA	Human_parainfluenza_virus_1	HPIV1
KF530210	HPIV1/FRA/31202043/2011	NA	2011-05-17	Human	France	NA	Human_parainfluenza_virus_1	HPIV1
AB641253	HPIVi/Yamagata/2007/2187	NA	2007-10-31	Unknown	Japan	NA	Human_parainfluenza_virus_1	HPIV1
KF530201	HPIV1/FRA/29171082/2009	NA	2009-04-20	Human	France	NA	Human_parainfluenza_virus_1	HPIV1
AB641164	HPIVi/Yamagata/2005/1153	NA	2005-05-21	Unknown	Japan	NA	Human_parainfluenza_virus_1	HPIV1
AB641238	HPIVi/Yamagata/2007/400	NA	2007-02-14	Unknown	Japan	NA	Human_parainfluenza_virus_1	HPIV1
AB641284	HPIVi/Yamagata/2009/1681	NA	2009-07-24	Unknown	Japan	NA	Human_parainfluenza_virus_1	HPIV1
JQ268830	FLA3538	NA	2008-07-XX	Human	Peru	NA	Human_parainfluenza_virus_1	HPIV1
AB641193	HPIVi/Yamagata/2005/1630	NA	2005-07-16	Unknown	Japan	NA	Human_parainfluenza_virus_1	HPIV1
AB641135	HPIVi/Yamagata/2003/1323	NA	2003-04-19	Unknown	Japan	NA	Human_parainfluenza_virus_1	HPIV1
AB641197	HPIVi/Yamagata/2005/1686	NA	2005-07-25	Unknown	Japan	NA	Human_parainfluenza_virus_1	HPIV1
JQ268804	FLU7079	NA	2007-04-XX	Human	Colombia	NA	Human_parainfluenza_virus_1	HPIV1
KT992799	HPIV1s/Zagreb.HR/47.11_18133_	NA	2011-10-27	Human	Croatia	NA	Human_parainfluenza_virus_1	HPIV1
KU050086	HPIV1s/Zagreb.HR/47.11_18133_	NA	2011-10-27	Human	Croatia	NA	Human_parainfluenza_virus_1	HPIV1
KF687307	HPIV1/USA/629_D00712/2009	NA	2009-10-02	Human	USA	NA	Human_parainfluenza_virus_1	HPIV1
AB641275	HPIVi/Yamagata/2009/1573	NA	2009-07-08	Unknown	Japan	NA	Human_parainfluenza_virus_1	HPIV1
KT992807	HPIV1s/Zagreb.HR/50.13_1833_	NA	2013-12-10	Human	Croatia	NA	Human_parainfluenza_virus_1	HPIV1
KU050095	HPIV1s/Zagreb.HR/50.13_1833_	NA	2013-12-10	Human	Croatia	NA	Human_parainfluenza_virus_1	HPIV1
AB641227	HPIVi/Yamagata/2006/360	NA	2006-02-08	Unknown	Japan	NA	Human_parainfluenza_virus_1	HPIV1
KF530202	HPIV1/USA/629_2/2009-XX-XX	NA	2009-XX-XX	Human	USA	NA	Human_parainfluenza_virus_1	HPIV1
JQ268825	FLE0909	NA	2009-05-XX	Human	Honduras	NA	Human_parainfluenza_virus_1	HPIV1
JQ268827	FLI3456	NA	2010-08-XX	Human	Peru	NA	Human_parainfluenza_virus_1	HPIV1
KF687316	HPIV1/USA/35745H/2011	NA	2011-10-12	Human	USA	NA	Human_parainfluenza_virus_1	HPIV1
KF687314	HPIV1/FRA/30384043/2010	NA	2010-09-23	Human	France	NA	Human_parainfluenza_virus_1	HPIV1
AB897872	HPIV1/Ehime/2012/6	NA	2012-04-16	Human	Japan	NA	Human_parainfluenza_virus_1	HPIV1
KF687308	HPIV1/USA/629_D02161/2009	NA	2009-10-03	Human	USA	NA	Human_parainfluenza_virus_1	HPIV1
AB641225	HPIVi/Yamagata/2006/161	NA	2006-01-17	Unknown	Japan	NA	Human_parainfluenza_virus_1	HPIV1
JQ268832	FLA0012	NA	2007-12-XX	Human	Peru	NA	Human_parainfluenza_virus_1	HPIV1
KT336346	HPIV1i/Zagreb.HR/46.13_1638_	NA	2013-11-13	Human	Croatia	NA	Human_parainfluenza_virus_1	HPIV1
AB641175	HPIVi/Yamagata/2005/1328	NA	2005-06-13	Unknown	Japan	NA	Human_parainfluenza_virus_1	HPIV1
KT992801	HPIV1s/Zagreb.HR/3.12_1022_	NA	2012-01-22	Human	Croatia	NA	Human_parainfluenza_virus_1	HPIV1
JQ268812	FLE0905	NA	2009-05-XX	Human	Honduras	NA	Human_parainfluenza_virus_1	HPIV1
AB641283	HPIVi/Yamagata/2009/1674	NA	2009-07-29	Unknown	Japan	NA	Human_parainfluenza_virus_1	HPIV1
JQ268819	FLA8958	NA	2009-06-XX	Human	Nicaragua	NA	Human_parainfluenza_virus_1	HPIV1
JQ268820	FLI1783	NA	2010-06-XX	Human	Peru	NA	Human_parainfluenza_virus_1	HPIV1
JQ268806	CFI0450	NA	2010-07-XX	Human	Peru	NA	Human_parainfluenza_virus_1	HPIV1
KT336333	HPIV1i/Zagreb.HR/42.11_16046_	NA	2011-10-21	Human	Croatia	NA	Human_parainfluenza_virus_1	HPIV1
AB641298	HPIVi/Yamagata/2009/2131	NA	2009-09-17	Unknown	Japan	NA	Human_parainfluenza_virus_1	HPIV1
KF530198	HPIV1/MEX/495/2003	NA	2003-10-03	Human	Mexico	NA	Human_parainfluenza_virus_1	HPIV1
AB641313	HPIVi/Yamagata/2009/2581	NA	2009-10-30	Unknown	Japan	NA	Human_parainfluenza_virus_1	HPIV1
AB641240	HPIVi/Yamagata/2007/1437	NA	2007-07-04	Unknown	Japan	NA	Human_parainfluenza_virus_1	HPIV1
AB641241	HPIVi/Yamagata/2007/1477	NA	2007-07-05	Unknown	Japan	NA	Human_parainfluenza_virus_1	HPIV1
AB641248	HPIVi/Yamagata/2007/1759	NA	2007-08-16	Unknown	Japan	NA	Human_parainfluenza_virus_1	HPIV1
AB641305	HPIVi/Yamagata/2009/2247	NA	2009-10-03	Unknown	Japan	NA	Human_parainfluenza_virus_1	HPIV1
JQ268835	FLI1872	NA	2010-07-XX	Human	Peru	NA	Human_parainfluenza_virus_1	HPIV1
KU050089	HPIV1s/Zagreb.HR/51.11_19355_	NA	2011-12-21	Human	Croatia	NA	Human_parainfluenza_virus_1	HPIV1
AB641245	HPIVi/Yamagata/2007/1645	NA	2007-08-01	Unknown	Japan	NA	Human_parainfluenza_virus_1	HPIV1
KT336337	HPIV1i/Zagreb.HR/49.11_18789_	NA	2011-12-11	Human	Croatia	NA	Human_parainfluenza_virus_1	HPIV1
AB641301	HPIVi/Yamagata/2009/2145	NA	2009-09-24	Unknown	Japan	NA	Human_parainfluenza_virus_1	HPIV1
AB641213	HPIVi/Yamagata/2005/2225	NA	2005-10-11	Unknown	Japan	NA	Human_parainfluenza_virus_1	HPIV1
KT336348	HPIV1i/Zagreb.HR/3.14_65_	NA	2014-01-15	Human	Croatia	NA	Human_parainfluenza_virus_1	HPIV1
AB641281	HPIVi/Yamagata/2009/1660	NA	2009-07-22	Unknown	Japan	NA	Human_parainfluenza_virus_1	HPIV1
KF530206	HPIV1/ARG/16482/2008-XX-XX	NA	2008-XX-XX	Human	Argentina	NA	Human_parainfluenza_virus_1	HPIV1
AB641249	HPIVi/Yamagata/2007/1907	NA	2007-08-30	Unknown	Japan	NA	Human_parainfluenza_virus_1	HPIV1
KT336349	HPIV1i/Zagreb.HR/46.13_1643_	NA	2013-11-13	Human	Croatia	NA	Human_parainfluenza_virus_1	HPIV1
AB641302	HPIVi/Yamagata/2009/2225	NA	2009-10-03	Unknown	Japan	NA	Human_parainfluenza_virus_1	HPIV1
JQ268807	FLE9677	NA	2010-04-XX	Human	Argentina	NA	Human_parainfluenza_virus_1	HPIV1
AB641192	HPIVi/Yamagata/2005/1569	NA	2005-07-09	Unknown	Japan	NA	Human_parainfluenza_virus_1	HPIV1
AB897870	HPIV1/Ehime/2012/4	NA	2012-04-11	Human	Japan	NA	Human_parainfluenza_virus_1	HPIV1
AB641289	HPIVi/Yamagata/2009/1986	NA	2009-09-01	Unknown	Japan	NA	Human_parainfluenza_virus_1	HPIV1
AB641201	HPIVi/Yamagata/2005/1774	NA	2005-08-10	Unknown	Japan	NA	Human_parainfluenza_virus_1	HPIV1
AB641183	HPIVi/Yamagata/2005/1472	NA	2005-06-30	Unknown	Japan	NA	Human_parainfluenza_virus_1	HPIV1
KF530215	HPIV1/FRA/27343049/2007	NA	2007-08-22	Human	France	NA	Human_parainfluenza_virus_1	HPIV1
JQ268834	FLU6011	NA	2007-02-XX	Human	Honduras	NA	Human_parainfluenza_virus_1	HPIV1
KJ187013	CU317	NA	2012-03-08	Human	Thailand	NA	Human_parainfluenza_virus_1	HPIV1
KT336335	HPIV1i/Zagreb.HR/48.11_18491_	NA	2011-12-01	Human	Croatia	NA	Human_parainfluenza_virus_1	HPIV1
KT336350	HPIV1i/Zagreb.HR/50.13_1833_	NA	2013-12-10	Human	Croatia	NA	Human_parainfluenza_virus_1	HPIV1
KU050084	HPIV1s/Zagreb.HR/38.11_14501_	NA	2011-09-19	Human	Croatia	NA	Human_parainfluenza_virus_1	HPIV1
KT992797	HPIV1s/Zagreb.HR/38.11_14501_	NA	2011-09-19	Human	Croatia	NA	Human_parainfluenza_virus_1	HPIV1
KT336332	HPIV1i/Zagreb.HR/40.11_15425_	NA	2011-10-08	Human	Croatia	NA	Human_parainfluenza_virus_1	HPIV1
JQ268810	FLA8805	NA	2009-02-XX	Human	Colombia	NA	Human_parainfluenza_virus_1	HPIV1
AB641189	HPIVi/Yamagata/2005/1513	NA	2005-07-02	Unknown	Japan	NA	Human_parainfluenza_virus_1	HPIV1
KU050091	HPIV1s/Zagreb.HR/47.12_3225_	NA	2012-11-22	Human	Croatia	NA	Human_parainfluenza_virus_1	HPIV1
KT992803	HPIV1s/Zagreb.HR/47.12_3225_	NA	2012-11-22	Human	Croatia	NA	Human_parainfluenza_virus_1	HPIV1
JQ268817	FLA4181	NA	2008-09-XX	Human	Peru	NA	Human_parainfluenza_virus_1	HPIV1
KF530209	HPIV1/FRA/31225147/2011	NA	2011-06-03	Human	France	NA	Human_parainfluenza_virus_1	HPIV1
AB641149	HPIVi/Yamagata/2004/1379	NA	2004-08-04	Unknown	Japan	NA	Human_parainfluenza_virus_1	HPIV1
AB641209	HPIVi/Yamagata/2005/2105	NA	2005-09-16	Unknown	Japan	NA	Human_parainfluenza_virus_1	HPIV1
AB641170	HPIVi/Yamagata/2005/1228	NA	2005-06-02	Unknown	Japan	NA	Human_parainfluenza_virus_1	HPIV1
AB641290	HPIVi/Yamagata/2009/2009	NA	2009-08-31	Unknown	Japan	NA	Human_parainfluenza_virus_1	HPIV1
KF530204	HPIV1/ZAF/2530/2008	NA	2008-08-26	Human	South_Africa	NA	Human_parainfluenza_virus_1	HPIV1
AB641273	HPIVi/Yamagata/2009/1541	NA	2009-07-01	Unknown	Japan	NA	Human_parainfluenza_virus_1	HPIV1
AB641278	HPIVi/Yamagata/2009/1623	NA	2009-07-14	Unknown	Japan	NA	Human_parainfluenza_virus_1	HPIV1
KF530196	HPIV1/MEX/3040/2006	NA	2006-10-31	Human	Mexico	NA	Human_parainfluenza_virus_1	HPIV1
AB641295	HPIVi/Yamagata/2009/2075	NA	2009-09-08	Unknown	Japan	NA	Human_parainfluenza_virus_1	HPIV1
AB641171	HPIVi/Yamagata/2005/1229	NA	2005-06-02	Unknown	Japan	NA	Human_parainfluenza_virus_1	HPIV1
AB641261	HPIVi/Yamagata/2008/1663	NA	2008-08-18	Unknown	Japan	NA	Human_parainfluenza_virus_1	HPIV1
AB641191	HPIVi/Yamagata/2005/1543	NA	2005-07-01	Unknown	Japan	NA	Human_parainfluenza_virus_1	HPIV1
JQ268816	FLE9690	NA	2010-04-XX	Human	Argentina	NA	Human_parainfluenza_virus_1	HPIV1
AB641184	HPIVi/Yamagata/2005/1494	NA	2005-07-04	Unknown	Japan	NA	Human_parainfluenza_virus_1	HPIV1
AB641165	HPIVi/Yamagata/2005/1164	NA	2005-05-23	Unknown	Japan	NA	Human_parainfluenza_virus_1	HPIV1
KU050087	HPIV1s/Zagreb.HR/48.11_18491_	NA	2011-12-01	Human	Croatia	NA	Human_parainfluenza_virus_1	HPIV1
KT992800	HPIV1s/Zagreb.HR/48.11_18491_	NA	2011-12-01	Human	Croatia	NA	Human_parainfluenza_virus_1	HPIV1
AB853068	K23_PIV1	NA	2012-XX-XX	Human	Japan	NA	Human_parainfluenza_virus_1	HPIV1
AB641312	HPIVi/Yamagata/2009/2573	NA	2009-11-02	Unknown	Japan	NA	Human_parainfluenza_virus_1	HPIV1
AB641243	HPIVi/Yamagata/2007/1577	NA	2007-07-13	Unknown	Japan	NA	Human_parainfluenza_virus_1	HPIV1
AB641160	HPIVi/Yamagata/2005/1060	NA	2005-05-13	Unknown	Japan	NA	Human_parainfluenza_virus_1	HPIV1
AB641264	HPIVi/Yamagata/2008/2276	NA	2008-12-08	Unknown	Japan	NA	Human_parainfluenza_virus_1	HPIV1
AB641233	HPIVi/Yamagata/2006/1086	NA	2006-04-26	Unknown	Japan	NA	Human_parainfluenza_virus_1	HPIV1
AB641274	HPIVi/Yamagata/2009/1542	NA	2009-07-01	Unknown	Japan	NA	Human_parainfluenza_virus_1	HPIV1
AB641292	HPIVi/Yamagata/2009/2044	NA	2009-09-09	Unknown	Japan	NA	Human_parainfluenza_virus_1	HPIV1
AB641309	HPIVi/Yamagata/2009/2352	NA	2009-10-17	Unknown	Japan	NA	Human_parainfluenza_virus_1	HPIV1
AB641267	HPIVi/Yamagata/2009/1309	NA	2009-05-26	Unknown	Japan	NA	Human_parainfluenza_virus_1	HPIV1
JF416792	KPIV_07_2	NA	2007-09-17	Human	South_Korea	1	Human_parainfluenza_virus_1	HPIV1
AB641190	HPIVi/Yamagata/2005/1535	NA	2005-06-07	Unknown	Japan	NA	Human_parainfluenza_virus_1	HPIV1
KF530216	HPIV1/USA/38761A/2011	NA	2011-10-10	Human	USA	NA	Human_parainfluenza_virus_1	HPIV1
AB641132	HPIVi/Yamagata/2002/1433	NA	2002-05-21	Unknown	Japan	NA	Human_parainfluenza_virus_1	HPIV1
KF530219	HPIV1/FRA/31026021/2011	NA	2011-01-15	Human	France	NA	Human_parainfluenza_virus_1	HPIV1
AB641198	HPIVi/Yamagata/2005/1694	NA	2005-07-26	Unknown	Japan	NA	Human_parainfluenza_virus_1	HPIV1
AB641232	HPIVi/Yamagata/2006/890	NA	2006-04-03	Unknown	Japan	NA	Human_parainfluenza_virus_1	HPIV1
KF687315	HPIV1/USA/32193A/2010	NA	2010-04-09	Human	USA	NA	Human_parainfluenza_virus_1	HPIV1
KF687310	HPIV1/AUS/54/2007-XX-XX	NA	2007-XX-XX	Human	Australia	NA	Human_parainfluenza_virus_1	HPIV1
KT992805	HPIV1s/Zagreb.HR/46.13_1638_	NA	2013-11-13	Human	Croatia	NA	Human_parainfluenza_virus_1	HPIV1
KU050093	HPIV1s/Zagreb.HR/46.13_1638_	NA	2013-11-13	Human	Croatia	NA	Human_parainfluenza_virus_1	HPIV1
AB641207	HPIVi/Yamagata/2005/1902	NA	2005-08-22	Unknown	Japan	NA	Human_parainfluenza_virus_1	HPIV1
AB641265	HPIVi/Yamagata/2009/1251	NA	2009-05-19	Unknown	Japan	NA	Human_parainfluenza_virus_1	HPIV1
JF416791	KPIV_07_20	NA	2007-09-10	Human	South_Korea	1	Human_parainfluenza_virus_1	HPIV1
AB641271	HPIVi/Yamagata/2009/1441	NA	2009-06-15	Unknown	Japan	NA	Human_parainfluenza_virus_1	HPIV1
KT336334	HPIV1i/Zagreb.HR/47.11_18133_	NA	2011-10-27	Human	Croatia	NA	Human_parainfluenza_virus_1	HPIV1
AB641262	HPIVi/Yamagata/2008/2017	NA	2008-10-30	Unknown	Japan	NA	Human_parainfluenza_virus_1	HPIV1
AB641296	HPIVi/Yamagata/2009/2111	NA	2009-09-11	Unknown	Japan	NA	Human_parainfluenza_virus_1	HPIV1
JQ268803	FLU8619	NA	2007-10-XX	Human	Peru	NA	Human_parainfluenza_virus_1	HPIV1
JQ268836	FLI3715	NA	2010-08-XX	Human	Peru	NA	Human_parainfluenza_virus_1	HPIV1
JQ268833	FLE6898	NA	2009-09-XX	Human	Colombia	NA	Human_parainfluenza_virus_1	HPIV1
AB641300	HPIVi/Yamagata/2009/2143	NA	2009-09-24	Unknown	Japan	NA	Human_parainfluenza_virus_1	HPIV1
AB641143	HPIVi/Yamagata/2003/2030	NA	2003-07-19	Unknown	Japan	NA	Human_parainfluenza_virus_1	HPIV1
AB641182	HPIVi/Yamagata/2005/1465	NA	2005-06-29	Unknown	Japan	NA	Human_parainfluenza_virus_1	HPIV1
KJ187008	CU282	NA	2012-02-06	Human	Thailand	NA	Human_parainfluenza_virus_1	HPIV1
KM190940	VIROAF9	NA	2012-02-02	Human	Thailand	NA	Human_parainfluenza_virus_1	HPIV1
AB641228	HPIVi/Yamagata/2006/379	NA	2006-02-06	Unknown	Japan	NA	Human_parainfluenza_virus_1	HPIV1
KF530221	HPIV1/AUS/53/2007-XX-XX	NA	2007-XX-XX	Human	Australia	NA	Human_parainfluenza_virus_1	HPIV1
AB641156	HPIVi/Yamagata/2005/908	NA	2005-04-18	Unknown	Japan	NA	Human_parainfluenza_virus_1	HPIV1
AB641224	HPIVi/Yamagata/2006/55	NA	2006-01-06	Unknown	Japan	NA	Human_parainfluenza_virus_1	HPIV1
JQ268823	FLA2325	NA	2008-04-XX	Human	Argentina	NA	Human_parainfluenza_virus_1	HPIV1
AB641222	HPIVi/Yamagata/2005/2658	NA	2005-12-06	Unknown	Japan	NA	Human_parainfluenza_virus_1	HPIV1
KF530208	HPIV1/FRA/26503037/2006	NA	2006-12-13	Human	France	NA	Human_parainfluenza_virus_1	HPIV1
KT992804	HPIV1s/Zagreb.HR/44.13_1564_	NA	2013-10-30	Human	Croatia	NA	Human_parainfluenza_virus_1	HPIV1
KU050092	HPIV1s/Zagreb.HR/44.13_1564_	NA	2013-10-30	Human	Croatia	NA	Human_parainfluenza_virus_1	HPIV1
KF687311	HPIV1/ZAF/879/2010	NA	2010-05-19	Human	South_Africa	NA	Human_parainfluenza_virus_1	HPIV1
AB641173	HPIVi/Yamagata/2005/1265	NA	2005-06-03	Unknown	Japan	NA	Human_parainfluenza_virus_1	HPIV1
AB641276	HPIVi/Yamagata/2009/1597	NA	2009-07-13	Unknown	Japan	NA	Human_parainfluenza_virus_1	HPIV1
AB641220	HPIVi/Yamagata/2005/2624	NA	2005-12-07	Unknown	Japan	NA	Human_parainfluenza_virus_1	HPIV1
AB641286	HPIVi/Yamagata/2009/1786	NA	2009-08-07	Unknown	Japan	NA	Human_parainfluenza_virus_1	HPIV1
AB641239	HPIVi/Yamagata/2007/1412	NA	2007-06-25	Unknown	Japan	NA	Human_parainfluenza_virus_1	HPIV1
AB853066	K16_PIV1	NA	2012-XX-XX	Human	Japan	NA	Human_parainfluenza_virus_1	HPIV1
AB641188	HPIVi/Yamagata/2005/1504	NA	2005-07-06	Unknown	Japan	NA	Human_parainfluenza_virus_1	HPIV1
AB641246	HPIVi/Yamagata/2007/1657	NA	2007-07-30	Unknown	Japan	NA	Human_parainfluenza_virus_1	HPIV1
KF530211	HPIV1/USA/33095J/2011	NA	2011-06-24	Human	USA	NA	Human_parainfluenza_virus_1	HPIV1
AB641250	HPIVi/Yamagata/2007/1916	NA	2007-09-11	Unknown	Japan	NA	Human_parainfluenza_virus_1	HPIV1
AB641146	HPIVi/Yamagata/2004/759	NA	2004-05-12	Unknown	Japan	NA	Human_parainfluenza_virus_1	HPIV1
KF530214	HPIV1/ZAF/2614/2010	NA	2010-08-13	Human	South_Africa	NA	Human_parainfluenza_virus_1	HPIV1
AB641285	HPIVi/Yamagata/2009/1686	NA	2009-07-27	Unknown	Japan	NA	Human_parainfluenza_virus_1	HPIV1
AB641147	HPIVi/Yamagata/2004/1071	NA	2004-06-17	Unknown	Japan	NA	Human_parainfluenza_virus_1	HPIV1
JQ268821	FLI2694	NA	2009-11-XX	Human	Colombia	NA	Human_parainfluenza_virus_1	HPIV1
AB641294	HPIVi/Yamagata/2009/2064	NA	2009-09-06	Unknown	Japan	NA	Human_parainfluenza_virus_1	HPIV1
AB641161	HPIVi/Yamagata/2005/1094	NA	2005-05-18	Unknown	Japan	NA	Human_parainfluenza_virus_1	HPIV1
KT336344	HPIV1i/Zagreb.HR/47.12_3225_	NA	2012-11-22	Human	Croatia	NA	Human_parainfluenza_virus_1	HPIV1
AB641152	HPIVi/Yamagata/2005/862	NA	2005-04-11	Unknown	Japan	NA	Human_parainfluenza_virus_1	HPIV1
JQ268813	FLA8825	NA	2009-03-XX	Human	Colombia	NA	Human_parainfluenza_virus_1	HPIV1
JQ268809	FLI2028	NA	2010-04-XX	Human	Peru	NA	Human_parainfluenza_virus_1	HPIV1
JQ268802	FLU8516	NA	2007-09-XX	Human	Peru	NA	Human_parainfluenza_virus_1	HPIV1
AB641310	HPIVi/Yamagata/2009/2358	NA	2009-10-21	Unknown	Japan	NA	Human_parainfluenza_virus_1	HPIV1
KJ187011	CU311	NA	2012-02-27	Human	Thailand	NA	Human_parainfluenza_virus_1	HPIV1
MW654442	GER/1340/16_17	NA	2016-12-21	Human	Germany	NA	Human_respirovirus_1	HPIV1
MW654443	GER/1900/13_14	NA	2014-02-14	Human	Germany	NA	Human_respirovirus_1	HPIV1
MH684373	HPIV1/Zagreb.HR/49.17_2825_	NA	2017-12-04	Human	Croatia	NA	Human_respirovirus_1	HPIV1
MT063390	PREDICT_THAH18176	NA	2018-XX-XX	Human	Thailand	NA	Human_respirovirus_1	HPIV1
JQ901993	HPIV1/WI/629_D02130/2009	NA	2009-10-06	Human	USA	NA	Human_respirovirus_1	HPIV1
MH684396	HPIV1/Zagreb.HR/3.18_208_	NA	2018-01-19	Human	Croatia	NA	Human_respirovirus_1	HPIV1
MH684409	HPIV1/Zagreb.HR/40.11_15413__+2	NA	2011-10-07	Human	Croatia	NA	Human_respirovirus_1	HPIV1
KC577220	MBAGATHI/10/01/19	NA	2010-01-XX	Human	Kenya	NA	Human_respirovirus_1	HPIV1
MT063697	PREDICT_INAH0015	NA	2017-XX-XX	Human	India	NA	Human_respirovirus_1	HPIV1
MW654428	GER/0447/15_16	NA	2015-11-16	Human	Germany	NA	Human_respirovirus_1	HPIV1
KX912723	MY_U3150/13	NA	2013-11-29	Human	Malaysia	NA	Human_respirovirus_1	HPIV1
KX912734	MY_U3874/14	NA	2014-05-09	Human	Malaysia	NA	Human_respirovirus_1	HPIV1
MH684398	HPIV1/Zagreb.HR/41.13_1469_	NA	2013-10-08	Human	Croatia	NA	Human_respirovirus_1	HPIV1
KX912716	MY_U1158/12	NA	2012-09-12	Human	Malaysia	NA	Human_respirovirus_1	HPIV1
MT063643	PREDICT_SNAH0005	NA	2017-XX-XX	Human	Senegal	NA	Human_respirovirus_1	HPIV1
MW654436	GER/0778/13_14	NA	2013-12-11	Human	Germany	NA	Human_respirovirus_1	HPIV1
MH828707	vzhpiv15	NA	2014-12-01	Human	Viet_Nam	NA	Human_respirovirus_1	HPIV1
JQ901998	HPIV1/WI/629_D00387/2009	NA	2009-10-22	Human	USA	NA	Human_respirovirus_1	HPIV1
KX912702	MY_U190/12	NA	2012-03-26	Human	Malaysia	NA	Human_respirovirus_1	HPIV1
LC486559	HPIV1s/SaitamaC.JPN/15_213	NA	2015-XX-XX	Human	Japan	NA	Human_respirovirus_1	HPIV1
MW654440	GER/0920/15_16	NA	2015-12-17	Human	Germany	NA	Human_respirovirus_1	HPIV1
LC486542	HPIV1s/SaitamaC.JPN/12_155	NA	2012-XX-XX	Human	Japan	NA	Human_respirovirus_1	HPIV1
MW654387	GER/5378/16_17	NA	2017-07-05	Human	Germany	NA	Human_respirovirus_1	HPIV1
MH684392	HPIV1/Zagreb.HR/2.14_45_	NA	2014-01-11	Human	Croatia	NA	Human_respirovirus_1	HPIV1
MH006617	HPIV1/VietNam/006/2009	NA	2009-11-23	Human	Viet_Nam	NA	Human_respirovirus_1	HPIV1
MK167033	HPIV1/Seattle/USA/5T5/2005-XX-XX	NA	2005-XX-XX	Human	USA	NA	Human_respirovirus_1	HPIV1
MT063688	PREDICT_INAH0008	NA	2017-XX-XX	Human	India	NA	Human_respirovirus_1	HPIV1
KC577223	MBAGATHI/10/03/22	NA	2010-03-XX	Human	Kenya	NA	Human_respirovirus_1	HPIV1
JQ901983	HPIV1/WI/629_003/2007-XX-XX	NA	2007-XX-XX	Human	USA	NA	Human_respirovirus_1	HPIV1
MW654413	GER/5707/16_17	NA	2017-09-14	Human	Germany	NA	Human_respirovirus_1	HPIV1
MW654446	GER/4762/18_19	NA	2019-09-09	Human	Germany	NA	Human_respirovirus_1	HPIV1
LC720863	PIV1_Fukushima_O876_2019-XX-XX	NA	2019-XX-XX	Human	Japan	NA	Human_respirovirus_1	HPIV1
KC577224	MBAGATHI/10/05/23	NA	2010-05-XX	Human	Kenya	NA	Human_respirovirus_1	HPIV1
MH684403	HPIV1/Zagreb.HR/40.17_2265_	NA	2017-10-01	Human	Croatia	NA	Human_respirovirus_1	HPIV1
MN488697	UNKNOWN_MN488697	NA	2006-01-30	Human	Netherlands	NA	Human_respirovirus_1	HPIV1
MT063468	PREDICT_INAH0005	NA	2017-XX-XX	Human	India	NA	Human_respirovirus_1	HPIV1
JQ901996	HPIV1/WI/629_D01164/2009	NA	2009-10-20	Human	USA	NA	Human_respirovirus_1	HPIV1
JQ901976	HPIV1/WI/629_003/1997	NA	1997-10-16	Human	USA	NA	Human_respirovirus_1	HPIV1
KC577213	MBAGATHI/08/10/12	NA	2008-10-XX	Human	Kenya	NA	Human_respirovirus_1	HPIV1
MH684372	HPIV1/Zagreb.HR/50.17_2891_	NA	2017-12-10	Human	Croatia	NA	Human_respirovirus_1	HPIV1
LC486555	HPIV1s/SaitamaC.JPN/14_771	NA	2014-XX-XX	Human	Japan	NA	Human_respirovirus_1	HPIV1
LC486574	HPIV1s/SaitamaC.JPN/18_486	NA	2018-XX-XX	Human	Japan	NA	Human_respirovirus_1	HPIV1
LC486539	HPIV1s/SaitamaC.JPN/12_99	NA	2012-XX-XX	Human	Japan	NA	Human_respirovirus_1	HPIV1
MW654393	GER/3939/18_19	NA	2019-04-02	Human	Germany	NA	Human_respirovirus_1	HPIV1
MW654424	GER/0240/15_16	NA	2015-10-26	Human	Germany	NA	Human_respirovirus_1	HPIV1
JQ901978	HPIV1/WI/629_008/1997	NA	1997-11-22	Human	USA	NA	Human_respirovirus_1	HPIV1
KX912719	MY_U1402/12	NA	2012-11-05	Human	Malaysia	NA	Human_respirovirus_1	HPIV1
MH006621	HPIV1/VietNam/064/2010	NA	2010-10-04	Human	Viet_Nam	NA	Human_respirovirus_1	HPIV1
MH684381	HPIV1/Zagreb.HR/44.17_2522_	NA	2017-11-02	Human	Croatia	NA	Human_respirovirus_1	HPIV1
MW654407	GER/5335/16_17	NA	2017-06-26	Human	Germany	NA	Human_respirovirus_1	HPIV1
MW654426	GER/0313/15_16	NA	2015-11-02	Human	Germany	NA	Human_respirovirus_1	HPIV1
JQ902010	HPIV1/WI/629_D02071/2010	NA	2010-03-02	Human	USA	NA	Human_respirovirus_1	HPIV1
MH684378	HPIV1/Zagreb.HR/38.15_1487_	NA	2015-09-20	Human	Croatia	NA	Human_respirovirus_1	HPIV1
MH684393	HPIV1/Zagreb.HR/41.17_2333_	NA	2017-10-09	Human	Croatia	NA	Human_respirovirus_1	HPIV1
MW654409	GER/0826/16_17	NA	2016-12-02	Human	Germany	NA	Human_respirovirus_1	HPIV1
JQ902002	HPIV1/WI/629_D02072/2009	NA	2009-11-18	Human	USA	NA	Human_respirovirus_1	HPIV1
LC486546	HPIV1s/SaitamaC.JPN/12_221	NA	2012-XX-XX	Human	Japan	NA	Human_respirovirus_1	HPIV1
LC486552	HPIV1s/SaitamaC.JPN/14_340	NA	2014-XX-XX	Human	Japan	NA	Human_respirovirus_1	HPIV1
LC486540	HPIV1s/SaitamaC.JPN/12_125	NA	2012-XX-XX	Human	Japan	NA	Human_respirovirus_1	HPIV1
KY674966	HPIV1/Seattle/USA/12O3/2016-XX-XX	NA	2016-XX-XX	Human	USA	NA	Human_respirovirus_1	HPIV1
MW654439	GER/0902/15_16	NA	2015-12-16	Human	Germany	NA	Human_respirovirus_1	HPIV1
KX912725	MY_U3242/13	NA	2013-12-16	Human	Malaysia	NA	Human_respirovirus_1	HPIV1
JQ901999	HPIV1/WI/629_D02143/2009	NA	2009-10-24	Human	USA	NA	Human_respirovirus_1	HPIV1
JQ901982	HPIV1/WI/629_A31/2005	NA	2005-11-09	Human	USA	NA	Human_respirovirus_1	HPIV1
MH684386	HPIV1/Zagreb.HR/44.15_1839_	NA	2015-11-30	Human	Croatia	NA	Human_respirovirus_1	HPIV1
MN488699	UNKNOWN_MN488699	NA	2007-12-04	Human	Netherlands	NA	Human_respirovirus_1	HPIV1
MW654386	GER/4801/18_19	NA	2019-09-16	Human	Germany	NA	Human_respirovirus_1	HPIV1
KX912733	MY_U3762/14	NA	2014-04-07	Human	Malaysia	NA	Human_respirovirus_1	HPIV1
LC486569	HPIV1s/SaitamaC.JPN/17_668	NA	2017-XX-XX	Human	Japan	NA	Human_respirovirus_1	HPIV1
MT063439	PREDICT_BDAH0577	NA	2018-XX-XX	Human	Bangladesh	NA	Human_respirovirus_1	HPIV1
MW654438	GER/0865/15_16	NA	2015-12-14	Human	Germany	NA	Human_respirovirus_1	HPIV1
KX912729	MY_U3585/14	NA	2014-03-03	Human	Malaysia	NA	Human_respirovirus_1	HPIV1
KC577214	MBAGATHI/08/10/13	NA	2008-10-XX	Human	Kenya	NA	Human_respirovirus_1	HPIV1
MW654395	GER/5671/16_17	NA	2017-09-04	Human	Germany	NA	Human_respirovirus_1	HPIV1
JQ902000	HPIV1/WI/629_D01463/2009	NA	2009-11-07	Human	USA	NA	Human_respirovirus_1	HPIV1
JQ901972	HPIV1/WI/629_002/1997	NA	1997-09-22	Human	USA	NA	Human_respirovirus_1	HPIV1
MH684400	HPIV1/Zagreb.HR/33.17_2043_	NA	2017-08-14	Human	Croatia	NA	Human_respirovirus_1	HPIV1
MK989715	20693_68_HPIV1	NA	2010-06-03	Human	Kenya	NA	Human_respirovirus_1	HPIV1
MW654411	GER/1389/17_18	NA	2017-12-21	Human	Germany	NA	Human_respirovirus_1	HPIV1
MW654445	GER/2272/15_16	NA	2016-02-22	Human	Germany	NA	Human_respirovirus_1	HPIV1
MH006620	HPIV1/VietNam/063/2010	NA	2010-04-20	Human	Viet_Nam	NA	Human_respirovirus_1	HPIV1
KC577219	MBAGATHI/09/12/18	NA	2009-12-XX	Human	Kenya	NA	Human_respirovirus_1	HPIV1
MW654389	GER/0598/17_18	NA	2017-11-13	Human	Germany	NA	Human_respirovirus_1	HPIV1
MW654392	GER/0499/17_18	NA	2017-11-07	Human	Germany	NA	Human_respirovirus_1	HPIV1
JQ901987	HPIV1/WI/629_D00057/2009	NA	2009-09-29	Human	USA	NA	Human_respirovirus_1	HPIV1
MH006616	HPIV1/VietNam/005/2009	NA	2009-04-02	Human	Viet_Nam	NA	Human_respirovirus_1	HPIV1
KX912724	MY_U3191/13	NA	2013-12-09	Human	Malaysia	NA	Human_respirovirus_1	HPIV1
LC486556	HPIV1s/SaitamaC.JPN/14_772	NA	2014-XX-XX	Human	Japan	NA	Human_respirovirus_1	HPIV1
MW654396	GER/4943/17_18	NA	2018-03-05	Human	Germany	NA	Human_respirovirus_1	HPIV1
MH684410	HPIV1/Zagreb.HR/50.11_18794_	NA	2011-12-11	Human	Croatia	NA	Human_respirovirus_1	HPIV1
LC486562	HPIV1s/SaitamaC.JPN/16_185	NA	2016-XX-XX	Human	Japan	NA	Human_respirovirus_1	HPIV1
MW654391	GER/5718/16_17	NA	2017-09-11	Human	Germany	NA	Human_respirovirus_1	HPIV1
MW654410	GER/1178/17_18	NA	2017-12-12	Human	Germany	NA	Human_respirovirus_1	HPIV1
KX912705	MY_U361/12	NA	2012-04-23	Human	Malaysia	NA	Human_respirovirus_1	HPIV1
MH684388	HPIV1/Zagreb.HR/47.15_1746_	NA	2015-10-16	Human	Croatia	NA	Human_respirovirus_1	HPIV1
KC577206	MBAGATHI/07/08/03	NA	2007-08-XX	Human	Kenya	NA	Human_respirovirus_1	HPIV1
KC577210	MBAGATHI/08/04/09	NA	2008-04-XX	Human	Kenya	NA	Human_respirovirus_1	HPIV1
KX912712	MY_U820/12	NA	2012-07-09	Human	Malaysia	NA	Human_respirovirus_1	HPIV1
MH684395	HPIV1/Zagreb.HR/1.18_87_	NA	2018-01-05	Human	Croatia	NA	Human_respirovirus_1	HPIV1
MW654412	GER/5030/16_17	NA	2017-05-08	Human	Germany	NA	Human_respirovirus_1	HPIV1
MH684399	HPIV1/Zagreb.HR/32.17_2031__+3	NA	2017-08-06	Human	Croatia	NA	Human_respirovirus_1	HPIV1
LC486565	HPIV1s/SaitamaC.JPN/16_448	NA	2016-XX-XX	Human	Japan	NA	Human_respirovirus_1	HPIV1
MT063485	PREDICT_INAH0038	NA	2017-XX-XX	Human	India	NA	Human_respirovirus_1	HPIV1
MT063467	PREDICT_INAH0004	NA	2017-XX-XX	Human	India	NA	Human_respirovirus_1	HPIV1
MW654431	GER/0527/15_16	NA	2015-11-19	Human	Germany	NA	Human_respirovirus_1	HPIV1
LC486547	HPIV1s/SaitamaC.JPN/12_240	NA	2012-XX-XX	Human	Japan	NA	Human_respirovirus_1	HPIV1
LC486578	HPIV1s/SaitamaC.JPN/18_664	NA	2018-XX-XX	Human	Japan	NA	Human_respirovirus_1	HPIV1
MK167042	HPIV1/Los_Angeles/USA/CHLA45/2017-XX-XX	NA	2017-XX-XX	Human	USA	NA	Human_respirovirus_1	HPIV1
MW654408	GER/5661/16_17	NA	2017-09-04	Human	Germany	NA	Human_respirovirus_1	HPIV1
LC486563	HPIV1s/SaitamaC.JPN/16_407	NA	2016-XX-XX	Human	Japan	NA	Human_respirovirus_1	HPIV1
MW654437	GER/0839/15_16	NA	2015-12-10	Human	Germany	NA	Human_respirovirus_1	HPIV1
MH684374	HPIV1/Zagreb.HR/44.17_2510_	NA	2017-11-02	Human	Croatia	NA	Human_respirovirus_1	HPIV1
MH684382	HPIV1/Zagreb.HR/49.13_1794_	NA	2013-12-05	Human	Croatia	NA	Human_respirovirus_1	HPIV1
MT232426	2019AZ	NA	2019-11-XX	Human	USA	NA	Human_respirovirus_1	HPIV1
KY967354	HPIV1/Seattle/USA/10D6/2015-XX-XX	NA	2015-XX-XX	Human	USA	NA	Human_respirovirus_1	HPIV1
MT063591	PREDICT_KHAH0768	NA	2018-XX-XX	Human	Cambodia	NA	Human_respirovirus_1	HPIV1
MH684389	HPIV1/Zagreb.HR/52.17_3091_	NA	2017-12-27	Human	Croatia	NA	Human_respirovirus_1	HPIV1
MH684402	HPIV1/Zagreb.HR/40.17_2264__+1	NA	2017-10-01	Human	Croatia	NA	Human_respirovirus_1	HPIV1
KC577216	MBAGATHI/08/10/15	NA	2008-10-XX	Human	Kenya	NA	Human_respirovirus_1	HPIV1
MH684379	HPIV1/Zagreb.HR/48.15_1806_	NA	2015-11-26	Human	Croatia	NA	Human_respirovirus_1	HPIV1
LC486561	HPIV1s/SaitamaC.JPN/15_655	NA	2015-XX-XX	Human	Japan	NA	Human_respirovirus_1	HPIV1
KX912726	MY_U3313/14	NA	2014-01-03	Human	Malaysia	NA	Human_respirovirus_1	HPIV1
LC486564	HPIV1s/SaitamaC.JPN/16_435	NA	2016-XX-XX	Human	Japan	NA	Human_respirovirus_1	HPIV1
MT063695	PREDICT_INAH0002	NA	2017-XX-XX	Human	India	NA	Human_respirovirus_1	HPIV1
MT063686	PREDICT_INAH0002	NA	2017-XX-XX	Human	India	NA	Human_respirovirus_1	HPIV1
MH684387	HPIV1/Zagreb.HR/8.16_33_	NA	2016-02-25	Human	Croatia	NA	Human_respirovirus_1	HPIV1
JQ901974	HPIV1/WI/629_005/1997	NA	1997-09-25	Human	USA	NA	Human_respirovirus_1	HPIV1
MH684385	HPIV1/Zagreb.HR/49.13_1768_	NA	2013-12-01	Human	Croatia	NA	Human_respirovirus_1	HPIV1
MH684390	HPIV1/Zagreb.HR/47.17_2715_	NA	2017-11-24	Human	Croatia	NA	Human_respirovirus_1	HPIV1
MH684404	HPIV1/Zagreb.HR/44.17_2512_	NA	2017-11-02	Human	Croatia	NA	Human_respirovirus_1	HPIV1
MN488698	UNKNOWN_MN488698	NA	2007-11-20	Human	Netherlands	NA	Human_respirovirus_1	HPIV1
MW654397	GER/5726/16_17	NA	2017-09-14	Human	Germany	NA	Human_respirovirus_1	HPIV1
MW654417	GER/0020/13_14	NA	2013-10-01	Human	Germany	NA	Human_respirovirus_1	HPIV1
KX912714	MY_U1048/12	NA	2012-08-27	Human	Malaysia	NA	Human_respirovirus_1	HPIV1
LC486548	HPIV1s/SaitamaC.JPN/12_241	NA	2012-XX-XX	Human	Japan	NA	Human_respirovirus_1	HPIV1
MW654401	GER/4794/18_19	NA	2019-09-16	Human	Germany	NA	Human_respirovirus_1	HPIV1
MH684370	HPIV1/Zagreb.HR/21.11_10300_	NA	2011-05-20	Human	Croatia	NA	Human_respirovirus_1	HPIV1
LC486550	HPIV1s/SaitamaC.JPN/13_235	NA	2013-XX-XX	Human	Japan	NA	Human_respirovirus_1	HPIV1
MW654390	GER/5650/16_17	NA	2017-08-31	Human	Germany	NA	Human_respirovirus_1	HPIV1
MH684380	HPIV1/Zagreb.HR/40.13_1427_	NA	2013-09-30	Human	Croatia	NA	Human_respirovirus_1	HPIV1
LC486570	HPIV1s/SaitamaC.JPN/17_727	NA	2017-XX-XX	Human	Japan	NA	Human_respirovirus_1	HPIV1
MW654394	GER/1692/17_18	NA	2018-01-08	Human	Germany	NA	Human_respirovirus_1	HPIV1
KX912730	MY_U3590/14	NA	2014-03-03	Human	Malaysia	NA	Human_respirovirus_1	HPIV1
LC486567	HPIV1s/SaitamaC.JPN/16_647	NA	2016-XX-XX	Human	Japan	NA	Human_respirovirus_1	HPIV1
MW654406	GER/4778/18_19	NA	2019-09-12	Human	Germany	NA	Human_respirovirus_1	HPIV1
KX912718	MY_U1401/12	NA	2012-11-05	Human	Malaysia	NA	Human_respirovirus_1	HPIV1
JQ902006	HPIV1/WI/629_D01250/2009	NA	2009-12-04	Human	USA	NA	Human_respirovirus_1	HPIV1
MW654422	GER/0197/15_16	NA	2015-10-20	Human	Germany	NA	Human_respirovirus_1	HPIV1
LC486576	HPIV1s/SaitamaC.JPN/18_518	NA	2018-XX-XX	Human	Japan	NA	Human_respirovirus_1	HPIV1
KC577221	MBAGATHI/10/02/20	NA	2010-02-XX	Human	Kenya	NA	Human_respirovirus_1	HPIV1
MW654416	GER/5815/16_17	NA	2017-09-25	Human	Germany	NA	Human_respirovirus_1	HPIV1
MH006622	HPIV1/VietNam/067/2010	NA	2010-06-02	Human	Viet_Nam	NA	Human_respirovirus_1	HPIV1
LC486551	HPIV1s/SaitamaC.JPN/13_248	NA	2013-XX-XX	Human	Japan	NA	Human_respirovirus_1	HPIV1
LC486543	HPIV1s/SaitamaC.JPN/12_178	NA	2012-XX-XX	Human	Japan	NA	Human_respirovirus_1	HPIV1
MT063588	PREDICT_KHAH0740	NA	2018-XX-XX	Human	Cambodia	NA	Human_respirovirus_1	HPIV1
MT063271	PREDICT_THAH17032	NA	2017-XX-XX	Human	Thailand	NA	Human_respirovirus_1	HPIV1
MW654385	GER/4426/18_19	NA	2019-06-18	Human	Germany	NA	Human_respirovirus_1	HPIV1
MW654444	GER/2263/15_16	NA	2016-02-22	Human	Germany	NA	Human_respirovirus_1	HPIV1
KX912704	MY_U226/12	NA	2012-03-31	Human	Malaysia	NA	Human_respirovirus_1	HPIV1
MH684401	HPIV1/Zagreb.HR/38.17_2211__+1	NA	2017-09-23	Human	Croatia	NA	Human_respirovirus_1	HPIV1
LC486544	HPIV1s/SaitamaC.JPN/12_188	NA	2012-XX-XX	Human	Japan	NA	Human_respirovirus_1	HPIV1
MH006619	HPIV1/VietNam/062/2010	NA	2010-01-27	Human	Viet_Nam	NA	Human_respirovirus_1	HPIV1
MH684375	HPIV1/Zagreb.HR/46.17_2637_	NA	2017-11-15	Human	Croatia	NA	Human_respirovirus_1	HPIV1
MH684377	HPIV1/Zagreb.HR/48.13_1751_	NA	2013-11-28	Human	Croatia	NA	Human_respirovirus_1	HPIV1
KC577212	MBAGATHI/08/09/11	NA	2008-09-XX	Human	Kenya	NA	Human_respirovirus_1	HPIV1
MT063484	PREDICT_INAH0036	NA	2017-XX-XX	Human	India	NA	Human_respirovirus_1	HPIV1
MW654434	GER/0674/15_16	NA	2015-11-30	Human	Germany	NA	Human_respirovirus_1	HPIV1
KX912721	MY_U2946/13	NA	2013-10-23	Human	Malaysia	NA	Human_respirovirus_1	HPIV1
JQ901992	HPIV1/WI/629_D01202/2009	NA	2009-10-06	Human	USA	NA	Human_respirovirus_1	HPIV1
MH684407	HPIV1/Zagreb.HR/47.17_2664_	NA	2017-11-20	Human	Croatia	NA	Human_respirovirus_1	HPIV1
LC486575	HPIV1s/SaitamaC.JPN/18_503	NA	2018-XX-XX	Human	Japan	NA	Human_respirovirus_1	HPIV1
MH685717	E0_033	NA	2013-XX-XX	Human	Uganda	NA	Human_respirovirus_1	HPIV1
JQ901986	HPIV1/WI/629_D01681/2009	NA	2009-09-29	Human	USA	NA	Human_respirovirus_1	HPIV1
JQ902001	HPIV1/WI/629_D01790/2009	NA	2009-11-07	Human	USA	NA	Human_respirovirus_1	HPIV1
MW654398	GER/5622/16_17	NA	2017-08-29	Human	Germany	NA	Human_respirovirus_1	HPIV1
MT063359	PREDICT_THAH18162	NA	2018-XX-XX	Human	Thailand	NA	Human_respirovirus_1	HPIV1
MN488680	UNKNOWN_MN488680	NA	2007-05-02	Human	Netherlands	NA	Human_respirovirus_1	HPIV1
MW654429	GER/0475/15_16	NA	2015-11-17	Human	Germany	NA	Human_respirovirus_1	HPIV1
KC577207	MBAGATHI/08/04/05	NA	2008-04-XX	Human	Kenya	NA	Human_respirovirus_1	HPIV1
KX912727	MY_U3344/14	NA	2014-01-08	Human	Malaysia	NA	Human_respirovirus_1	HPIV1
LC486541	HPIV1s/SaitamaC.JPN/12_126	NA	2012-XX-XX	Human	Japan	NA	Human_respirovirus_1	HPIV1
MW654415	GER/5830/16_17	NA	2017-09-25	Human	Germany	NA	Human_respirovirus_1	HPIV1
LC710553	HPIV1/Tokyo/21152/2021-XX-XX	NA	2021-XX-XX	Human	Japan	Type_1	Human_respirovirus_1	HPIV1
JQ901997	HPIV1/WI/629_D01900/2009	NA	2009-10-21	Human	USA	NA	Human_respirovirus_1	HPIV1
KY674967	HPIV1/Seattle/USA/12S10/2016-XX-XX	NA	2016-XX-XX	Human	USA	NA	Human_respirovirus_1	HPIV1
MW654427	GER/0342/15_16	NA	2015-11-05	Human	Germany	NA	Human_respirovirus_1	HPIV1
KX912722	MY_U2971/13	NA	2013-10-28	Human	Malaysia	NA	Human_respirovirus_1	HPIV1
KX912717	MY_U1241/12	NA	2012-10-04	Human	Malaysia	NA	Human_respirovirus_1	HPIV1
KY674973	HPIV1/Seattle/USA/16A6/2016-XX-XX	NA	2016-XX-XX	Human	USA	NA	Human_respirovirus_1	HPIV1
KY967353	HPIV1/Seattle/USA/10F7/2015-XX-XX	NA	2015-XX-XX	Human	USA	NA	Human_respirovirus_1	HPIV1
MK167043	HPIV1/Los_Angeles/USA/CHLA36/2016-XX-XX	NA	2016-XX-XX	Human	USA	NA	Human_respirovirus_1	HPIV1
MW654404	GER/0200/16_17	NA	2016-10-24	Human	Germany	NA	Human_respirovirus_1	HPIV1
MW654448	GER/0236/15_16	NA	2015-10-26	Human	Germany	NA	Human_respirovirus_1	HPIV1
KC577209	MBAGATHI/08/04/08	NA	2008-04-XX	Human	Kenya	NA	Human_respirovirus_1	HPIV1
MH684397	HPIV1/Zagreb.HR/49.17_2841_	NA	2017-12-05	Human	Croatia	NA	Human_respirovirus_1	HPIV1
LC486549	HPIV1s/SaitamaC.JPN/13_210	NA	2012-XX-XX	Human	Japan	NA	Human_respirovirus_1	HPIV1
MT063469	PREDICT_INAH0007	NA	2017-XX-XX	Human	India	NA	Human_respirovirus_1	HPIV1
MW654403	GER/5787/16_17	NA	2017-09-19	Human	Germany	NA	Human_respirovirus_1	HPIV1
JQ901981	HPIV1/WI/629_010/1999	NA	1999-03-05	Human	USA	NA	Human_respirovirus_1	HPIV1
KX912715	MY_U1105/12	NA	2012-09-05	Human	Malaysia	NA	Human_respirovirus_1	HPIV1
MH684408	HPIV1/Zagreb.HR/1.18_58_	NA	2018-01-04	Human	Croatia	NA	Human_respirovirus_1	HPIV1
JQ902008	HPIV1/WI/629_D01774/2009	NA	2009-10-03	Human	USA	NA	Human_respirovirus_1	HPIV1
MT063320	PREDICT_THAH18148	NA	2018-XX-XX	Human	Thailand	NA	Human_respirovirus_1	HPIV1
MH684406	HPIV1/Zagreb.HR/46.17_2606_	NA	2017-11-13	Human	Croatia	NA	Human_respirovirus_1	HPIV1
LC720862	PIV1_Fukushima_O81_2018-XX-XX	NA	2018-XX-XX	Human	Japan	NA	Human_respirovirus_1	HPIV1
MW654432	GER/0604/15_16	NA	2015-11-23	Human	Germany	NA	Human_respirovirus_1	HPIV1
MW654449	GER/0773/13_14	NA	2013-12-10	Human	Germany	NA	Human_respirovirus_1	HPIV1
MH828705	vzhpiv13	NA	2015-03-31	Human	Viet_Nam	NA	Human_respirovirus_1	HPIV1
MH684391	HPIV1/Zagreb.HR/49.11_18614_	NA	2011-12-06	Human	Croatia	NA	Human_respirovirus_1	HPIV1
LC486558	HPIV1s/SaitamaC.JPN/15_354	NA	2015-XX-XX	Human	Japan	NA	Human_respirovirus_1	HPIV1
KC577222	MBAGATHI/10/03/21	NA	2010-03-XX	Human	Kenya	NA	Human_respirovirus_1	HPIV1
MN488682	UNKNOWN_MN488682	NA	2007-12-04	Human	Netherlands	NA	Human_respirovirus_1	HPIV1
MT063321	PREDICT_THAH18149	NA	2018-XX-XX	Human	Thailand	NA	Human_respirovirus_1	HPIV1
MN488678	UNKNOWN_MN488678	NA	2008-03-25	Human	Netherlands	NA	Human_respirovirus_1	HPIV1
MW654433	GER/0608/15_16	NA	2015-11-24	Human	Germany	NA	Human_respirovirus_1	HPIV1
JQ901985	HPIV1/WI/629_001/2009-XX-XX	NA	2009-XX-XX	Human	USA	NA	Human_respirovirus_1	HPIV1
KX912711	MY_U597/12	NA	2012-06-01	Human	Malaysia	NA	Human_respirovirus_1	HPIV1
MH684368	HPIV1/Zagreb.HR/40.17_2302_	NA	2017-10-04	Human	Croatia	NA	Human_respirovirus_1	HPIV1
LC486560	HPIV1s/SaitamaC.JPN/15_445	NA	2015-XX-XX	Human	Japan	NA	Human_respirovirus_1	HPIV1
LC486553	HPIV1s/SaitamaC.JPN/14_487	NA	2014-XX-XX	Human	Japan	NA	Human_respirovirus_1	HPIV1
MT063440	PREDICT_BDAH0580	NA	2018-XX-XX	Human	Bangladesh	NA	Human_respirovirus_1	HPIV1
MW654402	GER/5614/16_17	NA	2017-08-28	Human	Germany	NA	Human_respirovirus_1	HPIV1
MW654425	GER/0291/15_16	NA	2015-11-02	Human	Germany	NA	Human_respirovirus_1	HPIV1
MH006618	HPIV1/VietNam/061/2009	NA	2009-06-10	Human	Viet_Nam	NA	Human_respirovirus_1	HPIV1
MH684376	HPIV1/Zagreb.HR/37.17_2132_	NA	2017-09-10	Human	Croatia	NA	Human_respirovirus_1	HPIV1
MH684384	HPIV1/Zagreb.HR/4.16_30_	NA	2016-01-29	Human	Croatia	NA	Human_respirovirus_1	HPIV1
KC577217	MBAGATHI/08/11/16	NA	2008-11-XX	Human	Kenya	NA	Human_respirovirus_1	HPIV1
MT063463	PREDICT_RWAH0173	NA	2017-XX-XX	Human	Rwanda	NA	Human_respirovirus_1	HPIV1
KX912706	MY_U370/12	NA	2012-04-25	Human	Malaysia	NA	Human_respirovirus_1	HPIV1
MG773273	HPIV1/BuenosAires/ARG/001/2016	NA	2016-04-27	Human	Argentina	NA	Human_respirovirus_1	HPIV1
JQ902003	HPIV1/WI/629_D01145/2009	NA	2009-11-23	Human	USA	NA	Human_respirovirus_1	HPIV1
MW654405	GER/4679/18_19	NA	2019-08-05	Human	Germany	NA	Human_respirovirus_1	HPIV1
MH006614	HPIV1/VietNam/002/2009	NA	2009-02-10	Human	Viet_Nam	NA	Human_respirovirus_1	HPIV1
MG255129	HPIV1	NA	2017-08-08	Human	South_Korea	NA	Human_respirovirus_1	HPIV1
KX912728	MY_U3525/14	NA	2014-02-17	Human	Malaysia	NA	Human_respirovirus_1	HPIV1
KY674940	HPIV1/Seattle/USA/9P4/2016-XX-XX	NA	2016-XX-XX	Human	USA	NA	Human_respirovirus_1	HPIV1
LC486568	HPIV1s/SaitamaC.JPN/17_411	NA	2017-XX-XX	Human	Japan	NA	Human_respirovirus_1	HPIV1
MW654421	GER/0168/13_14	NA	2013-10-21	Human	Germany	NA	Human_respirovirus_1	HPIV1
MN488681	UNKNOWN_MN488681	NA	2007-11-20	Human	Netherlands	NA	Human_respirovirus_1	HPIV1
MW654430	GER/0505/15_16	NA	2015-11-16	Human	Germany	NA	Human_respirovirus_1	HPIV1
JQ902005	HPIV1/WI/629_D02209/2009	NA	2009-11-30	Human	USA	NA	Human_respirovirus_1	HPIV1
MT063696	PREDICT_INAH0012	NA	2017-XX-XX	Human	India	NA	Human_respirovirus_1	HPIV1
MW654441	GER/1254/13_14	NA	2014-01-20	Human	Germany	NA	Human_respirovirus_1	HPIV1
KX912708	MY_U479/12	NA	2012-05-11	Human	Malaysia	NA	Human_respirovirus_1	HPIV1
MT063318	PREDICT_THAH18140	NA	2018-XX-XX	Human	Thailand	NA	Human_respirovirus_1	HPIV1
MT063319	PREDICT_THAH18140	NA	2018-XX-XX	Human	Thailand	NA	Human_respirovirus_1	HPIV1
LC654457	NIID_79081_1_2019	NA	2017-11-29	Human	USA	NA	Human_respirovirus_1	HPIV1
JQ901973	HPIV1/WI/629_004/1997	NA	1997-09-24	Human	USA	NA	Human_respirovirus_1	HPIV1
KC577205	MBAGATHI/07/07/02	NA	2007-07-XX	Human	Kenya	NA	Human_respirovirus_1	HPIV1
MT063699	PREDICT_INAH0043	NA	2017-XX-XX	Human	India	NA	Human_respirovirus_1	HPIV1
JQ901988	HPIV1/WI/629_D01662/2009	NA	2009-09-29	Human	USA	NA	Human_respirovirus_1	HPIV1
KX912710	MY_U573/12	NA	2012-05-30	Human	Malaysia	NA	Human_respirovirus_1	HPIV1
MT063366	PREDICT_THAH18170	NA	2018-XX-XX	Human	Thailand	NA	Human_respirovirus_1	HPIV1
JQ901980	HPIV1/WI/629_009/1997	NA	1997-12-03	Human	USA	NA	Human_respirovirus_1	HPIV1
JQ901984	HPIV1/WI/629_030/2007-XX-XX	NA	2007-XX-XX	Human	USA	NA	Human_respirovirus_1	HPIV1
MH684394	HPIV1/Zagreb.HR/39.17_2231_	NA	2017-09-26	Human	Croatia	NA	Human_respirovirus_1	HPIV1
LC486554	HPIV1s/SaitamaC.JPN/14_654	NA	2014-XX-XX	Human	Japan	NA	Human_respirovirus_1	HPIV1
JQ901989	HPIV1/WI/629_D00712/2009	NA	2009-10-02	Human	USA	NA	Human_respirovirus_1	HPIV1
MT063472	PREDICT_INAH0009	NA	2017-XX-XX	Human	India	NA	Human_respirovirus_1	HPIV1
MT063706	PREDICT_INAH0009	NA	2017-XX-XX	Human	India	NA	Human_respirovirus_1	HPIV1
MW654384	GER/0442/17_18	NA	2017-11-01	Human	Germany	NA	Human_respirovirus_1	HPIV1
JQ901991	HPIV1/WI/629_D01150/2009	NA	2009-10-06	Human	USA	NA	Human_respirovirus_1	HPIV1
MT063650	PREDICT_BDAH0877	NA	2018-XX-XX	Human	Bangladesh	NA	Human_respirovirus_1	HPIV1
JQ901971	ATCC_VR_94	NA	1957-XX-XX	Human	USA	NA	Human_respirovirus_1	HPIV1
MH684369	HPIV1/Zagreb.HR/50.17_2935_	NA	2017-12-13	Human	Croatia	NA	Human_respirovirus_1	HPIV1
MW654419	GER/0142/15_16	NA	2015-10-17	Human	Germany	NA	Human_respirovirus_1	HPIV1
KX912707	MY_U397/12	NA	2012-04-30	Human	Malaysia	NA	Human_respirovirus_1	HPIV1
MH684383	HPIV1/Zagreb.HR/39.11_14195_	NA	2011-09-16	Human	Croatia	NA	Human_respirovirus_1	HPIV1
MW654388	GER/1029/17_18	NA	2017-12-04	Human	Germany	NA	Human_respirovirus_1	HPIV1
MW654420	GER/0143/15_16	NA	2015-10-15	Human	Germany	NA	Human_respirovirus_1	HPIV1
MW654423	GER/0234/15_16	NA	2015-10-27	Human	Germany	NA	Human_respirovirus_1	HPIV1
KC577208	MBAGATHI/08/04/06	NA	2008-04-XX	Human	Kenya	NA	Human_respirovirus_1	HPIV1
MH006615	HPIV1/VietNam/004/2009	NA	2009-03-09	Human	Viet_Nam	NA	Human_respirovirus_1	HPIV1
JQ901990	HPIV1/WI/629_D02161/2009	NA	2009-10-03	Human	USA	NA	Human_respirovirus_1	HPIV1
JQ901977	HPIV1/WI/629_006/1997	NA	1997-11-04	Human	USA	NA	Human_respirovirus_1	HPIV1
KX912701	MY_U46/12	NA	2012-03-02	Human	Malaysia	NA	Human_respirovirus_1	HPIV1
KX912735	MY_U3909/14	NA	2014-05-16	Human	Malaysia	NA	Human_respirovirus_1	HPIV1
JQ901979	HPIV1/WI/629_007/1997	NA	1997-11-22	Human	USA	NA	Human_respirovirus_1	HPIV1
LC486566	HPIV1s/SaitamaC.JPN/16_583	NA	2016-XX-XX	Human	Japan	NA	Human_respirovirus_1	HPIV1
LC486573	HPIV1s/SaitamaC.JPN/18_442	NA	2018-XX-XX	Human	Japan	NA	Human_respirovirus_1	HPIV1
MN488679	UNKNOWN_MN488679	NA	2006-01-30	Human	Netherlands	NA	Human_respirovirus_1	HPIV1
MW654399	GER/4746/18_19	NA	2019-09-02	Human	Germany	NA	Human_respirovirus_1	HPIV1
KX912720	MY_U1541/12	NA	2012-11-26	Human	Malaysia	NA	Human_respirovirus_1	HPIV1
KX912703	MY_U194/12	NA	2012-03-26	Human	Malaysia	NA	Human_respirovirus_1	HPIV1
MW654435	GER/0720/15_16	NA	2015-11-30	Human	Germany	NA	Human_respirovirus_1	HPIV1
MW654447	GER/5805/16_17	NA	2017-09-25	Human	Germany	NA	Human_respirovirus_1	HPIV1
MH828706	vzhpiv14	NA	2014-10-16	Human	Viet_Nam	NA	Human_respirovirus_1	HPIV1
KC577215	MBAGATHI/08/10/14	NA	2008-10-XX	Human	Kenya	NA	Human_respirovirus_1	HPIV1
MW654400	GER/0846/17_18	NA	2017-11-24	Human	Germany	NA	Human_respirovirus_1	HPIV1
MW654418	GER/0122/15_16	NA	2015-10-13	Human	Germany	NA	Human_respirovirus_1	HPIV1
MH892404	t146a291_HPIV1	NA	2013-02-05	Human	Netherlands	NA	Human_respirovirus_1	HPIV1
MW654414	GER/5660/16_17	NA	2017-09-04	Human	Germany	NA	Human_respirovirus_1	HPIV1
KX912709	MY_U497/12	NA	2012-05-14	Human	Malaysia	NA	Human_respirovirus_1	HPIV1
KC577211	MBAGATHI/08/06/10	NA	2008-06-XX	Human	Kenya	NA	Human_respirovirus_1	HPIV1
KC577218	MBAGATHI/09/09/17	NA	2009-09-XX	Human	Kenya	NA	Human_respirovirus_1	HPIV1
MT063322	PREDICT_THAH18151	NA	2018-XX-XX	Human	Thailand	NA	Human_respirovirus_1	HPIV1
LC486545	HPIV1s/SaitamaC.JPN/12_192	NA	2012-XX-XX	Human	Japan	NA	Human_respirovirus_1	HPIV1
JQ901975	HPIV1/WI/629_001/1997	NA	1997-10-03	Human	USA	NA	Human_respirovirus_1	HPIV1
JQ902009	HPIV1/WI/629_D02211/2010	NA	2010-02-15	Human	USA	NA	Human_respirovirus_1	HPIV1
MH684371	HPIV1/Zagreb.HR/46.17_2605_	NA	2017-11-13	Human	Croatia	NA	Human_respirovirus_1	HPIV1
LC486572	HPIV1s/SaitamaC.JPN/18_437	NA	2018-XX-XX	Human	Japan	NA	Human_respirovirus_1	HPIV1
MH684405	HPIV1/Zagreb.HR/45.17_2582_	NA	2017-11-07	Human	Croatia	NA	Human_respirovirus_1	HPIV1
LC486557	HPIV1s/SaitamaC.JPN/14_838	NA	2014-XX-XX	Human	Japan	NA	Human_respirovirus_1	HPIV1
LC486571	HPIV1s/SaitamaC.JPN/18_266	NA	2018-XX-XX	Human	Japan	NA	Human_respirovirus_1	HPIV1
MH892403	t146a290_HPIV1	NA	2013-10-28	Human	Netherlands	NA	Human_respirovirus_1	HPIV1
KX912732	MY_U3744/14	NA	2014-04-04	Human	Malaysia	NA	Human_respirovirus_1	HPIV1
KX912736	MY_U3932/14	NA	2014-05-26	Human	Malaysia	NA	Human_respirovirus_1	HPIV1
KC577204	MBAGATHI/07/06/01	NA	2007-06-XX	Human	Kenya	NA	Human_respirovirus_1	HPIV1
JQ902007	HPIV1/WI/629_D02039/2009	NA	2009-12-10	Human	USA	NA	Human_respirovirus_1	HPIV1
LC486577	HPIV1s/SaitamaC.JPN/18_566	NA	2018-XX-XX	Human	Japan	NA	Human_respirovirus_1	HPIV1
MH828704	vzhpiv12	NA	2015-01-13	Human	Viet_Nam	NA	Human_respirovirus_1	HPIV1
KX912713	MY_U905/12	NA	2012-07-23	Human	Malaysia	NA	Human_respirovirus_1	HPIV1
JQ901995	HPIV1/WI/629_D01809/2009	NA	2009-10-11	Human	USA	NA	Human_respirovirus_1	HPIV1
JQ901994	HPIV1/WI/629_D02401/2009	NA	2009-10-06	Human	USA	NA	Human_respirovirus_1	HPIV1
KX912731	MY_U3712/14	NA	2014-03-28	Human	Malaysia	NA	Human_respirovirus_1	HPIV1
JQ902004	HPIV1/WI/629_D01575/2009	NA	2009-11-30	Human	USA	NA	Human_respirovirus_1	HPIV1
