strain,insertion: 165bp @ ref pos 0,insertion: 78bp @ ref pos 5,insertion: 1bp @ ref pos 9,insertion: 3bp @ ref pos 20,insertion: 7bp @ ref pos 54,insertion: 1bp @ ref pos 69,insertion: 12bp @ ref pos 1335,insertion: 1bp @ ref pos 3573,insertion: 1bp @ ref pos 5202,insertion: 3bp @ ref pos 6281,insertion: 1bp @ ref pos 10282,insertion: 1bp @ ref pos 10477,insertion: 2bp @ ref pos 10495,insertion: 1bp @ ref pos 10507,insertion: 4bp @ ref pos 10552,insertion: 7bp @ ref pos 10566,insertion: 1bp @ ref pos 10595,insertion: 4bp @ ref pos 10646,insertion: 12bp @ ref pos 10649,insertion: 11bp @ ref pos 10673,insertion: 1bp @ ref pos 10681,insertion: 3bp @ ref pos 10690,insertion: 1bp @ ref pos 10710,insertion: 22bp @ ref pos 10718,insertion: 22bp @ ref pos 10727,insertion: 16bp @ ref pos 10735
Ncal2013,T,,,,,,,,,,,,,,,,,,,,,,,,,
Thai2012,T,,,,,,,,,,,,,,,,,,,,,,,,,
DENV_1/China/YN/YNH12_2013_,T,T,,,,,,,,,,,,,,,,,,,,,,,,
TM236,TCAGAGATCTGCTCTCTAATAAAA,,,,,,,,,,,,,,,,,,,,,,,,,
TM71,TTGAAAGACGGCCGAGCCGTCTTTTTTCGTTGGTTGTTCATCAGAGATCTGCTCTCTAATAAAA,,,,,,,,,,,,,,,,,,,,,,,,,
TM248,TATTGAAAGACGGCCGAGCCGTCTTTTTTCGTTGGTTGTTCATCAGAGATCTGCTCTCTAATAAAA,,,,,,,,,,,,,,,,,,,,,,,,,
TM23,GTCTTTTTTCGTTGGTTGTTCATCAGAGATCTGCTCTCTAATAAAA,,,,,,,,,,,T,,,,,,,,,,,,,,
TM27,AGCCGTCTTTTTTCGTTGGTTGTTCATCAGAGATCTGCTCTCTAATAAAA,,A,,TCGGTCC,,,,,,,,,,,,,,,,,,,,,
TM19,GATCTGCTCTCTAATAAAA,,A,,,,,,,,,,,,,,,,,,,,,,,
TM70,TTTCAGCATATTGAAAGACGGCCGAGCCGTCTTTTTTCGTTGGTTGTTCATCAGAGATCTGCTCTCTAATAAAA,,,,,,,,,,,,,,,,,,,,,,,,,
TM32,AGCAATCCTTTTGAGAATCTCTTCGCCAACTGTGAAACAGTTGACACGCGGTTTCTCGCGCGTTTCAGCATATTGAAAGACGGCCGAGCCGTCTTTTTTCGTTGGTTGTTCATCAGAGATCTGCTCTCTAATAAAA,,,,,,,,,,,,,,,,,,CAGCGGGGCCCA,,,,,,,
TM45,ATTGAAAGACGGCCGAGCCGTCTTTTTTCGTTGGTTGTTCATCAGAGATCTGCTCTCTAATAAAA,,,,,,,,,,,,,,,,,,,,,,,,,
DG14,G,,,,,,,,,,,,,,,,,,,,,AGC,,,,
DENV_1/China/YN/GM1502_2015_,A,T,,,,,,,,,,,,,,,,,,,,,T,,,
DENV_1/China/YN/LC1502_2015_,A,T,,,,,,,,,,,,,,,,,,,,,T,,,
DENV_1/China/YN/GM1503_2015_,A,T,,,,,,,,,,,,,,,,,,,,,T,,,
DENV_1/China/YN/15DGR7_2015_,A,T,,,,,,,,,,,,,,,,,,,,,,,,
DENV_1/China/YN/15DGR4_2015_,A,T,,,,,,,,,,,,,,,,,,,,,T,,,
DENV_1/China/YN/DGRL_161_2014_,A,T,,,,,,,,,,,,,,,,,,,,,,,,
DENV_1/China/YN/DGRL_177_2014_,A,T,,,,,,,,,,,,,,,,,,,,,,,,
DENV_1/China/YN/DGRL_6_2014_,A,,G,,,,,,,,,,,,,,,,,,,,,,,A
YNPE1,CAAGTATTGGCTAAAAGAACGAGGGGCGTCGCTGCAGCATACAGCACCATTT,T,,CCG,,,,,,,,,,,,,,,,,,,,,GCAGCAGCCTTTATTTTGGCTG,TATTCCGCTGG
TM30,CA,ACACCTGCTGAGGTCTTAAACAAAAGAGACTTTCCTCTTTCCTGCTTGCTGACTATCATGTGCGGCTCTCCCCCTCGT,,,,,,,,,,,,,,,,,,,,,,,,
V28041,,T,,,,,,,,,,,,,,,,,,,,,,,,
V32089,,T,,,,,,,,,,,,,,,,,,,,,,,,
DENV_1/China/YN/15DGR55_2015_,,TT,,,,,,,,,,,,,,,,,,,,,,,,
SV224,,,,,,T,,,,,,,,,,,,,,,,,,,,
DENV_1/KH/BID_V2373/2001,,,,,,,,C,,,,,,,,,,,,,,,,,,
UNKNOWN_DQ836632,,,,,,,,,C,,,,,,,,,,,,,,,,,
DENV_1/KH/BID_V1979/2001,,,,,,,,,,TCT,,,,,,,,,,,,,,,,
YNBN1024,,,,,,,,,,,C,,,,,,,,,,,,,,,
DENV_1/KH/BID_V1998/2004,,,,,,,,,,,,,AT,,GTG,TCGTGGG,,,,,,,,,,
TM100,,,,,,,,,,,,,T,,,TTCAAT,,TCT,,,,,,,,
DENV_1/VN/BID_V3903/2008,,,,,,,,,,,,,,C,,,,,,,,,,,,
DENV_1/KH/BID_V1982/2001,,,,,,,,,,,,,,,AATG,,,,,,,,,,,
DENV1_8356,,,,,,,,,,,,,,,,,A,,,,,,,,,
DK87,,,,,,,,,,,,,,,,,,ACTT,,GCCAAAACGGC,,,,,,
Henan201903,,,,,,,,,,,,,,,,,,,,,T,,,,,
V832,,,,,,,,,,,,,,,,,,,,,,,,AGAATTATCTAGATTATATGAC,,
NDF30,,,,,,,,,,,,,,,,,,,,,,,,,,ATCAATGAAGAGATTC
SDDF1543,,,,,,,,,,,,,,,,,,,,,,,,,,ATCAATGAAGAGATTC
