strain,insertion: 47bp @ ref pos 0,insertion: 1bp @ ref pos 10,insertion: 7bp @ ref pos 54,insertion: 1bp @ ref pos 76,insertion: 2bp @ ref pos 10288,insertion: 1bp @ ref pos 10347,insertion: 1bp @ ref pos 10452,insertion: 2bp @ ref pos 10462,insertion: 15bp @ ref pos 10623,insertion: 44bp @ ref pos 10649
BR/SJRP/580/2012,TTTTTCGTTGGTTCATTTTTCCAGAGATCTGCTCTCTATTCAAATA,,,,,,,,,
BR/SJRP/614/2013,TTTTTTCTTTGGTTCATTTTTCCAGAGATCTGCTCTCTATTCAAATA,,,,,,,,,
BR/SJRP/500/2012,TCTGCTCTCTA,A,TCGGTCC,,,,,,,
DENV_4/VE/BID_V1155/2007,ACTTTTTCAA,,,,,,,,,
BR/SJRP/556/2012,,A,,,,,,,,
BR/SJRP/514/2012,,,TCGGTCC,,,,,,,
BR/SJRP/505/2012,,,TCGGTCC,,,,,,,
ThD4_0734_00,,,,T,GA,,,AA,,
Taiwan_2K0713,,,,T,GA,,,,,
MKS_0706,,,,T,GA,,,AA,,
MKS_0070,,,,T,GA,,,AA,,
NC08/200208_409,,,,T,GA,,,AA,,
MKS_0252,,,,T,GA,,,AA,,
MKS_2139,,,,T,GA,,,AA,,
MKS_0033,,,,T,GA,,,AA,,
GZ30,,,,T,GA,,,AA,,
DENV4/CN/GZ29/2010,,,,T,GA,,,AA,,
GZ1D4,,,,T,GA,,,AA,,
D4/Hu/India/NIID48/2009,,,,T,GA,,A,AA,,
CNR_16861,,,,T,GA,,,AA,,
SG_EHI_D4/04645Y16,,,,T,GA,,,AA,,
SG_EHI_D4/09291Y16,,,,T,GA,,,AA,,
PNG_2016a,,,,T,GA,,,AA,,
ID_CN27_15,,,,T,GA,,,AA,,
EHI310A129SY10,,,,T,GA,,,AA,,
EHI310A129CY10,,,,T,GA,,,AA,,
PF09/080409_93,,,,T,GA,,,AA,,
PF09/290109_69,,,,T,AA,,,AA,,
PF09/230309_126,,,,T,GA,,,AA,,
NC09/050209_1413,,,,T,GA,,,AA,,
NC09/230909_14518,,,,T,GA,,,AA,,
NC09/170309_6652,,,,T,,,,,,
NC09/020409_9266,,,,T,GA,,,AA,,
WF09/010409_0001,,,,T,,,,,,
PF10/150610_28,,,,T,GA,C,,AA,,
PH_CN08_14,,,,T,GA,,,AA,,
GZ/9809/2012,,,,T,GA,,,AA,,
2018XN20946a,,,,T,GA,,,,,
GZ18XN20946,,,,T,GA,,,,,
DENV_4/SG/06K2270DK1/2005,,,,T,GA,,,AA,,
MKS_2007,,,,C,GA,,,AA,,
BR/SJRP/506/2012,,,,,GA,,,,,
JMB_006,,,,,GA,,,,,
DENV4_61120,,,,,GG,,,,,
DENV_4/MT/BR27_TVP17913/2012,,,,,,,,A,,
LRV13/422,,,,,,,,A,,
DENV_4/VE/BID_V2164/1998,,,,,,,,A,,
BR/SJRP/610/2013,,,,,,,,,ACCAAATATTTCTAT,CTACTTTAGACCATCCTATGTTCTCTCTGATGAAGGCTCAACTC
