strain,insertion: 150bp @ ref pos 3127,insertion: 30bp @ ref pos 3186,insertion: 218bp @ ref pos 3215,insertion: 180bp @ ref pos 3220,insertion: 240bp @ ref pos 3246,insertion: 90bp @ ref pos 3285,insertion: 60bp @ ref pos 3371,insertion: 60bp @ ref pos 3373,insertion: 27bp @ ref pos 3491,insertion: 15bp @ ref pos 3531,insertion: 13bp @ ref pos 21757,insertion: 3bp @ ref pos 22218,insertion: 6bp @ ref pos 22272,insertion: 1bp @ ref pos 22816,insertion: 2bp @ ref pos 22823,insertion: 1bp @ ref pos 22898,insertion: 3bp @ ref pos 24461,insertion: 605bp @ ref pos 24466,insertion: 3bp @ ref pos 25077,insertion: 16bp @ ref pos 29926
KF686343,AATGACGATGAAGATGTTGTTACTGGTGACAATGACGATGAAGATGTTGTTACTGGTGACAATGACGATGAAGATGTTGTTACTGGTGACAATGACGATGAAGATGTTGTTACTGGTGACAATGACGATGAAGATGTTGTTACTGGTGAC,,,,,,,,,,,,,,,,,,,
KF686346,AATGACGATGAAGATGTTGTTACTGGTGACAATGACGATGAAGATGTTGTTACTGGTGACAATGACGATGAAGATGTTGTTACTGGTGACAATGACGATGAAGATGTTGTTACTGGTGACAATGACGATGAAGATGTTGTTACTGGTGAC,,,,,,,,,,,,,,,,,,,
LC315650,,CAATGACGATGAAGATGTTATTACTGGTGA,,,,,,,,TGACACTATTAATTG,,,,,,,,,,AAAAAAAAAAAAAAAA
KF430201,,,,GACGATGAAGATGTTGTTACTGGTGACAATGACGATGAAGATGTTGTTACTGGTGACAATGACGATGAAGATGTTGTTACTGGTGACAAT,,,,,,,,,,,,,,,,
KF686341,,,,GACGATGAAGATGTTGTTACTGGTGACAATGACGATGAAGATGTTGTTACTGGTGACAATGACGATGAAGATGTTGTTACTGGTGACAAT,,,,,,,,,,,,,,,,
KF686340,,,,GACGATGAAGATGTTGTTACTGGTGACAATGACGATGAAGATGTTGTTACTGGTGACAATGACGATGAAGATGTTGTTACTGGTGACAAT,,,,,,,,,,,,,,,,
KF686339,,,,GACGATGAAGATGTTGTTACTGGTGACAATGACGATGAAGATGTTGTTACTGGTGACAATGACGATGAAGATGTTGTTACTGGTGACAAT,,,,,,,,,,,,,,,,
DQ415899,,,,,,,ACGATGAAGATGTTGTTACTGGTGACAATGACGATGAAGATGTTGTTACTGGTGACAATG,GATGAAGATGTTGTTACTGGTGACAATGAC,,,TTCAGTTTGTTAA,TAT,TAGTAC,,,,,,TTT,
KT779556,,,,,,,,GATGAAGATGTTGTTACTGGTGACAATGAC,,TGACACTATTAATTG,,,,,,,,,,
KT779555,,,,,,,,GATGAAGATGTTGTTACTGGTGACAATGAC,,TGACACTATTAATTG,,,,,,,,,,
DQ415905,,,,,,,,GATGAAGATGTTGTTACTGGTGACAATGAC,,TGACACTATTAATTG,,,,,,,,,,
DQ415906,,,,,,,,GATGAAGATGTTGTTACTGGTGACAATGAC,,TGACACTATTAATTG,,,,,,,,,,
DQ415907,,,,,,,,GATGAAGATGTTGTTACTGGTGACAATGAC,,TGACCCTATTAATTG,,,,,,,,,,
HM034837,,,,,,,,GATGAAGATGTTGTTACTGGTGACAATGAC,,,,,,,,,,,,
KF850450,,,,,,,,GATGAAGATGTTGTTACTGGTGACAATGAC,,,,,,,,,,,,
OL770285,,,,,,,,GATGAAGATGTTGTTACTGGTGACAATGAC,ACGATGAAGATGTTGTTACTGGTGACA,,TTCAGTTTGTTAA,TAT,TAGTAC,,,,,,TTT,
OL770286,,,,,,,,GATGAAGATGTTGTTACTGGTGACAATGAC,ACGATGAAGATGTTGTTACTGGTGACA,,TTCAGTTTGTTAA,TAT,TAGTAC,,,,,,TTT,
ON128615,,,,,,,,GATGAAGATGTTGTTACTGGTGACAATGAC,ACGATGAAGATGTTGTTACTGGTGACA,,TTCAGTTTGTTAA,TAT,TAGTAC,,,,TAC,,TTT,
ON128614,,,,,,,,GATGAAGATGTTGTTACTGGTGACAATGAC,ACGATGAAGATGTTGTTACTGGTGACA,,TTCAGTTTGTTAA,TAT,TAGTAC,,,,TAC,,TTT,
ON128616,,,,,,,,GATGAAGATGTTGTTACTGGTGACAATGAC,ACGATGAAGATGTTGTTACTGGTGACA,,TTCAGTTTGTTAA,TAT,TAGTAC,,,,TAC,,TTT,
ON128613,,,,,,,,GATGAAGATGTTGTTACTGGTGACAATGAC,ACGATGAAGATGTTGTTACTGGTGACA,,TTCAGTTTGTTAA,TAT,TAGTAC,,,,TAC,,TTT,
LC315651,,,,,,,,GATGAAGATGTTGTTACTGGTGACAATGAC,ACGATGAAGATGTTGTTACTGGTGACA,,TTCAGTTTGTTAA,TAT,TAGTAC,,,,TAC,,TTT,AAAA
OK073086,,,,,,,,GATGAAGATGTTGTTACTGGTGACAATGAC,ACGATGAAGATGTTGTTACTGGTGACA,,TTCAGTTTGTTAA,TAT,TAGTAC,,,,TAC,,TTT,
MH940245,,,,,,,,GATGAAGATGTTGTTACTGGTGACAATGAC,,,TTCAGTTTGTTAA,TAT,TAGTAC,,,,,,TTT,
AY884001,,,,,,,,GATGAAGATGTTGTTACTGGTGACAATGAC,,,TTCAGTTTGTTAA,TAT,TAGTAC,,,,,,TTT,
DQ415902,,,,,,,,GATGAAGATGTTGTTACTGGTGACAATGAC,,,TTCAGTTTGTTAA,TAT,TAGTAC,,,,,,TTT,
DQ415911,,,,,,,,GATGAAGATGTTGTTACTGGTGACAATGAC,ACGATGAAGATGTTGTTACTGGTGACA,,TTCAGTTTGTTAA,TAT,TAGTAC,,,,,,TTT,
LC654447,,,,,,,,GATGAAGATGTTGTTACTGGTGACAATGAC,ACGATGAAGATGTTGTTACTGGTGACA,,TTCAGTTTGTTAA,TAT,TAGTAC,,,,,,TTT,
LC654448,,,,,,,,GATGAAGATGTTGTTACTGGTGACAATGAC,ACGATGAAGATGTTGTTACTGGTGACA,,TTCAGTTTGTTAA,TAT,TAGTAC,,,,,,TTT,
LC654449,,,,,,,,GATGAAGATGTTGTTACTGGTGACAATGAC,ACGATGAAGATGTTGTTACTGGTGACA,,TTCAGTTTGTTAA,TAT,TAGTAC,,,,,,TTT,
MW587043,,,,,,,,GATGAAGATGTTGTTACTGGTGACAATGAC,ACGATGAAGATGTTGTTACTGGTGACA,,,,,,,,,,TTT,
MK167038,,,,,,,,GATGAAGATGTTGTTACTGGTGACAATGAC,ACGATGAAGATGTCGTTACTGGTGACA,,TTCATTTTGTTAA,TAT,TDGTAC,,TA,,,,TTT,
KF430196,,,,,,,,GATGAAGATGTTGTTACTGGTGACAATGAC,,,,,,,,,,,,
DQ415914,,,,,,,,GATGAAGATGTTGTTACTGGTGACAATGACGATGAAGATGTTGTTACTGGTGACAATGAC,,TGACACTATTAATTG,,,,,,,,,,
DQ415908,,,,,,,,GATGAAGATGTTGTTACTGGTGACAATGACGATGAAGATGTTGTTACTGGTGACAATGAC,,TGACACTATTAATTG,,,,,,,,,,
OK073085,,,,,,,,GATGAAGATGTTGTTACTGGTGACAATGACGATGAAGATGTTGTTACTGGTGACAATGAC,,TGACACTATTAATTG,,,,,,,,,,
KF686338,,,,,,,,AAGATGTTGTTACTGGTGACAATGAC,,,TTCAGTTTGTTAA,TAT,TAGTAC,,,,TAC,,TTT,
ON729317,,,,,,,,TGATGTGACAATGAC,ACGATGAAGATGTTGTTACTGGTGACA,,TTCAGTTTGTTAA,TAT,TGTAC,,,,,,TTT,
DQ415897,,,,,,,,GATGAAGATGTTGTTACTGGTGACAATAAC,,,TTCAGTTTGTTAA,TAT,TAGTAC,,,,,,TTT,
DQ415912,,,,,,,,GATGAAGATGTTGTTACTGGTGACAATAAC,,,TTCAGTTTGTTAA,TAT,TAGTAC,,,,,,TTT,
DQ415898,,,,,,,,AC,,,TTCAGTTTGTTAA,TAT,TAGTAC,,,,,,TTT,
KF686344,,,,,,,,,,TGACACTATTAATTG,,,,,,,,,,
ON128610,,,,,,,,,,TGACACTATTAATTG,,,,,,,,,,
ON128612,,,,,,,,,,TGACACTATTAATTG,,,,,,,,,,
LC687393,,,,,,,,,,TGACACTATTAATTG,,,,,,,,,,
ON128609,,,,,,,,,,TGACACTATTAATTG,,,,,,,,,,
ON128611,,,,,,,,,,TGACACTATTAATTG,,,,,,,,,,
DQ415904,,,,,,,,,,TGACACTATTAATTG,,,,,,,,,,
DQ415909,,,,,,,,,,TGACACTATTAATTG,,,,,,,,,,
DQ415910,,,,,,,,,,TGACACTATTAATTG,,,,,,,,,,
KY983584,,,,,,,,,,TGACACTATTAATTG,,,,,,,,,,
KY674921,,,,,,,,,,,TTCAGTTTGTTAA,TAT,TAGTAC,,,,TTC,,TTT,
DQ339101,,,,,,,,,,,TTCAGTTTGTTAA,TAT,TAGTAC,,,,,,TTT,
DQ415913,,,,,,,,,,,TTCAGTTTGTTAA,TAT,TAGTAC,,,,,,TTT,
