strain,insertion: 8bp @ ref pos 0,insertion: 1bp @ ref pos 174,insertion: 2bp @ ref pos 218,insertion: 1bp @ ref pos 278,insertion: 138bp @ ref pos 353,insertion: 3bp @ ref pos 375,insertion: 1bp @ ref pos 390,insertion: 1bp @ ref pos 552,insertion: 1bp @ ref pos 564,insertion: 1bp @ ref pos 2101,insertion: 2bp @ ref pos 2325,insertion: 1bp @ ref pos 2515,insertion: 1bp @ ref pos 2546,insertion: 1bp @ ref pos 2718,insertion: 1bp @ ref pos 2885,insertion: 25bp @ ref pos 3025,insertion: 1bp @ ref pos 3065,insertion: 36bp @ ref pos 3263,insertion: 27bp @ ref pos 3266,insertion: 24bp @ ref pos 3270,insertion: 1bp @ ref pos 3466,insertion: 117bp @ ref pos 4144,insertion: 1bp @ ref pos 4421,insertion: 2bp @ ref pos 4433,insertion: 15bp @ ref pos 4770,insertion: 7bp @ ref pos 4840,insertion: 1bp @ ref pos 5026,insertion: 2bp @ ref pos 5160,insertion: 2bp @ ref pos 5186,insertion: 1bp @ ref pos 5201,insertion: 2bp @ ref pos 5378,insertion: 1bp @ ref pos 5422
M13178.1,GAATTCCG,,,,,,,,,,,,,,,,,,,,,,,,,,,,,,,
M24682.1,CG,,,,,,,,,,,,,,,,,,,,,,,,,,,,,,,
AY504945.1,,T,AA,,,,,,,,,,,,,,,,,,,,,,,,,,,,TT,A
MN765167.1,,T,,,,,,,,,,,,,,,,,,,,,,,,,,,,,,
AB550331.1,,T,AA,,,,,G,,,,,,,,,,,,,,,,,,,,,,A,TT,A
MZ736622.1,,,,T,,,,,,,,,,,,,,,,,,,,,,,,,,,,
AY903437.2,,,,,CATCTGATTTGGTGTCTTCTTTTAAATTTTTAAAGCAACATACACAATTAGTTATTTATTTAAGCCATTTATTTTTCCAAGTTTGTATACATATTACACAATCTAAGCATTCTAATTACATGTTGCTCAAAACGGGTT,,,G,,,,,,,,,,,,,,,,,,,,,,A,,
MN765171.1,,,,,,TT,,A,,,,,,,,,,,,,,,,,,,,,,A,,
AY582124.2,,,,,,TT,,A,,,,,,,,,,,,,,,,,,,,,,A,,
DQ408302.1,,,,,,TT,,A,,,,,,,,,,,,,,,,,,,,,,A,,
DQ408305.1,,,,,,TT,,A,,,,,,,,,,,,,,,,,,,,,,A,,
DQ408303.1,,,,,,TT,,A,,,,,,,,,,,,,,,,,,,,,,A,,
DQ408304.1,,,,,,TT,,A,,,,,,,,,,,,,,,,,,,,,,A,,
FJ265736.1,,,,,,TT,,A,,,,,,,,,,,,,,,,,,,,,,A,,
DQ234775.2,,,,,,TT,,A,,,,,,,,,,,,,,,,,,,,,,A,,
AY582125.2,,,,,,TT,,A,,,,,,,,,,,,,,,,,,,,,,A,,
DQ234769.2,,,,,,TT,,A,,,,,,,,,,,,,,,,,,,,,,A,,
DQ234771.2,,,,,,TT,,A,,,,,,,,,,,,,,,,,,,,,,A,,
AY647977.1,,,,,,TTA,,A,,,,,,,,,,,,,,,,,,,,,,A,,
DQ234779.2,,,,,,TTA,,A,,,,,,,,,,,,,,,,,,,,,,A,,
AY083234.1,,,,,,TTA,,A,,,,,,,,,,,,,,,,,,,,,,A,,
DQ234778.2,,,,,,T,,A,,,,,,,,,,,,,,,,,,,,,,A,,
MT410188.1,,,,,,,T,G,,,,,,,,,,,,,,,,,,,,,,A,,A
MT988397.1,,,,,,,,G,,,,,,,,,,,,,,,,,,,,,,,,A
MT410184.1,,,,,,,,G,,,,,,,,,,,,,,,,,,,,,,A,,A
KF724386.1,,,,,,,,G,,,,,,,,,,,,,,,,,,,,,,,,
DQ333428.1,,,,,,,,G,,,,,,,,,,,,,,,,,,,,,,,,
AJ717293.1,,,,,,,,G,,,,,,,,,,,,,,,,,,,,,,,,
KF724387.1,,,,,,,,G,,,,,,,,,,,,,,,,,,,,,,A,,
DQ333426.1,,,,,,,,G,,,,,,,,,,,,,,,,,,,,,,G,,
AY044266.2,,,,,,,,G,,,,,,,,,,,,,,,,,,,,,,,,
EF216869.1,,,,,,,,G,,,,,,,,,,,,,,,,,,,,,,A,,
AY064475.1,,,,,,,,G,,,,,,,,,,,,,,,,,,,,,,A,,
AY064476.1,,,,,,,,G,,,,,,,,,,,,,,,,,,,,,,A,,
MT988399.1,,,,,,,,G,,,,,,,,,,,,,,,,,,,,,,A,,A
MT988398.1,,,,,,,,G,,,,,,,,,,,,,,,,,,,,,,A,,
DQ333427.1,,,,,,,,G,,,,,,,,,,,,,,,,,,,,,,A,,
MN096574.1,,,,,,,,,T,,,,,,,,,,,,,,,,,,,,,,,
OL672527.1,,,,,,,,,,T,,,,,,,,,,,,,,,,,,,,,,
KC013313.1,,,,,,,,,,,T,,,,,,,,,,,,,,,,,,,,,
KC013351.1,,,,,,,,,,,T,,,,,,,,,,,,,,,,,,,,,
KC013322.1,,,,,,,,,,,CC,,,,,,,,,,,,,,,,,,,,,
MZ736623.1,,,,,,,,,,,,C,,,,,,,,,,,,,,,,,,,,
MZ736619.1,,,,,,,,,,,,,G,,,,,,,,,,,,,,,,,,,
MZ736616.1,,,,,,,,,,,,,,A,,,,,,,A,,,,,,,,,,,
OL672528.1,,,,,,,,,,,,,,,C,,G,,,,,,,,,,,,,,,
KC013346.1,,,,,,,,,,,,,,,,ATATACTAACTATGTTGGGCCTGGT,,,,,,,,,,,,,,,,
MZ695230.1,,,,,,,,,,,,,,,,,,CGGAAGTTCCCGCTTACAACGCCTCAGAAAATTTTT,,,,,,,,,,,,,,
MZ695226.1,,,,,,,,,,,,,,,,,,,AAGTTCCCGCTTACAACGCCTCAGAAA,,,,,,,,,,,,,
MZ695231.1,,,,,,,,,,,,,,,,,,,,TCCCGCTTACAACGCCTCAGAAAA,,,,,,,,,,,,
MZ695232.1,,,,,,,,,,,,,,,,,,,,TCCCGCTTACAACGCCTCAGAAAA,,,,,,,,,,,,
MT410186.1,,,,,,,,,,,,,,,,,,,,,,TTGG,,,,,,,,A,,
KC013316.1,,,,,,,,,,,,,,,,,,,,,,,T,,,,C,,,,,
KC013338.1,,,,,,,,,,,,,,,,,,,,,,,,TA,,,C,,,,,
KC013328.1,,,,,,,,,,,,,,,,,,,,,,,,,CAGTACTAAAGATAA,AGGGCAA,,,,,,
KC013324.1,,,,,,,,,,,,,,,,,,,,,,,,,,,C,,,,,
KC013321.1,,,,,,,,,,,,,,,,,,,,,,,,,,,C,,,,,
KC013312.1,,,,,,,,,,,,,,,,,,,,,,,,,,,C,,,,,
KC013314.1,,,,,,,,,,,,,,,,,,,,,,,,,,,C,,,,,
KC013331.1,,,,,,,,,,,,,,,,,,,,,,,,,,,C,,,,,
KC013344.1,,,,,,,,,,,,,,,,,,,,,,,,,,,C,,,,,
KC013333.1,,,,,,,,,,,,,,,,,,,,,,,,,,,C,,,,,
MH151117.1,,,,,,,,,,,,,,,,,,,,,,,,,,,,,,A,,
MT988403.1,,,,,,,,,,,,,,,,,,,,,,,,,,,,,,A,,
MN765168.1,,,,,,,,,,,,,,,,,,,,,,,,,,,,,,,TT,
MT988401.1,,,,,,,,,,,,,,,,,,,,,,,,,,,,,,,,A
MT410190.1,,,,,,,,,,,,,,,,,,,,,,,,,,,,,,,,A
