Accession	Virus	Author	Publication_Title	Journal	Database
MZ736616	ParvovirusB19-1a	Qian,H.	Direct Submission	Submitted (09-AUG-2021) Laboratory Medicine, Renji Hospital, School of Medicine, Shanghai Jiaotong University, Pujian Road 160, Shanghai, Shanghai 200125, China	Genbank
MZ736617	ParvovirusB19-1a	Qian,H.	Direct Submission	Submitted (09-AUG-2021) Laboratory Medicine, Renji Hospital, School of Medicine, Shanghai Jiaotong University, Pujian Road 160, Shanghai, Shanghai 200125, China	Genbank
MZ736618	ParvovirusB19-1a	Qian,H.	Direct Submission	Submitted (09-AUG-2021) Laboratory Medicine, Renji Hospital, School of Medicine, Shanghai Jiaotong University, Pujian Road 160, Shanghai, Shanghai 200125, China	Genbank
MZ736619	ParvovirusB19-1a	Qian,H.	Direct Submission	Submitted (09-AUG-2021) Laboratory Medicine, Renji Hospital, School of Medicine, Shanghai Jiaotong University, Pujian Road 160, Shanghai, Shanghai 200125, China	Genbank
MZ736620	ParvovirusB19-1a	Qian,H.	Direct Submission	Submitted (09-AUG-2021) Laboratory Medicine, Renji Hospital, School of Medicine, Shanghai Jiaotong University, Pujian Road 160, Shanghai, Shanghai 200125, China	Genbank
MZ736621	ParvovirusB19-1a	Qian,H.	Direct Submission	Submitted (09-AUG-2021) Laboratory Medicine, Renji Hospital, School of Medicine, Shanghai Jiaotong University, Pujian Road 160, Shanghai, Shanghai 200125, China	Genbank
MZ736622	ParvovirusB19-1a	Qian,H.	Direct Submission	Submitted (09-AUG-2021) Laboratory Medicine, Renji Hospital, School of Medicine, Shanghai Jiaotong University, Pujian Road 160, Shanghai, Shanghai 200125, China	Genbank
MZ736623	ParvovirusB19-1a	Qian,H.	Direct Submission	Submitted (09-AUG-2021) Laboratory Medicine, Renji Hospital, School of Medicine, Shanghai Jiaotong University, Pujian Road 160, Shanghai, Shanghai 200125, China	Genbank
MZ695225	ParvovirusB19-1a	yanan,w.	Direct Submission	Submitted (02-AUG-2021) Department of Laboratory Medicine, Renji Hospital, School of Medicine, Shanghai Jiaotong University, Shanghai Jiaotong University, No. 1630 East Road, Pudong New Area, Shanghai, Shanghai 200127, China	Genbank
MZ695226	ParvovirusB19-1a	Yanan,W.	Direct Submission	Submitted (02-AUG-2021) Department of Laboratory Medicine, Renji Hospital, School of Medicine, Shanghai Jiaotong University, No. 1630 East Road, Pudong New Area, Shanghai, Shanghai 200127, China	Genbank
MZ695227	ParvovirusB19-1a	Yanan,W.	Direct Submission	Submitted (02-AUG-2021) Department of Laboratory Medicine, Renji Hospital, School of Medicine, Shanghai Jiaotong University, No. 1630 East Road, Pudong New Area, Shanghai, Shanghai 200127, China	Genbank
MZ695228	ParvovirusB19-1a	Yanan,W.	Direct Submission	Submitted (02-AUG-2021) Department of Laboratory Medicine, Renji Hospital, School of Medicine, Shanghai Jiaotong University, No. 1630 East Road, Pudong New Area, Shanghai, Shanghai 200127, China	Genbank
MZ695229	ParvovirusB19-1a	Yanan,W.	Direct Submission	Submitted (02-AUG-2021) Department of Laboratory Medicine, Renji Hospital, School of Medicine, Shanghai Jiaotong University, No. 1630 East Road, Pudong New Area, Shanghai, Shanghai 200127, China	Genbank
MZ695230	ParvovirusB19-1a	Yanan,W.	Direct Submission	Submitted (02-AUG-2021) Department of Laboratory Medicine, Renji Hospital, School of Medicine, Shanghai Jiaotong University, No. 1630 East Road, Pudong New Area, Shanghai, Shanghai 200127, China	Genbank
MZ695231	ParvovirusB19-1a	Yanan,W.	Direct Submission	Submitted (02-AUG-2021) Department of Laboratory Medicine, Renji Hospital, School of Medicine, Shanghai Jiaotong University, No. 1630 East Road, Pudong New Area, Shanghai, Shanghai 200127, China	Genbank
MZ695232	ParvovirusB19-1a	Yanan,W.	Direct Submission	Submitted (02-AUG-2021) Department of Laboratory Medicine, Renji Hospital, School of Medicine, Shanghai Jiaotong University, No. 1630 East Road, Pudong New Area, Shanghai, Shanghai 200127, China	Genbank
OL672523	ParvovirusB19-1a	Santos,M.A.M., Pavon,J.A.R., Viniski,A.E., Souza,C.L.C., Oliveira,E.C., Nunes,M.R.T. and Slhessarenko,R.D.	Direct Submission	Submitted (21-OCT-2021) Faculdade de Medicina, Universidade Federal de Mato Grosso, AV. Fernando Correa da Costa, 2367, Cuiaba, Mato Grosso 78060-900, Brazil	Genbank
OL672524	ParvovirusB19-1a	Santos,M.A.M., Pavon,J.A.R., Viniski,A.E., Souza,C.L.C., Oliveira,E.C., Nunes,M.R.T. and Slhessarenko,R.D.	Direct Submission	Submitted (21-OCT-2021) Faculdade de Medicina, Universidade Federal de Mato Grosso, AV. Fernando Correa da Costa, 2367, Cuiaba, Mato Grosso 78060-900, Brazil	Genbank
OL672525	ParvovirusB19-1a	Santos,M.A.M., Pavon,J.A.R., Viniski,A.E., Souza,C.L.C., Oliveira,E.C., Nunes,M.R.T. and Slhessarenko,R.D.	Direct Submission	Submitted (22-OCT-2021) Faculdade de Medicina, Universidade Federal de Mato Grosso, AV. Fernando Correa da Costa, 2367, Cuiaba, Mato Grosso 78060-900, Brazil	Genbank
OL672526	ParvovirusB19-1a	Santos,M.A.M., Pavon,J.A.R., Viniski,A.E., Souza,C.L.C., Oliveira,E.C., Nunes,M.R.T. and Slhessarenko,R.D.	Direct Submission	Submitted (22-OCT-2021) Faculdade de Medicina, Universidade Federal de Mato Grosso, AV. Fernando Correa da Costa, 2367, Cuiaba, Mato Grosso 78060-900, Brazil	Genbank
OL672527	ParvovirusB19-1a	Santos,M.A.M., Pavon,J.A.R., Viniski,A.E., Souza,C.L.C., Oliveira,E.C., Nunes,M.R.T. and Slhessarenko,R.D.	Direct Submission	Submitted (22-OCT-2021) Faculdade de Medicina, Universidade Federal de Mato Grosso, AV. Fernando Correa da Costa, 2367, Cuiaba, Mato Grosso 78060-900, Brazil	Genbank
OL672528	ParvovirusB19-1a	Santos,M.A.M., Pavon,J.A.R., Viniski,A.E., Souza,C.L.C., Oliveira,E.C., Nunes,M.R.T. and Slhessarenko,R.D.	Direct Submission	Submitted (22-OCT-2021) Faculdade de Medicina, Universidade Federal de Mato Grosso, AV. Fernando Correa da Costa, 2367, Cuiaba, Mato Grosso 78060-900, Brazil	Genbank
MN765167	ParvovirusB19-1a	Cordey,S., Laubscher,F., Hartley,M.A., Junier,T., Keitel,K., Docquier,M., Guex,N., Iseli,C., Vieille,G., Le Mercier,P., Gleizes,A., Samaka,J., Mlaganile,T., Kagoro,F., Masimba,J., Said,Z., Temba,H., Elbanna,G.H., Tapparel,C., Zanella,M.C., Xenarios,I., Fellay,J., D'Acremont,V. and Kaiser,L.	Blood virosphere in febrile Tanzanian children	Emerg Microbes Infect 10 (1), 982-993 (2021)	Genbank
MN765168	ParvovirusB19-1a	Cordey,S., Laubscher,F., Hartley,M.A., Junier,T., Keitel,K., Docquier,M., Guex,N., Iseli,C., Vieille,G., Le Mercier,P., Gleizes,A., Samaka,J., Mlaganile,T., Kagoro,F., Masimba,J., Said,Z., Temba,H., Elbanna,G.H., Tapparel,C., Zanella,M.C., Xenarios,I., Fellay,J., D'Acremont,V. and Kaiser,L.	Blood virosphere in febrile Tanzanian children	Emerg Microbes Infect 10 (1), 982-993 (2021)	Genbank
MN765169	ParvovirusB19-1a	Cordey,S., Laubscher,F., Hartley,M.A., Junier,T., Keitel,K., Docquier,M., Guex,N., Iseli,C., Vieille,G., Le Mercier,P., Gleizes,A., Samaka,J., Mlaganile,T., Kagoro,F., Masimba,J., Said,Z., Temba,H., Elbanna,G.H., Tapparel,C., Zanella,M.C., Xenarios,I., Fellay,J., D'Acremont,V. and Kaiser,L.	Blood virosphere in febrile Tanzanian children	Emerg Microbes Infect 10 (1), 982-993 (2021)	Genbank
MN765170	ParvovirusB19-1a	Cordey,S., Laubscher,F., Hartley,M.A., Junier,T., Keitel,K., Docquier,M., Guex,N., Iseli,C., Vieille,G., Le Mercier,P., Gleizes,A., Samaka,J., Mlaganile,T., Kagoro,F., Masimba,J., Said,Z., Temba,H., Elbanna,G.H., Tapparel,C., Zanella,M.C., Xenarios,I., Fellay,J., D'Acremont,V. and Kaiser,L.	Blood virosphere in febrile Tanzanian children	Emerg Microbes Infect 10 (1), 982-993 (2021)	Genbank
MT988400	ParvovirusB19-1a	Toppinen,M., Sajantila,A., Pratas,D., Hedman,K. and Perdomo,M.F.	The Human Bone Marrow Is Host to the DNAs of Several Viruses	Front Cell Infect Microbiol 11, 657245 (2021)	Genbank
MT988402	ParvovirusB19-1a	Toppinen,M., Sajantila,A., Pratas,D., Hedman,K. and Perdomo,M.F.	The Human Bone Marrow Is Host to the DNAs of Several Viruses	Front Cell Infect Microbiol 11, 657245 (2021)	Genbank
MN737621	ParvovirusB19-1a	Yermalovich,M.A., Huebschen,J.M., Sausy,A., Semeiko,G.V. and Samoilovich,E.O.	Genomic analysis of Human Parvovirus B19 circulated in Belarus	Unpublished	Genbank
MN746294	ParvovirusB19-1a	Yermalovich,M.A., Huebschen,J.M., Sausy,A., Semeiko,G.V. and Samoilovich,E.O.	Genomic analysis of Human Parvovirus B19 circulated in Belarus	Unpublished	Genbank
MN746295	ParvovirusB19-1a	Yermalovich,M.A., Huebschen,J.M., Sausy,A., Semeiko,G.V. and Samoilovich,E.O.	Genomic analysis of Human Parvovirus B19 circulated in Belarus	Unpublished	Genbank
MN746296	ParvovirusB19-1a	Yermalovich,M.A., Huebschen,J.M., Sausy,A., Semeiko,G.V. and Samoilovich,E.O.	Genomic analysis of Human Parvovirus B19 circulated in Belarus	Unpublished	Genbank
MT682520	ParvovirusB19-1a	Pratas,D., Toppinen,M., Pyoria,L., Hedman,K., Sajantilla,A. and Perdomo,M.F.	A hybrid pipeline for reconstruction and analysis of viral genomes at multi-organ level	Gigascience (2020) In press	Genbank
MT410185	ParvovirusB19-1a	Toppinen,M., Pratas,D., Vaisanen,E., Soderlund-Venermo,M., Hedman,K., Perdomo,M.F. and Sajantila,A.	The landscape of persistent human DNA viruses in femoral bone	Forensic Sci Int Genet 48, 102353 (2020)	Genbank
MT410187	ParvovirusB19-1a	Toppinen,M., Pratas,D., Vaisanen,E., Soderlund-Venermo,M., Hedman,K., Perdomo,M.F. and Sajantila,A.	The landscape of persistent human DNA viruses in femoral bone	Forensic Sci Int Genet 48, 102353 (2020)	Genbank
MT410189	ParvovirusB19-1a	Toppinen,M., Pratas,D., Vaisanen,E., Soderlund-Venermo,M., Hedman,K., Perdomo,M.F. and Sajantila,A.	The landscape of persistent human DNA viruses in femoral bone	Forensic Sci Int Genet 48, 102353 (2020)	Genbank
MN096573	ParvovirusB19-1a	Yermalovich,M.A., Huebschen,J.M., Sausy,A., Semeiko,G.V. and Samoilovich,E.O.	Genomic Analysis of Human Parvovirus B19 Circulated in Belarus	Unpublished	Genbank
MN096574	ParvovirusB19-1a	Yermalovich,M.A., Huebschen,J.M., Sausy,A., Semeiko,G.V. and Samoilovich,E.O.	Genomic Analysis of Human Parvovirus B19 Circulated in Belarus	Unpublished	Genbank
MN096575	ParvovirusB19-1a	Yermalovich,M.A., Huebschen,J.M., Sausy,A., Semeiko,G.V. and Samoilovich,E.O.	Genomic Analysis of Human Parvovirus B19 Circulated in Belarus	Unpublished	Genbank
MN096576	ParvovirusB19-1a	Yermalovich,M.A., Huebschen,J.M., Sausy,A., Semeiko,G.V. and Samoilovich,E.O.	Genomic Analysis of Human Parvovirus B19 Circulated in Belarus	Unpublished	Genbank
MN105993	ParvovirusB19-1a	Yermalovich,M., Huebschen,J.M., Sausy,A., Semeiko,G.V. and Samoilovich,E.O.	Genomic analysis of Human Parvovirus B19 circulated in Belarus	Unpublished	Genbank
MK989716	ParvovirusB19-1a	Phan,M.V.T., Agoti,C.N., Nokes,D.J. and Cotten,M.	Direct Submission	Submitted (26-MAY-2019) Viral Genomics, Wellcome Trust Sanger Institute, Sulston Building, Hinxton, Cambridge CB10 1SA, United Kingdom	Genbank
MH201455	ParvovirusB19-1a	Matz,B., Kupfer,B., Kallies,R., Kulshammer,M., Flotenmeyer,M., Kreil,T.R. and Eis-Hubinger,A.M.	Genomic analysis of Human Parvovirus B19	Unpublished	Genbank
MH201456	ParvovirusB19-1a	Matz,B., Kupfer,B., Kallies,R., Kulshammer,M., Flotenmeyer,M., Kreil,T.R. and Eis-Hubinger,A.M.	Genomic analysis of Human Parvovirus B19	Unpublished	Genbank
KX752821	ParvovirusB19-1a	Fryer,J.F., Fritzsche,M., Holmes,N. and Nordgren,A.	Genome Sequence of the 3rd WHO International Standard for Parvovirus B19	Unpublished	Genbank
KT310174	ParvovirusB19-1a	Zhang,L., Cai,C., Pan,F., Hong,L., Luo,X., Hu,S., Xu,J. and Chen,Z.	High prevalence of human parvovirus B19 infection in HIV-positive injection drug users in Hangzhou, China	Unpublished	Genbank
KR005640	ParvovirusB19-1a	Stamenkovic,G.G., Nikolic,V.S., Siljic,M.M., Nesic,M.S. and Stanojevic,M.P.	Direct Submission	Submitted (17-MAR-2015) Department of Genetic Research, Institute for Biological Research 'Sinisa Stankovic', Despot Stephan Blvd 142, Belgrade 11000, Serbia	Genbank
KR005641	ParvovirusB19-1a	Stamenkovic,G.G., Nikolic,V.S., Siljic,M.M., Nesic,M.S. and Stanojevic,M.P.	Direct Submission	Submitted (17-MAR-2015) Department of Genetic Research, Institute for Biological Research 'Sinisa Stankovic', Despot Stephan Blvd 142, Belgrade 11000, Serbia	Genbank
KR005642	ParvovirusB19-1a	Stamenkovic,G.G., Nikolic,V.S., Siljic,M.M., Nesic,M.S. and Stanojevic,M.P.	Direct Submission	Submitted (17-MAR-2015) Department of Genetic Research, Institute for Biological Research 'Sinisa Stankovic', Despot Stephan Blvd 142, Belgrade 11000, Serbia	Genbank
KR005643	ParvovirusB19-1a	Joksic,I.D., Stamenkovic,G.G., Nikolic,V.S., Siljic,M.M., Nesic,M.S. and Stanojevic,M.P.	Direct Submission	Submitted (17-MAR-2015) Department of Genetic Research, Institute for Biological Research 'Sinisa Stankovic', Despot Stephan Blvd 142, Belgrade, Serbia 11000, Serbia	Genbank
KR005644	ParvovirusB19-1a	Knezevic,A.M., Stamenkovic,G.G., Nikolic,V.S., Siljic,M.M., Nesic,M.S. and Stanojevic,M.P.	Direct Submission	Submitted (17-MAR-2015) Department of Genetic Research, Institute for Biological Research 'Sinisa Stankovic', Despot Stephan Blvd 142, Belgrade, Serbia 11000, Serbia	Genbank
KT268312	ParvovirusB19-1a	Conteville,L.C., Zanella,L., Marin,M.A., Filippis,A.M., Nogueira,R.M., Vicente,A.C. and Mendonca,M.C.	Parvovirus B19 1A complete genome from a fatal case in Brazil	Mem. Inst. Oswaldo Cruz 110 (6), 820-821 (2015)	Genbank
KM393163	ParvovirusB19-1a	Qiu,Y., Kleiboeker,S. and Li,B.	Genomic analysis of Human Parvovirus B19 Circulated in the United States in 2013	Unpublished	Genbank
KM393164	ParvovirusB19-1a	Qiu,Y., Kleiboeker,S. and Li,B.	Genomic analysis of Human Parvovirus B19 Circulated in the United States in 2013	Unpublished	Genbank
KM393165	ParvovirusB19-1a	Qiu,Y., Kleiboeker,S. and Li,B.	Genomic analysis of Human Parvovirus B19 Circulated in the United States in 2013	Unpublished	Genbank
KM393166	ParvovirusB19-1a	Qiu,Y., Kleiboeker,S. and Li,B.	Genomic analysis of Human Parvovirus B19 Circulated in the United States in 2013	Unpublished	Genbank
KM393167	ParvovirusB19-1a	Qiu,Y., Kleiboeker,S. and Li,B.	Genomic analysis of Human Parvovirus B19 Circulated in the United States in 2013	Unpublished	Genbank
KM393168	ParvovirusB19-1a	Qiu,Y., Kleiboeker,S. and Li,B.	Genomic analysis of Human Parvovirus B19 Circulated in the United States in 2013	Unpublished	Genbank
KM393169	ParvovirusB19-1a	Qiu,Y., Kleiboeker,S. and Li,B.	Genomic analysis of Human Parvovirus B19 Circulated in the United States in 2013	Unpublished	Genbank
KM065414	ParvovirusB19-1a	Trosemeier,J.H., Branting,A., Lukashov,V.V., Blumel,J. and Baylis,S.A.	Genome sequences of parvovirus b19 reference strains	Genome Announc 2 (5) (2014)	Genbank
KM065415	ParvovirusB19-1a	Trosemeier,J.H., Branting,A., Lukashov,V.V., Blumel,J. and Baylis,S.A.	Genome sequences of parvovirus b19 reference strains	Genome Announc 2 (5) (2014)	Genbank
KC013303	ParvovirusB19-1a	da Costa,A.C., Bendit,I., de Oliveira,A.C., Kallas,E.G., Sabino,E.C. and Sanabani,S.S.	Investigation of human parvovirus B19 occurrence and genetic variability in different leukaemia entities	Clin. Microbiol. Infect. 19 (1), E31-E43 (2013)	Genbank
KC013305	ParvovirusB19-1a	da Costa,A.C., Bendit,I., de Oliveira,A.C., Kallas,E.G., Sabino,E.C. and Sanabani,S.S.	Investigation of human parvovirus B19 occurrence and genetic variability in different leukaemia entities	Clin. Microbiol. Infect. 19 (1), E31-E43 (2013)	Genbank
KC013308	ParvovirusB19-1a	da Costa,A.C., Bendit,I., de Oliveira,A.C., Kallas,E.G., Sabino,E.C. and Sanabani,S.S.	Investigation of human parvovirus B19 occurrence and genetic variability in different leukaemia entities	Clin. Microbiol. Infect. 19 (1), E31-E43 (2013)	Genbank
KC013312	ParvovirusB19-1a	da Costa,A.C., Bendit,I., de Oliveira,A.C., Kallas,E.G., Sabino,E.C. and Sanabani,S.S.	Investigation of human parvovirus B19 occurrence and genetic variability in different leukaemia entities	Clin. Microbiol. Infect. 19 (1), E31-E43 (2013)	Genbank
KC013313	ParvovirusB19-1a	da Costa,A.C., Bendit,I., de Oliveira,A.C., Kallas,E.G., Sabino,E.C. and Sanabani,S.S.	Investigation of human parvovirus B19 occurrence and genetic variability in different leukaemia entities	Clin. Microbiol. Infect. 19 (1), E31-E43 (2013)	Genbank
KC013314	ParvovirusB19-1a	da Costa,A.C., Bendit,I., de Oliveira,A.C., Kallas,E.G., Sabino,E.C. and Sanabani,S.S.	Investigation of human parvovirus B19 occurrence and genetic variability in different leukaemia entities	Clin. Microbiol. Infect. 19 (1), E31-E43 (2013)	Genbank
KC013316	ParvovirusB19-1a	da Costa,A.C., Bendit,I., de Oliveira,A.C., Kallas,E.G., Sabino,E.C. and Sanabani,S.S.	Investigation of human parvovirus B19 occurrence and genetic variability in different leukaemia entities	Clin. Microbiol. Infect. 19 (1), E31-E43 (2013)	Genbank
KC013321	ParvovirusB19-1a	da Costa,A.C., Bendit,I., de Oliveira,A.C., Kallas,E.G., Sabino,E.C. and Sanabani,S.S.	Investigation of human parvovirus B19 occurrence and genetic variability in different leukaemia entities	Clin. Microbiol. Infect. 19 (1), E31-E43 (2013)	Genbank
KC013322	ParvovirusB19-1a	da Costa,A.C., Bendit,I., de Oliveira,A.C., Kallas,E.G., Sabino,E.C. and Sanabani,S.S.	Investigation of human parvovirus B19 occurrence and genetic variability in different leukaemia entities	Clin. Microbiol. Infect. 19 (1), E31-E43 (2013)	Genbank
KC013324	ParvovirusB19-1a	da Costa,A.C., Bendit,I., de Oliveira,A.C., Kallas,E.G., Sabino,E.C. and Sanabani,S.S.	Investigation of human parvovirus B19 occurrence and genetic variability in different leukaemia entities	Clin. Microbiol. Infect. 19 (1), E31-E43 (2013)	Genbank
KC013325	ParvovirusB19-1a	da Costa,A.C., Bendit,I., de Oliveira,A.C., Kallas,E.G., Sabino,E.C. and Sanabani,S.S.	Investigation of human parvovirus B19 occurrence and genetic variability in different leukaemia entities	Clin. Microbiol. Infect. 19 (1), E31-E43 (2013)	Genbank
KC013327	ParvovirusB19-1a	da Costa,A.C., Bendit,I., de Oliveira,A.C., Kallas,E.G., Sabino,E.C. and Sanabani,S.S.	Investigation of human parvovirus B19 occurrence and genetic variability in different leukaemia entities	Clin. Microbiol. Infect. 19 (1), E31-E43 (2013)	Genbank
KC013329	ParvovirusB19-1a	da Costa,A.C., Bendit,I., de Oliveira,A.C., Kallas,E.G., Sabino,E.C. and Sanabani,S.S.	Investigation of human parvovirus B19 occurrence and genetic variability in different leukaemia entities	Clin. Microbiol. Infect. 19 (1), E31-E43 (2013)	Genbank
KC013331	ParvovirusB19-1a	da Costa,A.C., Bendit,I., de Oliveira,A.C., Kallas,E.G., Sabino,E.C. and Sanabani,S.S.	Investigation of human parvovirus B19 occurrence and genetic variability in different leukaemia entities	Clin. Microbiol. Infect. 19 (1), E31-E43 (2013)	Genbank
KC013332	ParvovirusB19-1a	da Costa,A.C., Bendit,I., de Oliveira,A.C., Kallas,E.G., Sabino,E.C. and Sanabani,S.S.	Investigation of human parvovirus B19 occurrence and genetic variability in different leukaemia entities	Clin. Microbiol. Infect. 19 (1), E31-E43 (2013)	Genbank
KC013333	ParvovirusB19-1a	da Costa,A.C., Bendit,I., de Oliveira,A.C., Kallas,E.G., Sabino,E.C. and Sanabani,S.S.	Investigation of human parvovirus B19 occurrence and genetic variability in different leukaemia entities	Clin. Microbiol. Infect. 19 (1), E31-E43 (2013)	Genbank
KC013338	ParvovirusB19-1a	da Costa,A.C., Bendit,I., de Oliveira,A.C., Kallas,E.G., Sabino,E.C. and Sanabani,S.S.	Investigation of human parvovirus B19 occurrence and genetic variability in different leukaemia entities	Clin. Microbiol. Infect. 19 (1), E31-E43 (2013)	Genbank
KC013340	ParvovirusB19-1a	da Costa,A.C., Bendit,I., de Oliveira,A.C., Kallas,E.G., Sabino,E.C. and Sanabani,S.S.	Investigation of human parvovirus B19 occurrence and genetic variability in different leukaemia entities	Clin. Microbiol. Infect. 19 (1), E31-E43 (2013)	Genbank
KC013343	ParvovirusB19-1a	da Costa,A.C., Bendit,I., de Oliveira,A.C., Kallas,E.G., Sabino,E.C. and Sanabani,S.S.	Investigation of human parvovirus B19 occurrence and genetic variability in different leukaemia entities	Clin. Microbiol. Infect. 19 (1), E31-E43 (2013)	Genbank
KC013344	ParvovirusB19-1a	da Costa,A.C., Bendit,I., de Oliveira,A.C., Kallas,E.G., Sabino,E.C. and Sanabani,S.S.	Investigation of human parvovirus B19 occurrence and genetic variability in different leukaemia entities	Clin. Microbiol. Infect. 19 (1), E31-E43 (2013)	Genbank
KC013346	ParvovirusB19-1a	da Costa,A.C., Bendit,I., de Oliveira,A.C., Kallas,E.G., Sabino,E.C. and Sanabani,S.S.	Investigation of human parvovirus B19 occurrence and genetic variability in different leukaemia entities	Clin. Microbiol. Infect. 19 (1), E31-E43 (2013)	Genbank
KC013351	ParvovirusB19-1a	da Costa,A.C., Bendit,I., de Oliveira,A.C., Kallas,E.G., Sabino,E.C. and Sanabani,S.S.	Investigation of human parvovirus B19 occurrence and genetic variability in different leukaemia entities	Clin. Microbiol. Infect. 19 (1), E31-E43 (2013)	Genbank
JN211121	ParvovirusB19-1a	Molenaar-de Backer,M.W., Lukashov,V.V., van Binnendijk,R.S., Boot,H.J. and Zaaijer,H.L.	Global co-existence of two evolutionary lineages of parvovirus b19 1a, different in genome-wide synonymous positions	PLoS ONE 7 (8), E43206 (2012)	Genbank
JN211122	ParvovirusB19-1a	Molenaar-de Backer,M.W., Lukashov,V.V., van Binnendijk,R.S., Boot,H.J. and Zaaijer,H.L.	Global co-existence of two evolutionary lineages of parvovirus b19 1a, different in genome-wide synonymous positions	PLoS ONE 7 (8), E43206 (2012)	Genbank
JN211123	ParvovirusB19-1a	Molenaar-de Backer,M.W., Lukashov,V.V., van Binnendijk,R.S., Boot,H.J. and Zaaijer,H.L.	Global co-existence of two evolutionary lineages of parvovirus b19 1a, different in genome-wide synonymous positions	PLoS ONE 7 (8), E43206 (2012)	Genbank
JN211124	ParvovirusB19-1a	Molenaar-de Backer,M.W., Lukashov,V.V., van Binnendijk,R.S., Boot,H.J. and Zaaijer,H.L.	Global co-existence of two evolutionary lineages of parvovirus b19 1a, different in genome-wide synonymous positions	PLoS ONE 7 (8), E43206 (2012)	Genbank
JN211125	ParvovirusB19-1a	Molenaar-de Backer,M.W., Lukashov,V.V., van Binnendijk,R.S., Boot,H.J. and Zaaijer,H.L.	Global co-existence of two evolutionary lineages of parvovirus b19 1a, different in genome-wide synonymous positions	PLoS ONE 7 (8), E43206 (2012)	Genbank
JN211126	ParvovirusB19-1a	Molenaar-de Backer,M.W., Lukashov,V.V., van Binnendijk,R.S., Boot,H.J. and Zaaijer,H.L.	Global co-existence of two evolutionary lineages of parvovirus b19 1a, different in genome-wide synonymous positions	PLoS ONE 7 (8), E43206 (2012)	Genbank
JN211127	ParvovirusB19-1a	Molenaar-de Backer,M.W., Lukashov,V.V., van Binnendijk,R.S., Boot,H.J. and Zaaijer,H.L.	Global co-existence of two evolutionary lineages of parvovirus b19 1a, different in genome-wide synonymous positions	PLoS ONE 7 (8), E43206 (2012)	Genbank
JN211128	ParvovirusB19-1a	Molenaar-de Backer,M.W., Lukashov,V.V., van Binnendijk,R.S., Boot,H.J. and Zaaijer,H.L.	Global co-existence of two evolutionary lineages of parvovirus b19 1a, different in genome-wide synonymous positions	PLoS ONE 7 (8), E43206 (2012)	Genbank
JN211129	ParvovirusB19-1a	Molenaar-de Backer,M.W., Lukashov,V.V., van Binnendijk,R.S., Boot,H.J. and Zaaijer,H.L.	Global co-existence of two evolutionary lineages of parvovirus b19 1a, different in genome-wide synonymous positions	PLoS ONE 7 (8), E43206 (2012)	Genbank
JN211130	ParvovirusB19-1a	Molenaar-de Backer,M.W., Lukashov,V.V., van Binnendijk,R.S., Boot,H.J. and Zaaijer,H.L.	Global co-existence of two evolutionary lineages of parvovirus b19 1a, different in genome-wide synonymous positions	PLoS ONE 7 (8), E43206 (2012)	Genbank
JN211131	ParvovirusB19-1a	Molenaar-de Backer,M.W., Lukashov,V.V., van Binnendijk,R.S., Boot,H.J. and Zaaijer,H.L.	Global co-existence of two evolutionary lineages of parvovirus b19 1a, different in genome-wide synonymous positions	PLoS ONE 7 (8), E43206 (2012)	Genbank
JN211132	ParvovirusB19-1a	Molenaar-de Backer,M.W., Lukashov,V.V., van Binnendijk,R.S., Boot,H.J. and Zaaijer,H.L.	Global co-existence of two evolutionary lineages of parvovirus b19 1a, different in genome-wide synonymous positions	PLoS ONE 7 (8), E43206 (2012)	Genbank
JN211133	ParvovirusB19-1a	Molenaar-de Backer,M.W., Lukashov,V.V., van Binnendijk,R.S., Boot,H.J. and Zaaijer,H.L.	Global co-existence of two evolutionary lineages of parvovirus b19 1a, different in genome-wide synonymous positions	PLoS ONE 7 (8), E43206 (2012)	Genbank
JN211134	ParvovirusB19-1a	Molenaar-de Backer,M.W., Lukashov,V.V., van Binnendijk,R.S., Boot,H.J. and Zaaijer,H.L.	Global co-existence of two evolutionary lineages of parvovirus b19 1a, different in genome-wide synonymous positions	PLoS ONE 7 (8), E43206 (2012)	Genbank
JN211135	ParvovirusB19-1a	Molenaar-de Backer,M.W., Lukashov,V.V., van Binnendijk,R.S., Boot,H.J. and Zaaijer,H.L.	Global co-existence of two evolutionary lineages of parvovirus b19 1a, different in genome-wide synonymous positions	PLoS ONE 7 (8), E43206 (2012)	Genbank
JN211136	ParvovirusB19-1a	Molenaar-de Backer,M.W., Lukashov,V.V., van Binnendijk,R.S., Boot,H.J. and Zaaijer,H.L.	Global co-existence of two evolutionary lineages of parvovirus b19 1a, different in genome-wide synonymous positions	PLoS ONE 7 (8), E43206 (2012)	Genbank
JN211137	ParvovirusB19-1a	Molenaar-de Backer,M.W., Lukashov,V.V., van Binnendijk,R.S., Boot,H.J. and Zaaijer,H.L.	Global co-existence of two evolutionary lineages of parvovirus b19 1a, different in genome-wide synonymous positions	PLoS ONE 7 (8), E43206 (2012)	Genbank
JN211138	ParvovirusB19-1a	Molenaar-de Backer,M.W., Lukashov,V.V., van Binnendijk,R.S., Boot,H.J. and Zaaijer,H.L.	Global co-existence of two evolutionary lineages of parvovirus b19 1a, different in genome-wide synonymous positions	PLoS ONE 7 (8), E43206 (2012)	Genbank
JN211139	ParvovirusB19-1a	Molenaar-de Backer,M.W., Lukashov,V.V., van Binnendijk,R.S., Boot,H.J. and Zaaijer,H.L.	Global co-existence of two evolutionary lineages of parvovirus b19 1a, different in genome-wide synonymous positions	PLoS ONE 7 (8), E43206 (2012)	Genbank
JN211140	ParvovirusB19-1a	Molenaar-de Backer,M.W., Lukashov,V.V., van Binnendijk,R.S., Boot,H.J. and Zaaijer,H.L.	Global co-existence of two evolutionary lineages of parvovirus b19 1a, different in genome-wide synonymous positions	PLoS ONE 7 (8), E43206 (2012)	Genbank
JN211141	ParvovirusB19-1a	Molenaar-de Backer,M.W., Lukashov,V.V., van Binnendijk,R.S., Boot,H.J. and Zaaijer,H.L.	Global co-existence of two evolutionary lineages of parvovirus b19 1a, different in genome-wide synonymous positions	PLoS ONE 7 (8), E43206 (2012)	Genbank
JN211142	ParvovirusB19-1a	Molenaar-de Backer,M.W., Lukashov,V.V., van Binnendijk,R.S., Boot,H.J. and Zaaijer,H.L.	Global co-existence of two evolutionary lineages of parvovirus b19 1a, different in genome-wide synonymous positions	PLoS ONE 7 (8), E43206 (2012)	Genbank
JN211143	ParvovirusB19-1a	Molenaar-de Backer,M.W., Lukashov,V.V., van Binnendijk,R.S., Boot,H.J. and Zaaijer,H.L.	Global co-existence of two evolutionary lineages of parvovirus b19 1a, different in genome-wide synonymous positions	PLoS ONE 7 (8), E43206 (2012)	Genbank
JN211144	ParvovirusB19-1a	Molenaar-de Backer,M.W., Lukashov,V.V., van Binnendijk,R.S., Boot,H.J. and Zaaijer,H.L.	Global co-existence of two evolutionary lineages of parvovirus b19 1a, different in genome-wide synonymous positions	PLoS ONE 7 (8), E43206 (2012)	Genbank
JN211145	ParvovirusB19-1a	Molenaar-de Backer,M.W., Lukashov,V.V., van Binnendijk,R.S., Boot,H.J. and Zaaijer,H.L.	Global co-existence of two evolutionary lineages of parvovirus b19 1a, different in genome-wide synonymous positions	PLoS ONE 7 (8), E43206 (2012)	Genbank
JN211146	ParvovirusB19-1a	Molenaar-de Backer,M.W., Lukashov,V.V., van Binnendijk,R.S., Boot,H.J. and Zaaijer,H.L.	Global co-existence of two evolutionary lineages of parvovirus b19 1a, different in genome-wide synonymous positions	PLoS ONE 7 (8), E43206 (2012)	Genbank
JN211147	ParvovirusB19-1a	Molenaar-de Backer,M.W., Lukashov,V.V., van Binnendijk,R.S., Boot,H.J. and Zaaijer,H.L.	Global co-existence of two evolutionary lineages of parvovirus b19 1a, different in genome-wide synonymous positions	PLoS ONE 7 (8), E43206 (2012)	Genbank
JN211148	ParvovirusB19-1a	Molenaar-de Backer,M.W., Lukashov,V.V., van Binnendijk,R.S., Boot,H.J. and Zaaijer,H.L.	Global co-existence of two evolutionary lineages of parvovirus b19 1a, different in genome-wide synonymous positions	PLoS ONE 7 (8), E43206 (2012)	Genbank
JN211149	ParvovirusB19-1a	Molenaar-de Backer,M.W., Lukashov,V.V., van Binnendijk,R.S., Boot,H.J. and Zaaijer,H.L.	Global co-existence of two evolutionary lineages of parvovirus b19 1a, different in genome-wide synonymous positions	PLoS ONE 7 (8), E43206 (2012)	Genbank
JN211150	ParvovirusB19-1a	Molenaar-de Backer,M.W., Lukashov,V.V., van Binnendijk,R.S., Boot,H.J. and Zaaijer,H.L.	Global co-existence of two evolutionary lineages of parvovirus b19 1a, different in genome-wide synonymous positions	PLoS ONE 7 (8), E43206 (2012)	Genbank
JN211151	ParvovirusB19-1a	Molenaar-de Backer,M.W., Lukashov,V.V., van Binnendijk,R.S., Boot,H.J. and Zaaijer,H.L.	Global co-existence of two evolutionary lineages of parvovirus b19 1a, different in genome-wide synonymous positions	PLoS ONE 7 (8), E43206 (2012)	Genbank
JN211152	ParvovirusB19-1a	Molenaar-de Backer,M.W., Lukashov,V.V., van Binnendijk,R.S., Boot,H.J. and Zaaijer,H.L.	Global co-existence of two evolutionary lineages of parvovirus b19 1a, different in genome-wide synonymous positions	PLoS ONE 7 (8), E43206 (2012)	Genbank
JN211153	ParvovirusB19-1a	Molenaar-de Backer,M.W., Lukashov,V.V., van Binnendijk,R.S., Boot,H.J. and Zaaijer,H.L.	Global co-existence of two evolutionary lineages of parvovirus b19 1a, different in genome-wide synonymous positions	PLoS ONE 7 (8), E43206 (2012)	Genbank
JN211154	ParvovirusB19-1a	Molenaar-de Backer,M.W., Lukashov,V.V., van Binnendijk,R.S., Boot,H.J. and Zaaijer,H.L.	Global co-existence of two evolutionary lineages of parvovirus b19 1a, different in genome-wide synonymous positions	PLoS ONE 7 (8), E43206 (2012)	Genbank
JN211155	ParvovirusB19-1a	Molenaar-de Backer,M.W., Lukashov,V.V., van Binnendijk,R.S., Boot,H.J. and Zaaijer,H.L.	Global co-existence of two evolutionary lineages of parvovirus b19 1a, different in genome-wide synonymous positions	PLoS ONE 7 (8), E43206 (2012)	Genbank
JN211156	ParvovirusB19-1a	Molenaar-de Backer,M.W., Lukashov,V.V., van Binnendijk,R.S., Boot,H.J. and Zaaijer,H.L.	Global co-existence of two evolutionary lineages of parvovirus b19 1a, different in genome-wide synonymous positions	PLoS ONE 7 (8), E43206 (2012)	Genbank
JN211157	ParvovirusB19-1a	Molenaar-de Backer,M.W., Lukashov,V.V., van Binnendijk,R.S., Boot,H.J. and Zaaijer,H.L.	Global co-existence of two evolutionary lineages of parvovirus b19 1a, different in genome-wide synonymous positions	PLoS ONE 7 (8), E43206 (2012)	Genbank
JN211158	ParvovirusB19-1a	Molenaar-de Backer,M.W., Lukashov,V.V., van Binnendijk,R.S., Boot,H.J. and Zaaijer,H.L.	Global co-existence of two evolutionary lineages of parvovirus b19 1a, different in genome-wide synonymous positions	PLoS ONE 7 (8), E43206 (2012)	Genbank
JN211159	ParvovirusB19-1a	Molenaar-de Backer,M.W., Lukashov,V.V., van Binnendijk,R.S., Boot,H.J. and Zaaijer,H.L.	Global co-existence of two evolutionary lineages of parvovirus b19 1a, different in genome-wide synonymous positions	PLoS ONE 7 (8), E43206 (2012)	Genbank
JN211160	ParvovirusB19-1a	Molenaar-de Backer,M.W., Lukashov,V.V., van Binnendijk,R.S., Boot,H.J. and Zaaijer,H.L.	Global co-existence of two evolutionary lineages of parvovirus b19 1a, different in genome-wide synonymous positions	PLoS ONE 7 (8), E43206 (2012)	Genbank
JN211161	ParvovirusB19-1a	Molenaar-de Backer,M.W., Lukashov,V.V., van Binnendijk,R.S., Boot,H.J. and Zaaijer,H.L.	Global co-existence of two evolutionary lineages of parvovirus b19 1a, different in genome-wide synonymous positions	PLoS ONE 7 (8), E43206 (2012)	Genbank
JN211162	ParvovirusB19-1a	Molenaar-de Backer,M.W., Lukashov,V.V., van Binnendijk,R.S., Boot,H.J. and Zaaijer,H.L.	Global co-existence of two evolutionary lineages of parvovirus b19 1a, different in genome-wide synonymous positions	PLoS ONE 7 (8), E43206 (2012)	Genbank
JN211163	ParvovirusB19-1a	Molenaar-de Backer,M.W., Lukashov,V.V., van Binnendijk,R.S., Boot,H.J. and Zaaijer,H.L.	Global co-existence of two evolutionary lineages of parvovirus b19 1a, different in genome-wide synonymous positions	PLoS ONE 7 (8), E43206 (2012)	Genbank
JN211164	ParvovirusB19-1a	Molenaar-de Backer,M.W., Lukashov,V.V., van Binnendijk,R.S., Boot,H.J. and Zaaijer,H.L.	Global co-existence of two evolutionary lineages of parvovirus b19 1a, different in genome-wide synonymous positions	PLoS ONE 7 (8), E43206 (2012)	Genbank
JN211165	ParvovirusB19-1a	Molenaar-de Backer,M.W., Lukashov,V.V., van Binnendijk,R.S., Boot,H.J. and Zaaijer,H.L.	Global co-existence of two evolutionary lineages of parvovirus b19 1a, different in genome-wide synonymous positions	PLoS ONE 7 (8), E43206 (2012)	Genbank
JN211166	ParvovirusB19-1a	Molenaar-de Backer,M.W., Lukashov,V.V., van Binnendijk,R.S., Boot,H.J. and Zaaijer,H.L.	Global co-existence of two evolutionary lineages of parvovirus b19 1a, different in genome-wide synonymous positions	PLoS ONE 7 (8), E43206 (2012)	Genbank
JN211167	ParvovirusB19-1a	Molenaar-de Backer,M.W., Lukashov,V.V., van Binnendijk,R.S., Boot,H.J. and Zaaijer,H.L.	Global co-existence of two evolutionary lineages of parvovirus b19 1a, different in genome-wide synonymous positions	PLoS ONE 7 (8), E43206 (2012)	Genbank
JN211168	ParvovirusB19-1a	Molenaar-de Backer,M.W., Lukashov,V.V., van Binnendijk,R.S., Boot,H.J. and Zaaijer,H.L.	Global co-existence of two evolutionary lineages of parvovirus b19 1a, different in genome-wide synonymous positions	PLoS ONE 7 (8), E43206 (2012)	Genbank
JN211169	ParvovirusB19-1a	Molenaar-de Backer,M.W., Lukashov,V.V., van Binnendijk,R.S., Boot,H.J. and Zaaijer,H.L.	Global co-existence of two evolutionary lineages of parvovirus b19 1a, different in genome-wide synonymous positions	PLoS ONE 7 (8), E43206 (2012)	Genbank
JN211170	ParvovirusB19-1a	Molenaar-de Backer,M.W., Lukashov,V.V., van Binnendijk,R.S., Boot,H.J. and Zaaijer,H.L.	Global co-existence of two evolutionary lineages of parvovirus b19 1a, different in genome-wide synonymous positions	PLoS ONE 7 (8), E43206 (2012)	Genbank
JN211171	ParvovirusB19-1a	Molenaar-de Backer,M.W., Lukashov,V.V., van Binnendijk,R.S., Boot,H.J. and Zaaijer,H.L.	Global co-existence of two evolutionary lineages of parvovirus b19 1a, different in genome-wide synonymous positions	PLoS ONE 7 (8), E43206 (2012)	Genbank
JN211172	ParvovirusB19-1a	Molenaar-de Backer,M.W., Lukashov,V.V., van Binnendijk,R.S., Boot,H.J. and Zaaijer,H.L.	Global co-existence of two evolutionary lineages of parvovirus b19 1a, different in genome-wide synonymous positions	PLoS ONE 7 (8), E43206 (2012)	Genbank
JN211173	ParvovirusB19-1a	Molenaar-de Backer,M.W., Lukashov,V.V., van Binnendijk,R.S., Boot,H.J. and Zaaijer,H.L.	Global co-existence of two evolutionary lineages of parvovirus b19 1a, different in genome-wide synonymous positions	PLoS ONE 7 (8), E43206 (2012)	Genbank
JN211174	ParvovirusB19-1a	Molenaar-de Backer,M.W., Lukashov,V.V., van Binnendijk,R.S., Boot,H.J. and Zaaijer,H.L.	Global co-existence of two evolutionary lineages of parvovirus b19 1a, different in genome-wide synonymous positions	PLoS ONE 7 (8), E43206 (2012)	Genbank
JN211175	ParvovirusB19-1a	Molenaar-de Backer,M.W., Lukashov,V.V., van Binnendijk,R.S., Boot,H.J. and Zaaijer,H.L.	Global co-existence of two evolutionary lineages of parvovirus b19 1a, different in genome-wide synonymous positions	PLoS ONE 7 (8), E43206 (2012)	Genbank
JN211176	ParvovirusB19-1a	Molenaar-de Backer,M.W., Lukashov,V.V., van Binnendijk,R.S., Boot,H.J. and Zaaijer,H.L.	Global co-existence of two evolutionary lineages of parvovirus b19 1a, different in genome-wide synonymous positions	PLoS ONE 7 (8), E43206 (2012)	Genbank
JN211177	ParvovirusB19-1a	Molenaar-de Backer,M.W., Lukashov,V.V., van Binnendijk,R.S., Boot,H.J. and Zaaijer,H.L.	Global co-existence of two evolutionary lineages of parvovirus b19 1a, different in genome-wide synonymous positions	PLoS ONE 7 (8), E43206 (2012)	Genbank
JN211178	ParvovirusB19-1a	Molenaar-de Backer,M.W., Lukashov,V.V., van Binnendijk,R.S., Boot,H.J. and Zaaijer,H.L.	Global co-existence of two evolutionary lineages of parvovirus b19 1a, different in genome-wide synonymous positions	PLoS ONE 7 (8), E43206 (2012)	Genbank
JN211179	ParvovirusB19-1a	Molenaar-de Backer,M.W., Lukashov,V.V., van Binnendijk,R.S., Boot,H.J. and Zaaijer,H.L.	Global co-existence of two evolutionary lineages of parvovirus b19 1a, different in genome-wide synonymous positions	PLoS ONE 7 (8), E43206 (2012)	Genbank
JN211180	ParvovirusB19-1a	Molenaar-de Backer,M.W., Lukashov,V.V., van Binnendijk,R.S., Boot,H.J. and Zaaijer,H.L.	Global co-existence of two evolutionary lineages of parvovirus b19 1a, different in genome-wide synonymous positions	PLoS ONE 7 (8), E43206 (2012)	Genbank
JN211181	ParvovirusB19-1a	Molenaar-de Backer,M.W., Lukashov,V.V., van Binnendijk,R.S., Boot,H.J. and Zaaijer,H.L.	Global co-existence of two evolutionary lineages of parvovirus b19 1a, different in genome-wide synonymous positions	PLoS ONE 7 (8), E43206 (2012)	Genbank
JN211182	ParvovirusB19-1a	Molenaar-de Backer,M.W., Lukashov,V.V., van Binnendijk,R.S., Boot,H.J. and Zaaijer,H.L.	Global co-existence of two evolutionary lineages of parvovirus b19 1a, different in genome-wide synonymous positions	PLoS ONE 7 (8), E43206 (2012)	Genbank
JN211183	ParvovirusB19-1a	Molenaar-de Backer,M.W., Lukashov,V.V., van Binnendijk,R.S., Boot,H.J. and Zaaijer,H.L.	Global co-existence of two evolutionary lineages of parvovirus b19 1a, different in genome-wide synonymous positions	PLoS ONE 7 (8), E43206 (2012)	Genbank
JN211184	ParvovirusB19-1a	Molenaar-de Backer,M.W., Lukashov,V.V., van Binnendijk,R.S., Boot,H.J. and Zaaijer,H.L.	Global co-existence of two evolutionary lineages of parvovirus b19 1a, different in genome-wide synonymous positions	PLoS ONE 7 (8), E43206 (2012)	Genbank
JN211185	ParvovirusB19-1a	Molenaar-de Backer,M.W., Lukashov,V.V., van Binnendijk,R.S., Boot,H.J. and Zaaijer,H.L.	Global co-existence of two evolutionary lineages of parvovirus b19 1a, different in genome-wide synonymous positions	PLoS ONE 7 (8), E43206 (2012)	Genbank
FN669502	ParvovirusB19-1a	Dina,J., Villedieu,F., Labombarda,F., Freymuth,F., de la Gastine,G., Jokic,M. and Vabret,A.	Childhood myocarditis and parvovirus B19 genotypes	J. Clin. Virol. 50 (1), 61-64 (2011)	Genbank
FN669503	ParvovirusB19-1a	Dina,J., Villedieu,F., Labombarda,F., Freymuth,F., de la Gastine,G., Jokic,M. and Vabret,A.	Childhood myocarditis and parvovirus B19 genotypes	J. Clin. Virol. 50 (1), 61-64 (2011)	Genbank
FN669504	ParvovirusB19-1a	Dina,J., Villedieu,F., Labombarda,F., Freymuth,F., de la Gastine,G., Jokic,M. and Vabret,A.	Childhood myocarditis and parvovirus B19 genotypes	J. Clin. Virol. 50 (1), 61-64 (2011)	Genbank
FN669505	ParvovirusB19-1a	Dina,J., Villedieu,F., Labombarda,F., Freymuth,F., de la Gastine,G., Jokic,M. and Vabret,A.	Childhood myocarditis and parvovirus B19 genotypes	J. Clin. Virol. 50 (1), 61-64 (2011)	Genbank
FN669506	ParvovirusB19-1a	Dina,J., Villedieu,F., Labombarda,F., Freymuth,F., de la Gastine,G., Jokic,M. and Vabret,A.	Childhood myocarditis and parvovirus B19 genotypes	J. Clin. Virol. 50 (1), 61-64 (2011)	Genbank
FN669507	ParvovirusB19-1a	Dina,J., Villedieu,F., Labombarda,F., Freymuth,F., de la Gastine,G., Jokic,M. and Vabret,A.	Childhood myocarditis and parvovirus B19 genotypes	J. Clin. Virol. 50 (1), 61-64 (2011)	Genbank
FN598217	ParvovirusB19-1a	Op de Beeck,A., Caillet-Fauquet,P., Baurin,S. and Laub,R.	Parvovirus B19 progeny after successful succesive Hepatoblastoma subcultures	Unpublished	Genbank
FN598218	ParvovirusB19-1a	Op de Beeck,A., Caillet-Fauquet,P., Baurin,S. and Laub,R.	Parvovirus B19 progeny after successful succesive Hepatoblastoma subcultures	Unpublished	Genbank
FJ591158	ParvovirusB19-1a	Chen,Z., Guan,W., Kleiboeker,S. and Qiu,J.	Molecular characterization of three novel Erythroviruses	Unpublished	Genbank
DQ408301	ParvovirusB19-1a	Schneider,B., Hone,A., Tolba,R.H., Fischer,H.P., Blumel,J. and Eis-Hubinger,A.M.	Simultaneous persistence of multiple genome variants of human parvovirus B19	J. Gen. Virol. 89 (PT 1), 164-176 (2008)	Genbank
DQ293995	ParvovirusB19-1a	Parsyan,A., Kerr,S., Owusu-Ofori,S., Elliott,G. and Allain,J.P.	Reactivity of genotype-specific recombinant proteins of human erythrovirus B19 with plasmas from areas where genotype 1 or 3 is endemic	J. Clin. Microbiol. 44 (4), 1367-1375 (2006)	Genbank
DQ225148	ParvovirusB19-1a	Toan,N.L., Duechting,A., Kremsner,P.G., Song,L.H., Ebinger,M., Aberle,S., Binh,V.Q., Duy,D.N., Torresi,J., Kandolf,R. and Bock,C.T.	Phylogenetic analysis of human parvovirus B19, indicating two subgroups of genotype 1 in Vietnamese patients	J. Gen. Virol. 87 (PT 10), 2941-2949 (2006)	Genbank
DQ225149	ParvovirusB19-1a	Toan,N.L., Duechting,A., Kremsner,P.G., Song,L.H., Ebinger,M., Aberle,S., Binh,V.Q., Duy,D.N., Torresi,J., Kandolf,R. and Bock,C.T.	Phylogenetic analysis of human parvovirus B19, indicating two subgroups of genotype 1 in Vietnamese patients	J. Gen. Virol. 87 (PT 10), 2941-2949 (2006)	Genbank
DQ225150	ParvovirusB19-1a	Toan,N.L., Duechting,A., Kremsner,P.G., Song,L.H., Ebinger,M., Aberle,S., Binh,V.Q., Duy,D.N., Torresi,J., Kandolf,R. and Bock,C.T.	Phylogenetic analysis of human parvovirus B19, indicating two subgroups of genotype 1 in Vietnamese patients	J. Gen. Virol. 87 (PT 10), 2941-2949 (2006)	Genbank
DQ225151	ParvovirusB19-1a	Toan,N.L., Duechting,A., Kremsner,P.G., Song,L.H., Ebinger,M., Aberle,S., Binh,V.Q., Duy,D.N., Torresi,J., Kandolf,R. and Bock,C.T.	Phylogenetic analysis of human parvovirus B19, indicating two subgroups of genotype 1 in Vietnamese patients	J. Gen. Virol. 87 (PT 10), 2941-2949 (2006)	Genbank
AJ781031	ParvovirusB19-1a	Plentz,A., Hahn,J., Holler,E., Jilg,W. and Modrow,S.	Long-term parvovirus B19 viraemia associated with pure red cell aplasia after allogeneic bone marrow transplantation	J. Clin. Virol. 31 (1), 16-19 (2004)	Genbank
AJ781032	ParvovirusB19-1a	Plentz,A., Hahn,J., Holler,E., Jilg,W. and Modrow,S.	Long-term parvovirus B19 viraemia associated with pure red cell aplasia after allogeneic bone marrow transplantation	J. Clin. Virol. 31 (1), 16-19 (2004)	Genbank
AJ781033	ParvovirusB19-1a	Plentz,A., Hahn,J., Holler,E., Jilg,W. and Modrow,S.	Long-term parvovirus B19 viraemia associated with pure red cell aplasia after allogeneic bone marrow transplantation	J. Clin. Virol. 31 (1), 16-19 (2004)	Genbank
AJ781034	ParvovirusB19-1a	Plentz,A., Hahn,J., Holler,E., Jilg,W. and Modrow,S.	Long-term parvovirus B19 viraemia associated with pure red cell aplasia after allogeneic bone marrow transplantation	J. Clin. Virol. 31 (1), 16-19 (2004)	Genbank
AJ781035	ParvovirusB19-1a	Plentz,A., Hahn,J., Holler,E., Jilg,W. and Modrow,S.	Long-term parvovirus B19 viraemia associated with pure red cell aplasia after allogeneic bone marrow transplantation	J. Clin. Virol. 31 (1), 16-19 (2004)	Genbank
AJ781036	ParvovirusB19-1a	Plentz,A., Hahn,J., Holler,E., Jilg,W. and Modrow,S.	Long-term parvovirus B19 viraemia associated with pure red cell aplasia after allogeneic bone marrow transplantation	J. Clin. Virol. 31 (1), 16-19 (2004)	Genbank
AJ781037	ParvovirusB19-1a	Plentz,A., Hahn,J., Holler,E., Jilg,W. and Modrow,S.	Long-term parvovirus B19 viraemia associated with pure red cell aplasia after allogeneic bone marrow transplantation	J. Clin. Virol. 31 (1), 16-19 (2004)	Genbank
AJ781038	ParvovirusB19-1a	Plentz,A., Hahn,J., Holler,E., Jilg,W. and Modrow,S.	Long-term parvovirus B19 viraemia associated with pure red cell aplasia after allogeneic bone marrow transplantation	J. Clin. Virol. 31 (1), 16-19 (2004)	Genbank
AY504945	ParvovirusB19-1a	Norja,P., Hokynar,K., Aaltonen,L.M., Chen,R., Ranki,A., Partio,E.K., Kiviluoto,O., Davidkin,I., Leivo,T., Eis-Hubinger,A.M., Schneider,B., Fischer,H.P., Tolba,R., Vapalahti,O., Vaheri,A., Soderlund-Venermo,M. and Hedman,K.	Bioportfolio: lifelong persistence of variant and prototypic erythrovirus DNA genomes in human tissue	Proc. Natl. Acad. Sci. U.S.A. 103 (19), 7450-7453 (2006)	Genbank
AB126262	ParvovirusB19-1a	Abe,K., Kiuchi,T., Tanaka,K., Edamoto,Y., Aiba,N. and Sata,T.	Characterization of erythrovirus B19 genomes isolated in liver tissues from patients with fulminant hepatitis and biliary atresia who underwent liver transplantation	Int J Med Sci 4 (2), 105-109 (2007)	Genbank
AB126263	ParvovirusB19-1a	Abe,K., Kiuchi,T., Tanaka,K., Edamoto,Y., Aiba,N. and Sata,T.	Characterization of erythrovirus B19 genomes isolated in liver tissues from patients with fulminant hepatitis and biliary atresia who underwent liver transplantation	Int J Med Sci 4 (2), 105-109 (2007)	Genbank
AB126264	ParvovirusB19-1a	Abe,K., Kiuchi,T., Tanaka,K., Edamoto,Y., Aiba,N. and Sata,T.	Characterization of erythrovirus B19 genomes isolated in liver tissues from patients with fulminant hepatitis and biliary atresia who underwent liver transplantation	Int J Med Sci 4 (2), 105-109 (2007)	Genbank
AB126265	ParvovirusB19-1a	Abe,K., Kiuchi,T., Tanaka,K., Edamoto,Y., Aiba,N. and Sata,T.	Characterization of erythrovirus B19 genomes isolated in liver tissues from patients with fulminant hepatitis and biliary atresia who underwent liver transplantation	Int J Med Sci 4 (2), 105-109 (2007)	Genbank
AB126266	ParvovirusB19-1a	Abe,K., Kiuchi,T., Tanaka,K., Edamoto,Y., Aiba,N. and Sata,T.	Characterization of erythrovirus B19 genomes isolated in liver tissues from patients with fulminant hepatitis and biliary atresia who underwent liver transplantation	Int J Med Sci 4 (2), 105-109 (2007)	Genbank
AB126267	ParvovirusB19-1a	Abe,K., Kiuchi,T., Tanaka,K., Edamoto,Y., Aiba,N. and Sata,T.	Characterization of erythrovirus B19 genomes isolated in liver tissues from patients with fulminant hepatitis and biliary atresia who underwent liver transplantation	Int J Med Sci 4 (2), 105-109 (2007)	Genbank
AB126268	ParvovirusB19-1a	Abe,K., Kiuchi,T., Tanaka,K., Edamoto,Y., Aiba,N. and Sata,T.	Characterization of erythrovirus B19 genomes isolated in liver tissues from patients with fulminant hepatitis and biliary atresia who underwent liver transplantation	Int J Med Sci 4 (2), 105-109 (2007)	Genbank
AB126269	ParvovirusB19-1a	Abe,K., Kiuchi,T., Tanaka,K., Edamoto,Y., Aiba,N. and Sata,T.	Characterization of erythrovirus B19 genomes isolated in liver tissues from patients with fulminant hepatitis and biliary atresia who underwent liver transplantation	Int J Med Sci 4 (2), 105-109 (2007)	Genbank
AB126270	ParvovirusB19-1a	Abe,K., Kiuchi,T., Tanaka,K., Edamoto,Y., Aiba,N. and Sata,T.	Characterization of erythrovirus B19 genomes isolated in liver tissues from patients with fulminant hepatitis and biliary atresia who underwent liver transplantation	Int J Med Sci 4 (2), 105-109 (2007)	Genbank
AB126271	ParvovirusB19-1a	Abe,K., Kiuchi,T., Tanaka,K., Edamoto,Y., Aiba,N. and Sata,T.	Characterization of erythrovirus B19 genomes isolated in liver tissues from patients with fulminant hepatitis and biliary atresia who underwent liver transplantation	Int J Med Sci 4 (2), 105-109 (2007)	Genbank
AY386330	ParvovirusB19-1a	Zhi,N., Zadori,Z., Brown,K.E. and Tijssen,P.	Construction and sequencing of an infectious clone of the human parvovirus B19	Virology 318 (1), 142-152 (2004)	Genbank
AY028237	ParvovirusB19-1a	Tolfvenstam,T., Norbeck,O., Brytting,M., Hemauer,A., Modrow,S. and Broliden,K.	Limited sequence variability in Parvovirus B19 isolates from persistently infected individuals	Unpublished	Genbank
AB030673	ParvovirusB19-1a	Umene,K. and Nunoue,T.	The genome type of human parvovirus B19 strains isolated in Japan during 1981 differs from types detected in 1986 to 1987: a correlation between genome type and prevalence	J. Gen. Virol. 71 (PT 4), 983-986 (1990)	Genbank
AB030693	ParvovirusB19-1a	Ishii,K.K., Munakata,Y., Funato,T., Fu,Y., Koseki,N., Sugamura,K. and Sasaki,T.	Sequence of human parvovirus B19 isolates from patients with rheumatoid arthritis	Unpublished	Genbank
AB030694	ParvovirusB19-1a	Takasawa,N., Munakata,Y., Ishii,K.K., Takahashi,Y., Takahashi,M., Fu,Y., Ishii,T., Fujii,H., Saito,T., Takano,H., Noda,T., Suzuki,M., Nose,M., Zolla-Patzner,S. and Sasaki,T.	Human parvovirus B19 transgenic mice become susceptible to polyarthritis	J. Immunol. 173 (7), 4675-4683 (2004)	Genbank
AF162273	ParvovirusB19-1a	Gallinella,G. and Venturoli,S.	B19 Genome Sequence and Structure Analysis	Unpublished	Genbank
AF161223	ParvovirusB19-1a	Hokynar,K., Brunstein,J., Soderlund-Venermo,M., Kiviluoto,O., Partio,E.K., Konttinen,Y. and Hedman,K.	Integrity and full coding sequence of B19 virus DNA persisting in human synovial tissue	J. Gen. Virol. 81 (Pt 4), 1017-1025 (2000)	Genbank
AF161224	ParvovirusB19-1a	Hokynar,K., Brunstein,J., Soderlund-Venermo,M., Kiviluoto,O., Partio,E.K., Konttinen,Y. and Hedman,K.	Integrity and full coding sequence of B19 virus DNA persisting in human synovial tissue	J. Gen. Virol. 81 (Pt 4), 1017-1025 (2000)	Genbank
AF161225	ParvovirusB19-1a	Hokynar,K., Brunstein,J., Soderlund-Venermo,M., Kiviluoto,O., Partio,E.K., Konttinen,Y. and Hedman,K.	Integrity and full coding sequence of B19 virus DNA persisting in human synovial tissue	J. Gen. Virol. 81 (Pt 4), 1017-1025 (2000)	Genbank
AF161226	ParvovirusB19-1a	Hokynar,K., Brunstein,J., Soderlund-Venermo,M., Kiviluoto,O., Partio,E.K., Konttinen,Y. and Hedman,K.	Integrity and full coding sequence of B19 virus DNA persisting in human synovial tissue	J. Gen. Virol. 81 (Pt 4), 1017-1025 (2000)	Genbank
AF113323	ParvovirusB19-1a	Hemauer,A., Beckenlehner,K., Wolf,H., Lang,B. and Modrow,S.	Acute parvovirus B19 infection in connection with a flare of systemic lupus erythematodes in a female patient	J. Clin. Virol. 14 (1), 73-77 (1999)	Genbank
Z70528	ParvovirusB19-1a	Hemauer,A., von Poblotzki,A., Gigler,A., Cassinotti,P., Siegl,G., Wolf,H. and Modrow,S.	Sequence variability among different parvovirus B19 isolates	J. Gen. Virol. 77 (PT 8), 1781-1785 (1996)	Genbank
Z70560	ParvovirusB19-1a	Hemauer,A., Von Poblotzki,A., Gigler,A., Cassinotti,P., Siegl,G., Wolf,H. and Modrow,S.	XXXSequence variability among different parvovirus B19 isolates	Unpublished	Genbank
Z70599	ParvovirusB19-1a	Hemauer,A., Von Poblotzki,A., Gigler,A., Cassinotti,P., Siegl,G., Wolf,H. and Modrow,S.	XXXSequence variability among different parvovirus B19 isolates	Unpublished	Genbank
Z68146	ParvovirusB19-1a	Hicks,K.E., Cubel,R.C., Cohen,B.J. and Clewley,J.P.	Sequence analysis of a parvovirus B19 isolate and baculovirus expression of the non-structural protein	Arch. Virol. 141 (7), 1319-1327 (1996)	Genbank
M13178	ParvovirusB19-1a	Shade,R.O., Blundell,M.C., Cotmore,S.F., Tattersall,P. and Astell,C.R.	Nucleotide sequence and genome organization of human parvovirus B19 isolated from the serum of a child during aplastic crisis	J. Virol. 58 (3), 921-936 (1986)	Genbank
M24682	ParvovirusB19-1a	Blundell,M.C., Beard,C. and Astell,C.R.	In vitro identification of a B19 parvovirus promoter	Virology 157 (2), 534-538 (1987)	Genbank
