strain,insertion: 3bp @ ref pos 0,insertion: 3bp @ ref pos 14,insertion: 1bp @ ref pos 507,insertion: 3bp @ ref pos 717,insertion: 3bp @ ref pos 776,insertion: 11bp @ ref pos 789,insertion: 9bp @ ref pos 885,insertion: 3bp @ ref pos 948,insertion: 3bp @ ref pos 1036,insertion: 3bp @ ref pos 1198,insertion: 3bp @ ref pos 1301,insertion: 2bp @ ref pos 1614
FJ747631,G,,,TCC,ATT,GTGAATTATCT,,ATA,TAT,TGG,TTT,
MK417786,G,,,TCC,ATC,GTGAATTATCT,,ATA,TAT,TAG,TTT,
MH171417,G,,,TCC,ATC,GTGAATTATCT,,ATA,TAT,TAG,TTT,
MH171403,G,,,TCC,ATC,GTGAATTATCT,,ATA,TAT,TAG,TTT,
MH171414,G,,,TCC,ATC,GTGAATTATCT,,ATA,TAT,TAG,TTT,
MH171415,G,,,TCC,ATC,GTGAATTATCT,,ATA,TAT,TAG,TTT,
MH171416,G,,,TCC,ATC,GTGAATTATCT,,ATA,TAT,TAG,TTT,
AB861962,G,,,TCC,ATC,GTGAATTATCT,,ATA,TAT,TAG,TTT,
MH171405,G,,,TCC,ATC,GTGAATTATCT,,ATA,TAT,TAG,TTT,
LC374165,G,,,TCC,ATC,GTGAATTATCT,,ATA,TAT,TGG,TTT,
LC374198,G,,,TCC,ATC,GTGAATTATCT,,ATA,TAT,TGG,TTT,
MH171402,G,,,TCC,ATT,GTGAATTATCT,,ATA,TAT,TGG,TTT,
MH171404,G,,,TCC,ATT,GTGAATTATCT,,ATA,TAT,TGG,TTT,
MH171407,G,,,TCC,ATT,GTGAATTATCT,,ATA,TAT,TGG,TTT,
HQ670642,G,,,TCC,ATT,GTGAATTATCT,,ATA,TAT,TGG,TTT,
LC173548,G,,,TCC,ATT,GTGAATTATCT,,ATA,TAT,TGG,TTT,
LC173555,G,,,TCC,ATT,GTGAATTATCT,,ATA,TAT,TGG,TTT,
LC173406,G,,,TCC,ATT,GTGAATTATCT,,ATA,TAT,TGG,TTT,
LC173549,G,,,TCC,ATT,GTGAATTATCT,,ATA,TAT,TGG,TTT,
LC173551,G,,,TCC,ATT,GTGAATTATCT,,ATA,TAT,TGG,TTT,
LC173553,G,,,TCC,ATT,GTGAATTATCT,,ATA,TAT,TGG,TTT,
LC173558,G,,,TCC,ATT,GTGAATTATCT,,ATA,TAT,TGG,TTT,
LC173562,G,,,TCC,ATT,GTGAATTATCT,,ATA,TAT,TGG,TTT,
LC173418,G,,,TCC,ATT,GTGAATTATCT,,ATA,TAT,TGG,TTT,
LC173554,G,,,TCC,ATT,GTGAATTATCT,,ATA,TAT,TGG,TTT,
LC173557,G,,,TCC,ATT,GTGAATTATCT,,ATA,TAT,TGG,TTT,
GU199498,G,,,TCC,ATT,GTGAATTATCT,,ATA,TAT,TGG,TTT,
KJ870928,G,,,TCC,ATT,GTGAATTATCT,,ATA,TAT,TGG,TTT,
KX655490,G,,,TCC,ATT,GTGAATTATCT,,ATA,TAT,TGG,TTT,
AB861951,G,,,TCC,ATT,GTGAATTATCT,,ATA,TAT,TGG,TTT,
AB861973,G,,,TCC,ATT,GTGAATTATCT,,ATA,TAT,TGG,TTT,
HQ670635,G,,,TCC,ATT,GTGAATTATCT,,ATA,TAT,TGG,TTT,
MG181332,G,,,TCC,ATT,GTGAATTATCT,,ATA,TAT,TGA,TTT,
MG181453,G,,,TCC,ATT,GTGAATTATCT,,ATA,TAT,TGA,TTT,
MG181464,G,,,TCC,ATT,GTGAATTATCT,,ATA,TAT,TGA,TTT,
MG181486,G,,,TCC,ATT,GTGAATTATCT,,ATA,TAT,TGA,TTT,
LC173524,G,,,TCC,ATT,GTGAATTATCT,,ATA,TAT,TGG,TTT,
LC173536,G,,,TCC,ATT,GTGAATTATCT,,ATA,TAT,TGG,TTT,
MN106155,G,,,TCC,ATT,GTGAATTATCT,,ATA,TAT,TGG,TTT,
MW384171,G,,,TCC,ATT,GTGAATTATCT,,ATA,TAT,TGG,TTT,
MW384270,G,,,TCC,ATT,GTGAATTATCT,,ATA,TAT,TGG,TTT,
LC173579,G,,,TCC,ATT,GTGAATTATCT,,ATA,TAT,TGG,TTT,
LC173580,G,,,TCC,ATT,GTGAATTATCT,,ATA,TAT,TGG,TTT,
LC367295,G,,,TCC,ATT,GTGAATTATCT,,ATA,TAT,TGG,TTT,
LC374055,G,,,TCC,ATT,GTGAATTATCT,,ATA,TAT,TGG,TTT,
LC374044,G,,,TCC,ATT,GTGAATTATCT,,ATA,TAT,TGG,TTT,
GU199522,G,,,TCC,ATT,GTGAATTATCT,,ATA,TAT,TGG,TTT,
MH182447,G,,,TCC,ATT,GTGAATTATCT,,ATA,TAT,TGG,TTT,
MN417957,G,,,TCC,ATT,GTGAATTATCT,,ATA,TAT,TGG,TTT,
MN417959,G,,,TCC,ATT,GTGAATTATCT,,ATA,TAT,TGG,TTT,
MN417958,G,,,TCC,ATT,GTGAATTATCT,,ATA,TAT,TGG,TTT,
KX362903,G,,,TCC,ATT,GTGAATTATCT,,ATA,TAT,TGG,TTT,
KX363111,G,,,TCC,ATT,GTGAATTATCT,,ATA,TAT,TGG,TTT,
KX363067,G,,,TCC,ATT,GTGAATTATCT,,ATA,TAT,TGG,TTT,
KX363089,G,,,TCC,ATT,GTGAATTATCT,,ATA,TAT,TGG,TTT,
KX362772,G,,,TCC,ATT,GTGAATTATCT,,ATA,TAT,TGA,TTT,
KX362979,G,,,TCC,ATT,GTGAATTATCT,,ATA,TAT,TGG,TTT,
KX363186,G,,,TCC,ATT,GTGAATTATCT,,ATA,TAT,TGG,TTT,
KX362930,G,,,TCC,ATT,GTGAATTATCT,,ATA,TAT,TGG,TTT,
KX363045,G,,,TCC,ATT,GTGAATTATCT,,ATA,TAT,TGG,TTT,
KX363100,G,,,TCC,ATT,GTGAATTATCT,,ATA,TAT,TGG,TTT,
KX363078,G,,,TCC,ATT,GTGAATTATCT,,ATA,TAT,TGG,TTT,
KX362881,G,,,TCC,ATT,GTGAATTATCT,,ATA,TAT,TGG,TTT,
KX363255,G,,,TCC,ATT,GTGAATTATCT,,ATA,TAT,TGG,TTT,
KX363175,G,,,TCC,ATT,GTGAATTATCT,,ATA,TAT,TGG,TTT,
KX363203,G,,,TCC,ATT,GTGAATTATCT,,ATA,TAT,TGG,TTT,
KX363056,G,,,TCC,ATT,GTGAATTATCT,,ATA,TAT,TGG,TTT,
KX363299,G,,,TCC,ATT,GTGAATTATCT,,ATA,TAT,TGG,TTT,
KJ094894,G,,,TCC,ATT,GTGAATTATCT,,ATA,TAT,TGA,TTT,C
KJ094893,G,,,TCC,ATT,GTGAATTATCT,,ATA,TAT,TGA,TTT,C
KJ094892,G,,,TCC,ATT,GTGAATTATCT,,ATA,TAT,TGA,TTT,C
KJ094896,G,,,TCC,ATT,GTGAATTATCT,,ATA,TAT,TGG,TTT,C
KJ094895,G,,,TCC,ATT,GTGAATTATCT,,ATA,TAT,TGG,TTT,C
MH171406,G,,,TCC,ATT,GTGAATTATCT,,ATA,TAT,TGG,TTT,
MH171408,G,,,TCC,ATT,GTGAATTATCT,,ATA,TAT,TGG,TTT,
MN106154,G,,,TCC,ATT,GTGAATTATCT,,ATA,TAT,TGG,TTT,
LC173578,G,,,TCC,ATT,GTGAATTATCT,,ATA,TAT,TGG,TTT,
MG181541,G,,,TCC,ATT,GTGAATTATCT,,ATA,TAT,TGA,TTT,
MG181563,G,,,TCC,ATT,GTGAATTATCT,,ATA,TAT,TGA,TTT,
LC173550,G,,,TCC,ATT,GTGAATTATCT,,ATA,TAT,TAG,TTT,
LC173552,G,,,TCC,ATT,GTGAATTATCT,,ATA,TAT,TAG,TTT,
LC173556,G,,,TCC,ATT,GTGAATTATCT,,ATA,TAT,TAG,TTT,
LC173560,G,,,TCC,ATT,GTGAATTATCT,,ATA,TAT,TAG,TTT,
LC173561,G,,,TCC,ATT,GTGAATTATCT,,ATA,TAT,TAG,TTT,
LC173566,G,,,TCC,ATT,GTGAATTATCT,,ATA,TAT,TAG,TTT,
LC173564,G,,,TCC,ATT,GTGAATTATCT,,ATA,TAT,TAG,TTT,
LC173563,G,,,TCC,ATT,GTGAATTATCT,,ATA,TAT,TAG,TTT,
LC173577,G,,,TCC,ATT,GTGAATTATCT,,ATA,TAT,TGG,TTT,
MN106156,G,,,TCC,ATT,GTGAATTATCT,,ATA,TAT,TGG,TTT,
MN106158,G,,,TCC,ATT,GTGAATTATCT,,ATA,TAT,TGG,TTT,
LC688296,G,,,TCC,ATT,GTGAATTATCT,,ATA,TAT,TGG,TTT,
MZ165379,G,,,TCC,ATT,GTGAATTATCT,,ATA,TAT,TGG,TTT,
MZ165380,G,,,TCC,ATT,GTGAATTATCT,,ATA,TAT,TGG,TTT,
MZ165370,G,,,TCC,ATT,GTGAATTATCT,,ATA,TAT,TGG,TTT,
MZ165371,G,,,TCC,ATT,GTGAATTATCT,,ATA,TAT,TGG,TTT,
MZ165372,G,,,TCC,ATT,GTGAATTATCT,,ATA,TAT,TGG,TTT,
MZ165373,G,,,TCC,ATT,GTGAATTATCT,,ATA,TAT,TGG,TTT,
MZ165374,G,,,TCC,ATT,GTGAATTATCT,,ATA,TAT,TGG,TTT,
MZ165375,G,,,TCC,ATT,GTGAATTATCT,,ATA,TAT,TGG,TTT,
MZ165376,G,,,TCC,ATT,GTGAATTATCT,,ATA,TAT,TGG,TTT,
MZ165377,G,,,TCC,ATT,GTGAATTATCT,,ATA,TAT,TGG,TTT,
MZ165378,G,,,TCC,ATT,GTGAATTATCT,,ATA,TAT,TGG,TTT,
MW384237,G,,,TCC,ATT,GTGAATTATCT,,ATA,TAT,TGG,TTT,
MW383973,G,,,TCC,ATT,GTGAATTATCT,,ATA,TAT,TGG,TTT,
MW384028,G,,,TCC,ATT,GTGAATTATCT,,ATA,TAT,TGG,TTT,
MW384160,G,,,TCC,ATT,GTGAATTATCT,,ATA,TAT,TGG,TTT,
MW384017,G,,,TCC,ATT,GTGAATTATCT,,ATA,TAT,TGG,TTT,
MW384072,G,,,TCC,ATT,GTGAATTATCT,,ATA,TAT,TGG,TTT,
MW384105,G,,,TCC,ATT,GTGAATTATCT,,ATA,TAT,TGG,TTT,
MW384182,G,,,TCC,ATT,GTGAATTATCT,,ATA,TAT,TGG,TTT,
MW384193,G,,,TCC,ATT,GTGAATTATCT,,ATA,TAT,TGG,TTT,
MW384006,G,,,TCC,ATT,GTGAATTATCT,,ATA,TAT,TGG,TTT,
MW384094,G,,,TCC,ATT,GTGAATTATCT,,ATA,TAT,TGG,TTT,
MW384204,G,,,TCC,ATT,GTGAATTATCT,,ATA,TAT,TGG,TTT,
MW384259,G,,,TCC,ATT,GTGAATTATCT,,ATA,TAT,TGG,TTT,
MW384215,G,,,TCC,ATT,GTGAATTATCT,,ATA,TAT,TGG,TTT,
MW384248,G,,,TCC,ATT,GTGAATTATCT,,ATA,TAT,TGG,TTT,
MW383995,G,,,TCC,ATT,GTGAATTATCT,,ATA,TAT,TGG,TTT,
MW384050,G,,,TCC,ATT,GTGAATTATCT,,ATA,TAT,TGG,TTT,
MW384061,G,,,TCC,ATT,GTGAATTATCT,,ATA,TAT,TGG,TTT,
MW384039,G,,,TCC,ATT,GTGAATTATCT,,ATA,TAT,TGG,TTT,
MN106157,G,,,TCC,ATT,GTGAATTATCT,,ATA,TAT,TGG,TTT,
LC173415,G,,,TCC,ATT,GTGAATTATCT,,ATA,TAT,TGG,TTT,
LC173508,G,,,TCC,ATT,GTGAATTATCT,,ATA,TAT,TGG,TTT,
LC173509,G,,,TCC,ATT,GTGAATTATCT,,ATA,TAT,TGG,TTT,
LC173513,G,,,TCC,ATT,GTGAATTATCT,,ATA,TAT,TGG,TTT,
LC173515,G,,,TCC,ATT,GTGAATTATCT,,ATA,TAT,TGG,TTT,
LC173520,G,,,TCC,ATT,GTGAATTATCT,,ATA,TAT,TGG,TTT,
LC173500,G,,,TCC,ATT,GTGAATTATCT,,ATA,TAT,TGG,TTT,
LC173501,G,,,TCC,ATT,GTGAATTATCT,,ATA,TAT,TGG,TTT,
LC173503,G,,,TCC,ATT,GTGAATTATCT,,ATA,TAT,TGG,TTT,
LC173505,G,,,TCC,ATT,GTGAATTATCT,,ATA,TAT,TGG,TTT,
LC173497,G,,,TCC,ATT,GTGAATTATCT,,ATA,TAT,TGG,TTT,
LC173504,G,,,TCC,ATT,GTGAATTATCT,,ATA,TAT,TGG,TTT,
LC173516,G,,,TCC,ATT,GTGAATTATCT,,ATA,TAT,TGG,TTT,
LC173499,G,,,TCC,ATT,GTGAATTATCT,,ATA,TAT,TGG,TTT,
LC173506,G,,,TCC,ATT,GTGAATTATCT,,ATA,TAT,TGG,TTT,
LC173492,G,,,TCC,ATT,GTGAATTATCT,,ATA,TAT,TGG,TTT,
LC173511,G,,,TCC,ATT,GTGAATTATCT,,ATA,TAT,TGG,TTT,
LC173514,G,,,TCC,ATT,GTGAATTATCT,,ATA,TAT,TGG,TTT,
LC173521,G,,,TCC,ATT,GTGAATTATCT,,ATA,TAT,TGG,TTT,
LC173507,G,,,TCC,ATT,GTGAATTATCT,,ATA,TAT,TGG,TTT,
LC173518,G,,,TCC,ATT,GTGAATTATCT,,ATA,TAT,TGG,TTT,
LC173519,G,,,TCC,ATT,GTGAATTATCT,,ATA,TAT,TGG,TTT,
LC173510,G,,,TCC,ATT,GTGAATTATCT,,ATA,TAT,TGG,TTT,
LC173494,G,,,TCC,ATT,GTGAATTATCT,,ATA,TAT,TGG,TTT,
LC173517,G,,,TCC,ATT,GTGAATTATCT,,ATA,TAT,TGG,TTT,
LC173493,G,,,TCC,ATT,GTGAATTATCT,,ATA,TAT,TGG,TTT,
MW384226,G,,,TCC,ATT,GTGAATTATCT,,ATA,TAT,TGG,TTT,
MW384281,G,,,TCC,ATT,GTGAATTATCT,,ATA,TAT,TGG,TTT,
LC173573,G,,,TCC,ATT,GTGAATTATCT,,ATA,TAT,TGG,TCT,
LC173400,G,,,TCC,ATT,GTGAATTATCT,,ATA,TAT,TGA,TTT,
LC173409,G,,,TCC,ATT,GTGAATTATCT,,ATA,TAT,TGA,TTT,
LC173413,G,,,TCC,ATT,GTGAATTATCT,,ATA,TAT,TGA,TTT,
LC173414,G,,,TCC,ATT,GTGAATTATCT,,ATA,TAT,TGA,TTT,
LC173416,G,,,TCC,ATT,GTGAATTATCT,,ATA,TAT,TGA,TTT,
LC173399,G,,,TCC,ATT,GTGAATTATCT,,ATA,TAT,TGA,TTT,
LC173417,G,,,TCC,ATT,GTGAATTATCT,,ATA,TAT,TGA,TTT,
LC173411,G,,,TCC,ATT,GTGAATTATCT,,ATA,TAT,TGA,TTT,
LC173405,G,,,TCC,ATT,GTGAATTATCT,,ATA,TAT,TGA,TTT,
MN106159,G,,,TCC,ATT,GTGAATTATTT,,ATA,TAT,TGA,TTT,
KX632315,G,,,TCC,ATT,GTAAATTATCT,,ATA,TAT,TGA,TTT,
KX632326,G,,,TCC,ATT,GTAAATTATCT,,ATA,TAT,TGA,TTT,
FJ747620,G,,,TCC,ATT,GTGAATTATCT,,ATA,TAT,TGG,TTT,
MG181343,G,,,TCC,ATT,GTGAATTATCT,,ATA,TAT,TGG,TTT,
MG181354,G,,,TCC,ATT,GTGAATTATCT,,ATA,TAT,TGG,TTT,
MG181409,G,,,TCC,ATT,GTGAATTATCT,,ATA,TAT,TGG,TTT,
MG181442,G,,,TCC,ATT,GTGAATTATCT,,ATA,TAT,TGG,TTT,
MG181376,G,,,TCC,ATT,GTGAATTATCT,,ATA,TAT,TGG,TTT,
MG181420,G,,,TCC,ATT,GTGAATTATCT,,ATA,TAT,TGG,CTT,
MH171411,G,,,TCC,ATT,GTGAATTATCT,,ATA,TAT,TGG,TTT,
MH171412,G,,,TCC,ATT,GTGAATTATCT,,ATA,TAT,TGG,TTT,
KF371693,G,,,TCA,ATT,GCGAACTGTCT,,ATC,TAT,CAT,TGT,
KF371672,G,,,TCA,ATT,GCGAACTGTCT,,ATC,TAT,CAT,TGT,
KF371683,G,,,TCA,ATT,GCGAACTGTCT,,ATC,TAT,CAT,TGT,
LC173538,G,,,TCA,ATT,GCGAACTGTCT,,ATT,TAT,CAT,TGT,
LC173545,G,,,TCA,ATT,GCGAACTGTCT,,ATT,TAT,CAT,TGT,
LC173528,G,,,TCA,ATT,GCGAACTGTCT,,ATT,TAT,CAT,TGT,
LC173533,G,,,TCA,ATT,GTGAACTGTCT,,ATT,TAT,CAT,TGT,
LC173565,G,,,TCA,ATT,GCGAACTGTCT,,ATT,TAT,CAT,TGT,
LC173541,G,,,TCA,ATT,GCGAACTGTCT,,ATT,TAT,CAT,TGT,
LC173586,G,,,TCA,ATT,GCGAACTGTCT,,ATT,TAT,CAT,TGT,
LC173585,G,,,TCA,ATT,GCGAACTGTCT,,ATT,TAT,CAT,TGT,
LC173477,G,,,TCA,ATT,GCGAACTGTCT,,ATT,TAT,CAT,TGT,
LC173445,G,,,TCA,ATT,GCGAACTGTCT,,ATT,TAT,CAT,TGT,
MN106153,G,,,TCA,ATT,GCGAACTGTCT,,ATT,TAT,CAT,TGT,
MW384149,G,,,TCA,ATT,GCGAACTGTCT,,ATT,TAT,CAT,TGT,
MW384116,G,,,TCA,ATT,GCGAACTGTCT,,ATT,TAT,CAT,TGT,
MW384127,G,,,TCA,ATT,GCGAACTGTCT,,ATT,TAT,CAT,TGT,
MW384138,G,,,TCA,ATT,GCGAACTGTCT,,ATT,TAT,CAT,TGT,
MW383984,G,,,TCA,ATT,GCGAACTGTCT,,ATT,TAT,CAT,TGT,
MW384083,G,,,TCA,ATT,GCGAACTGTCT,,ATT,TAT,CAT,TGT,
KF371662,G,,,TCA,ATT,GCGAACTGTCT,,ATC,TAT,CAT,TGT,
KU714439,G,,,TCA,ATT,GTAAATTATCT,,ATT,TAT,CGT,TGT,
MG181937,G,,,TCA,ATT,GTGAACTGCTT,,ATC,TAT,CGT,TGT,
MG181244,G,,,TCA,ATT,GTGAACTGCTT,,ATC,TAT,CGT,TGT,
MG181266,G,,,TCA,ATT,GTGAACTGCTT,,ATC,TAT,CGT,TGT,
MG181365,G,,,TCA,ATT,GTGAACTGCTT,,ATC,TAT,CGT,TGT,
MG181398,G,,,TCA,ATT,GTGAACTGCTT,,ATC,TAT,CGT,TGT,
MG181288,G,,,TCA,ATT,GTGAACTGCTT,,ATC,TAT,CGT,TGT,
MG181299,G,,,TCA,ATT,GTGAACTGCTT,,ATC,TAT,CGT,TGT,
MG181310,G,,,TCA,ATT,GTGAACTGCTT,,ATC,TAT,CGT,TGT,
MG181277,G,,,TCA,ATT,GTGAACTGCTT,,ATC,TAT,CGT,TGT,
MG181475,GG,,,TCC,ATT,GTGAATTACCT,,ATA,TAT,TGA,TTT,
MG181508,GG,,,TCC,ATT,GTGAATTATCT,,ATA,TAT,TGA,TTT,
MG181387,CG,,,TCC,ATT,GTGAATTACTT,,ATC,TAT,TGG,TTT,
KJ870906,TTG,,,TCC,ATT,GTAAGCTATCT,,ATA,TAT,CGT,CAC,
MG181233,,ACT,,TCA,ATT,GTGAACTGTCT,,ATC,TAT,CGT,TGT,
MG181255,,ACT,,TCA,ATT,GTGAACTGTCT,,ATC,TAT,CGT,TGT,
KC769366,,,G,TCM,ATT,GYGAAYTRTCT,,ATM,TAT,CGT,TKT,
LC374132,,,,TCC,ATC,GCGAATTATCT,,ATA,TAT,TGG,TTT,
MN067149,,,,TCC,ATC,GTGAATTATCT,,ATA,TAT,TGG,TTT,
MN067105,,,,TCC,ATC,GTGAATTATCT,,ATA,TAT,TGG,TTT,
MZ097075,,,,TCC,ATC,GTGAATTATCT,,ATA,TAT,TGG,TTT,
MZ097119,,,,TCC,ATC,GTGAATTATCT,,ATA,TAT,TGG,TTT,
MZ097291,,,,TCC,ATC,GTGAATTATCT,,ATA,TAT,TGG,TTT,
MZ095360,,,,TCC,ATC,GTGAATTATCT,,ATA,TAT,TGG,TTT,
MZ095503,,,,TCC,ATC,GTGAATTATCT,,ATA,TAT,TGG,TTT,
MZ095557,,,,TCC,ATC,GTGAATTATCT,,ATA,TAT,TGG,TTT,
MZ095579,,,,TCC,ATC,GTGAATTATCT,,ATA,TAT,TGG,TTT,
MZ095655,,,,TCC,ATC,GTGAATTATCT,,ATA,TAT,TGG,TTT,
MZ095842,,,,TCC,ATC,GTGAATTATCT,,ATA,TAT,TGG,TTT,
MZ095853,,,,TCC,ATC,GTGAATTATCT,,ATA,TAT,TGG,TTT,
MZ095886,,,,TCC,ATC,GTGAATTATCT,,ATA,TAT,TGG,TTT,
MZ095546,,,,TCC,ATC,GTGAATTATCT,,ATA,TAT,TGG,TTT,
MZ095590,,,,TCC,ATC,GTGAATTATCT,,ATA,TAT,TGG,TTT,
MZ095677,,,,TCC,ATC,GTGAATTATCT,,ATA,TAT,TGG,TTT,
MZ095644,,,,TCC,ATC,GTGAATTATCT,,ATA,TAT,TGG,TTT,
MZ095732,,,,TCC,ATC,GTGAATTATCT,,ATA,TAT,TGG,TTT,
MZ095831,,,,TCC,ATC,GTGAATTATCT,,ATA,TAT,TGG,TTT,
MZ096192,,,,TCC,ATC,GTGAATTATCT,,ATA,TAT,TGG,TTT,
MZ095470,,,,TCC,ATC,GTGAATTATCT,,ATA,TAT,TGG,TTT,
MZ095481,,,,TCC,ATC,GTGAATTATCT,,ATA,TAT,TGG,TTT,
MZ095514,,,,TCC,ATC,GTGAATTATCT,,ATA,TAT,TGG,TTT,
MZ095743,,,,TCC,ATC,GTGAATTATCT,,ATA,TAT,TGG,TTT,
MZ095941,,,,TCC,ATC,GTGAATTATCT,,ATA,TAT,TGG,TTT,
MZ095525,,,,TCC,ATA,GTGAATTATCT,,ATA,TAT,TGG,TTT,
MZ095623,,,,TCC,ATA,GTGAATTATCT,,ATA,TAT,TGG,TTT,
MZ095798,,,,TCC,ATA,GTGAATTATCT,,ATA,TAT,TGG,TTT,
MZ095897,,,,TCC,ATA,GTGAATTATCT,,ATA,TAT,TGG,TTT,
MZ095930,,,,TCC,ATA,GTGAATTATCT,,ATA,TAT,TGG,TTT,
MZ095985,,,,TCC,ATA,GTGAATTATCT,,ATA,TAT,TGG,TTT,
MZ095371,,,,TCC,ATC,GTGAATTATCT,,ATA,TAT,TGG,TTT,
MZ095404,,,,TCC,ATC,GTGAATTATCT,,ATA,TAT,TGG,TTT,
MZ095448,,,,TCC,ATC,GTGAATTATCT,,ATA,TAT,TGG,TTT,
MZ095721,,,,TCC,ATC,GTGAATTATCT,,ATA,TAT,TGG,TTT,
MZ095666,,,,TCC,ATC,GTGAATTATCT,,ATA,TAT,TGG,TTT,
MZ095754,,,,TCC,ATC,GTGAATTATCT,,ATA,TAT,TGG,TTT,
MZ096051,,,,TCC,ATC,GTGAATTATCT,,ATA,TAT,TGG,TTT,
MZ095699,,,,TCC,ATC,GTGAATTATCT,,ATA,TAT,TGG,TTT,
MZ095765,,,,TCC,ATC,GTGAATTATCT,,ATA,TAT,TGG,TTT,
MZ095809,,,,TCC,ATC,GTGAATTATCT,,ATA,TAT,TGG,TTT,
MZ095864,,,,TCC,ATC,GTGAATTATCC,,ATA,TAT,TGG,TTT,
MZ096029,,,,TCC,ATC,GTGAATTATCT,,ATA,TAT,TGG,TTT,
MZ095908,,,,TCC,ATC,GTGAATTATCT,,ATA,TAT,TGG,TTT,
MZ095415,,,,TCC,ATC,GTGAATTATCT,,ATA,TAT,TGG,TTT,
MZ095459,,,,TCC,ATC,GTGAATTATCT,,ATA,TAT,TGG,TTT,
MZ095601,,,,TCC,ATC,GTGAATTATCT,,ATA,TAT,TGG,TTT,
MZ095776,,,,TCC,ATC,GTGAATTATCT,,ATA,TAT,TGG,TTT,
MZ095536,,,,TCC,ATC,GTGAATTATCT,,ATA,TAT,TGG,TTT,
MZ095349,,,,TCC,ATC,GTGAATTATCT,,ATA,TAT,TGG,TTT,
MZ095382,,,,TCC,ATC,GTGAATTATCT,,ATA,TAT,TGG,TTT,
MZ095426,,,,TCC,ATC,GTGAATTATCT,,ATA,TAT,TGG,TTT,
MZ095437,,,,TCC,ATC,GTGAATTATCT,,ATA,TAT,TGG,TTT,
MZ095568,,,,TCC,ATC,GTGAATTATCT,,ATA,TAT,TGG,TTT,
MZ095634,,,,TCC,ATC,GTGAATTATCT,,ATA,TAT,TGG,TTT,
MZ095688,,,,TCC,ATC,GTGAATTATCT,,ATA,TAT,TGG,TTT,
MZ095710,,,,TCC,ATC,GTGAATTATCT,,ATA,TAT,TGG,TTT,
MZ095787,,,,TCC,ATC,GTGAATTATCT,,ATA,TAT,TGG,TTT,
MZ095492,,,,TCC,ATC,GTGAATTATCT,,ATA,TAT,TGG,TTT,
MZ095963,,,,TCC,ATC,GTGAATTATCT,,ATA,TAT,TGG,TTT,
MZ095820,,,,TCC,ATC,GTGAATTATCT,,ATA,TAT,TGG,TTT,
MZ095875,,,,TCC,ATC,GTGAATTATCT,,ATA,TAT,TGG,TTT,
MZ095952,,,,TCC,ATC,GTGAATTATCT,,ATA,TAT,TGG,TTT,
MZ095612,,,,TCC,ATC,GTGAATTATCT,,ATA,TAT,TGG,TTT,
MZ095974,,,,TCC,ATC,GTGAATTATCT,,ATA,TAT,TGG,TTT,
MZ097280,,,,TCC,ATC,GTGAATTATCT,,ATA,TAT,TGG,TTT,
MZ097302,,,,TCC,ATC,GTGAATTATCT,,ATA,TAT,TGG,TTT,
MZ097097,,,,TCC,ATC,GTGAATTATCT,,ATA,TAT,TGG,TTC,
MZ097108,,,,TCC,ATC,GTGAATTATCT,,ATA,TAT,TGG,TTC,
MZ096007,,,,TCC,ATC,GTGAATTATCT,,ATA,TAT,TGG,TTC,
MZ097130,,,,TCC,ATC,GTGAATTATCT,,ATA,TAT,TGG,TTT,
MZ097141,,,,TCC,ATC,GTGAATTATCT,,ATA,TAT,TGG,TTT,
MZ097152,,,,TCC,ATC,GTGAATTATCT,,ATA,TAT,TGG,TTT,
MZ096245,,,,TCC,ATC,GTGAATTATCT,,ATA,TAT,TGG,TTT,
MZ096256,,,,TCC,ATC,GTGAATTATCT,,ATA,TAT,TGG,TTT,
MZ096267,,,,TCC,ATC,GTGAATTATCT,,ATA,TAT,TGG,TTT,
MZ096408,,,,TCC,ATC,GTGAATTATCT,,ATA,TAT,TGG,TTT,
KJ753566,,,,TCC,ATT,GTGAATTATCT,,ATA,TAT,TGG,TTT,
KJ752580,,,,TCC,ATT,GTGAATTATCT,,ATA,TAT,TGG,TTT,
KJ752145,,,,TCC,ATT,GTGAATTATCT,,ATA,TAT,TGG,TTT,
MN067064,,,,TCC,ATT,GTGAATTATCT,,ATA,TAT,TGG,TTT,
KJ752010,,,,TCC,ATT,GTGAATTATCT,,ATA,TAT,TGG,TTT,
MN066767,,,,TCC,ATT,GTGAATTATCT,,ATA,TAT,TGG,TTT,
MN066977,,,,TCC,ATT,GTGAATTATCT,,ATA,TAT,TGG,TTT,
MN066860,,,,TCC,ATT,GTGAATTATCT,,ATA,TAT,TGG,TTT,
MN067127,,,,TCC,ATT,GTGAATTATCT,,ATA,TAT,TGG,TTT,
MN066849,,,,TCC,ATT,GTGAATTATCT,,ATA,TAT,TGG,TTT,
MN066908,,,,TCC,ATT,GTGAATTATCT,,ATA,TAT,TGG,TTT,
MN067031,,,,TCC,ATT,GTGAATTATCT,,ATA,TAT,TGG,TTT,
MN066817,,,,TCC,ATT,GTGAATTATCT,,ATA,TAT,TGG,TTT,
KJ752167,,,,TCC,ATT,GTGAATTATCT,,ATA,TAT,TGG,TTT,
KJ753452,,,,TCC,ATT,GTGAATTATCT,,ATA,TAT,TGG,TTT,
KJ753555,,,,TCC,ATT,GTGAATTATCT,,ATA,TAT,TGG,TTT,
KP753162,,,,TCC,ATT,GTGAATTATCT,,ATA,TAT,TGG,TTT,
KJ752885,,,,TCC,ATT,GTGAATTATCT,,ATA,TAT,TGG,TTT,
KJ753142,,,,TCC,ATT,GTGAATTATCT,,ATA,TAT,TGG,TTT,
KJ752222,,,,TCC,ATT,GTAAATTATCT,,ATA,TAT,TGG,TTT,
KJ753374,,,,TCC,ATT,GTAAATTATCT,,ATA,TAT,TGG,TTT,
KJ753210,,,,TCC,ATT,GTGAATTATCT,,ATA,TAT,TGG,TTT,
MN067194,,,,TCC,ATT,GTGAATTATCT,,ATA,TAT,TGG,TCT,
KJ412694,,,,TCC,ATC,GTGAATTATCT,,ATA,TAT,TGG,TTT,
KJ412727,,,,TCC,ATC,GTGAATTATCT,,ATA,TAT,TGG,TTT,
KJ412637,,,,TCC,ATC,GTGAATTATCT,,ATA,TAT,TGG,TTT,
KC443483,,,,TCC,ATC,GTGAATTATCT,,ATA,TAT,TGG,TTT,
KT919398,,,,TCC,ATC,GTGAATTATCT,,ATA,TAT,TAG,TTT,
KT918947,,,,TCC,ATC,GTGAATTATCT,,ATA,TAT,TAG,TTT,
KT918958,,,,TCC,ATC,GTGAATTATCT,,ATA,TAT,TAG,TTT,
KT918518,,,,TCC,ATC,GTGAATTATCT,,ATA,TAT,TAG,TTT,
KT919520,,,,TCC,ATC,GTGAATTATCT,,ATA,TAT,TAG,TTT,
KT918826,,,,TCC,ATC,GTGAATTATCT,,ATA,TAT,TAG,TTT,
KT918738,,,,TCC,ATC,GTGAATTATCT,,ATA,TAT,TAG,TTT,
KT919476,,,,TCC,ATC,GTGAATTATCT,,ATA,TAT,TAG,TTT,
KT918430,,,,TCC,ATC,GTGAATTATCT,,ATA,TAT,TAG,TTT,
MF168068,,,,TCC,ATC,GTGAATTATCT,,ATA,TAT,TAG,TTT,
MF168365,,,,TCC,ATC,GTGAATTATCT,,ATA,TAT,TAG,TTT,
MF469261,,,,TCC,ATC,GTGAATTATCT,,ATA,TAT,TAG,TTT,
KT918705,,,,TCC,ATC,GTGAATTATCT,,ATA,TAT,TAG,TTT,
KT919123,,,,TCC,ATC,GTGAATTATCT,,ATA,TAT,TAG,TTT,
KT919321,,,,TCC,ATC,GTGAATTATCT,,ATA,TAT,TAG,TTT,
KT919134,,,,TCC,ATC,GTGAATTATCT,,ATA,TAT,TAG,TTT,
KT919630,,,,TCC,ATC,GTGAATTATCT,,ATA,TAT,TAG,TTT,
KT919310,,,,TCC,ATC,GTGAATTATCT,,ATA,TAT,TAG,TTT,
KT918628,,,,TCC,ATC,GTGAATTATCT,,ATA,TAT,TAG,TTT,
KT919509,,,,TCC,ATC,GTGAATTATCT,,ATA,TAT,TAG,TTT,
KT919365,,,,TCC,ATC,GTGAATTATCT,,ATA,TAT,TAG,TTT,
KT918419,,,,TCC,ATC,GTGAATTATCT,,ATA,TAT,TAG,TTT,
MF168132,,,,TCC,ATC,GTGAATTATCT,,ATA,TAT,TAG,TTT,
KT918903,,,,TCC,ATC,GTGAATTATCT,,ATA,TAT,TAG,TTT,
MF469396,,,,TCC,ATC,GTGAATTATCT,,ATA,TAT,TAG,TTT,
MF469119,,,,TCC,ATC,GTGAATTATCT,,ATA,TAT,TAG,TTT,
MF469174,,,,TCC,ATC,GTGAATTATCT,,ATA,TAT,TAG,TTT,
MF469374,,,,TCC,ATC,GTGAATTATCT,,ATA,TAT,TAG,TTT,
KT918727,,,,TCC,ATC,GTGAATTATCT,,ATA,TAT,TAG,TTT,
MK417787,,,,TCC,ATC,GTGAATTATCT,,ATA,TAT,TAG,TTT,
KJ752356,,,,TCC,ATC,GTGAATTATCT,,ATA,TAT,TAG,TTT,
KP753241,,,,TCC,ATC,GTGAATTATCT,,ATA,TAT,TAG,TTT,
KP753151,,,,TCC,ATC,GTGAATTATCT,,ATA,TAT,TAG,TTT,
MF168056,,,,TCC,ATC,GTGAATTATCT,,ATA,TAT,TAG,TTT,
KJ752809,,,,TCC,ATT,GTGAATTATCT,,ATA,TAT,TGG,TTT,
KT919685,,,,TCC,ATT,GTGAATTATCT,,ATA,TAT,TGG,TTT,
MF168206,,,,TCC,ATT,GTGAATTATCT,,ATA,TAT,TGG,TTT,
KT918892,,,,TCC,ATT,GTGAATTATCT,,ATA,TAT,TGG,TTT,
KT919454,,,,TCC,ATT,GTGAATTATCT,,ATA,TAT,TGG,TTT,
KT918859,,,,TCC,ATT,GTGAATTATCT,,ATA,TAT,TGG,TTT,
KT918991,,,,TCC,ATT,GTGAATTATCT,,ATA,TAT,TGG,TTT,
KT919266,,,,TCC,ATT,GTGAATTATCT,,ATA,TAT,TGG,TTT,
MF469109,,,,TCC,ATT,GTGAATTATCT,,ATA,TAT,TGG,TTT,
MF469193,,,,TCC,ATT,GTGAATTATCT,,ATA,TAT,TGG,TTT,
KT919795,,,,TCC,ATT,GTGAATTATCT,,ATA,TAT,TGG,TTT,
KT919409,,,,TCC,ATT,GTGAATTATCT,,ATA,TAT,TGG,TTT,
MF167971,,,,TCC,ATT,GTGAATTATCT,,ATA,TAT,TGG,TTT,
MF168394,,,,TCC,ATT,GTGAATTATCT,,ATA,TAT,TGG,TTT,
MF168387,,,,TCC,ATT,GTGAATTATCT,,ATA,TAT,TGG,TTT,
MF168379,,,,TCC,ATT,GTGAATTATCT,,ATA,TAT,TGG,TTT,
MF168332,,,,TCC,ATT,GTGAATTATCT,,ATA,TAT,TGG,TTT,
KT918870,,,,TCC,ATT,GTGAATTATCT,,ATA,TAT,TGG,TTT,
MF168341,,,,TCC,ATT,GTGAATTATCT,,ATA,TAT,TGG,TTT,
KT919487,,,,TCC,ATT,GTGAATTATCT,,ATA,TAT,TGG,TTT,
KT919046,,,,TCC,ATT,GTGAATTATCT,,ATA,TAT,TGG,TTT,
MF168277,,,,TCC,ATT,GTGAATTATCT,,ATA,TAT,TGG,TTT,
MF168349,,,,TCC,ATT,GTGAATTATCT,,ATA,TAT,TGG,TTT,
KT919619,,,,TCC,ATT,GTGAATTATCT,,ATA,TAT,TGG,TTT,
KT919861,,,,TCC,ATT,GTGAATTATCT,,ATA,TAT,TGG,TTT,
KT919916,,,,TCC,ATT,GTGAATTATCT,,ATA,TAT,TGG,TTT,
KT919883,,,,TCC,ATT,GTGAATTATCT,,ATA,TAT,TGG,TTT,
KT919608,,,,TCC,ATT,GTGAATTATCT,,ATA,TAT,TGG,TTT,
KT919641,,,,TCC,ATT,GTGAATTATCT,,ATA,TAT,TGG,TTT,
KT918540,,,,TCC,ATT,GTGAATTATCT,,ATA,TAT,TGG,TTT,
KT919354,,,,TCC,ATT,GTGAATTATCT,,ATA,TAT,TGG,TTT,
KT919597,,,,TCC,ATT,GTGAATTATCT,,ATA,TAT,TGG,TTT,
MF168293,,,,TCC,ATT,GTGAATTATCT,,ATA,TAT,TGG,TTT,
KT919200,,,,TCC,ATT,GTGAATTATCT,,ATA,TAT,TGG,TTT,
MF168181,,,,TCC,ATT,GTGAATTATCT,,ATA,TAT,TGG,TTT,
MF168314,,,,TCC,ATT,GTGAATTATCT,,ATA,TAT,TGG,TTT,
MF168022,,,,TCC,ATT,GTGAATTATCT,,ATA,TAT,TGG,TTT,
KT919211,,,,TCC,ATT,GTGAATTATCT,,ATA,TAT,TGG,TTT,
MN067042,,,,TCC,ATT,GTGAATTATCT,,ATA,TAT,TGG,TTT,
MZ093663,,,,TCC,ATT,GTGAATTATCT,,ATA,TAT,TGG,TTT,
MZ093682,,,,TCC,ATT,GTGAATTATCT,,ATA,TAT,TGG,TTT,
MZ093737,,,,TCC,ATT,GTGAATTATCT,,ATA,TAT,TGG,TTT,
MZ093748,,,,TCC,ATT,GTGAATTATCT,,ATA,TAT,TGG,TTT,
MZ096976,,,,TCC,ATT,GTGAATTATCT,,ATA,TAT,TGG,TTT,
MZ093820,,,,TCC,ATT,GTGAATTATCT,,ATA,TAT,TGG,TTT,
MZ093853,,,,TCC,ATT,GTGAATTATCT,,ATA,TAT,TGG,TTT,
MZ093874,,,,TCC,ATT,GTGAATTATCT,,ATA,TAT,TGG,TTT,
MZ093915,,,,TCC,ATT,GTGAATTATCT,,ATA,TAT,TGG,TTT,
MZ096987,,,,TCC,ATT,GTGAATTATCT,,ATA,TAT,TGG,TTT,
MZ093842,,,,TCC,ATT,GTGAATTATCT,,ATA,TAT,TGG,TTT,
MZ093693,,,,TCC,ATT,GTGAATTATCT,,ATA,TAT,TGG,TTT,
MZ093715,,,,TCC,ATT,GTGAATTATCT,,ATA,TAT,TGG,TTT,
MZ093704,,,,TCC,ATT,GTGAATTATCT,,ATA,TAT,TGG,TTT,
MZ093935,,,,TCC,ATT,GTGAATTATCT,,ATA,TAT,TGG,TTT,
MN066796,,,,TCC,ATT,GTGAATTATCT,,ATA,TAT,TGG,TTT,
MN066961,,,,TCC,ATT,GTGAATTATCT,,ATA,TAT,TGG,TTT,
KT919024,,,,TCC,ATT,GTGAATTATCT,,ATA,TAT,TGG,TTT,
KT919905,,,,TCC,ATT,GTGAATTATCT,,ATA,TAT,TGG,TTT,
KT919420,,,,TCC,ATT,GTGAATTATCT,,ATA,TAT,TGG,TTT,
KT919531,,,,TCC,ATT,GTGAATTATCT,,ATA,TAT,TGG,TTT,
KT919343,,,,TCC,ATT,GTGAATTATCT,,ATA,TAT,TGG,TTT,
KT919729,,,,TCC,ATT,GTGAATTATCT,,ATA,TAT,TGG,TTT,
KT918815,,,,TCC,ATT,GTGAATTATCT,,ATA,TAT,TGG,TTT,
KT918485,,,,TCC,ATT,GTGAATTATCT,,ATA,TAT,TGG,TTT,
KT919244,,,,TCC,ATT,GTGAATTATCT,,ATA,TAT,TGG,TTT,
KT918782,,,,TCC,ATT,GTGAATTATCT,,ATA,TAT,TGG,TTT,
KT918408,,,,TCC,ATT,GTGAATTATCT,,ATA,TAT,TGG,TTT,
KT919773,,,,TCC,ATT,GTGAATTATCT,,ATA,TAT,TGG,TTT,
KT918793,,,,TCC,ATT,GTGAATTATCT,,ATA,TAT,TGG,TTT,
KT918584,,,,TCC,ATT,GTGAATTATCT,,ATA,TAT,TGG,TTT,
KT919277,,,,TCC,ATT,GTGAATTATCT,,ATA,TAT,TGG,TTT,
KT918562,,,,TCC,ATT,GTGAATTATCT,,ATA,TAT,TGG,TTT,
KT919079,,,,TCC,ATT,GTGAATTATCT,,ATA,TAT,TGG,TTT,
KT918595,,,,TCC,ATT,GTGAATTATCT,,ATA,TAT,TGG,TTT,
KT918804,,,,TCC,ATT,GTGAATTATCT,,ATA,TAT,TGG,TTT,
KT919575,,,,TCC,ATT,GTGAATTATCT,,ATA,TAT,TGG,TTT,
KT918760,,,,TCC,ATT,GTGAATTATCT,,ATA,TAT,TGG,TTT,
KT919431,,,,TCC,ATT,GTGAATTATCT,,ATA,TAT,TGG,TTT,
KT918716,,,,TCC,ATT,GTGAATTATCT,,ATA,TAT,TGG,TTT,
KT919156,,,,TCC,ATT,GTGAATTATCT,,ATA,TAT,TGG,TTT,
KT919586,,,,TCC,ATT,GTGAATTATCT,,ATA,TAT,TGG,TTT,
KT918639,,,,TCC,ATT,GTGAATTATCT,,ATA,TAT,TGG,TTT,
KT919189,,,,TCC,ATT,GTGAATTATCT,,ATA,TAT,CGG,TTT,
KT919762,,,,TCC,ATT,GTGAATTATCT,,ATA,TAT,TGG,TTT,
KT919013,,,,TCC,ATT,GTGAATTATCT,,ATA,TAT,TGG,TTT,
KT919839,,,,TCC,ATT,GTGAATTATCT,,ATA,TAT,TGG,TTT,
KT919784,,,,TCC,ATT,GTGAATTATCT,,ATA,TAT,TGG,TTT,
KT919564,,,,TCC,ATT,GTGAATTATCT,,ATA,TAT,TGG,TTT,
KT918661,,,,TCC,ATT,GTGAATTATCT,,ATA,TAT,TGG,TTT,
MF168085,,,,TCC,ATT,GTGAATTATCT,,ATA,TAT,TGG,TTT,
KT919696,,,,TCC,ATT,GTGAATTATCT,,ATA,TAT,TGG,TTT,
KT919674,,,,TCC,ATT,GTGAATTATCT,,ATA,TAT,TGG,TTT,
KT918694,,,,TCC,ATT,GTGAATTATCT,,ATA,TAT,TGG,TTT,
KT918771,,,,TCC,ATT,GTGAATTATCT,,ATA,TAT,TGG,TTT,
KT918496,,,,TCC,ATT,GTGAATTATCT,,ATA,TAT,TGG,TTT,
KT918606,,,,TCC,ATT,GTGAATTATCT,,ATA,TAT,TGG,TTT,
KT919817,,,,TCC,ATT,GTGAATTATCT,,ATA,TAT,TGG,TTT,
KT918672,,,,TCC,ATT,GTGAATTATCT,,ATA,TAT,TGG,TTT,
KT919002,,,,TCC,ATT,GTGAATTATCT,,ATA,TAT,TGG,TTT,
KT919299,,,,TCC,ATT,GTGAATTATCT,,ATA,TAT,TGG,TTT,
KT918936,,,,TCC,ATT,GTGAATTATCT,,ATA,TAT,TGG,TTT,
KT918452,,,,TCC,ATT,GTGAATTATCT,,ATA,TAT,TGG,TTT,
KT918650,,,,TCC,ATT,GTGAATTATCT,,ATA,TAT,TGG,TTT,
KT919068,,,,TCC,ATT,GTGAATTATCT,,ATA,TAT,TGG,TTT,
MF168196,,,,TCC,ATT,GTGAATTATCT,,ATA,TAT,TGG,TTT,
MF168014,,,,TCC,ATT,GTGAATTATCT,,ATA,TAT,TGG,TTT,
MF168236,,,,TCC,ATT,GTGAATTATCT,,ATA,TAT,TGG,TTT,
KT918551,,,,TCC,ATT,GTGAATTATCT,,ATA,TAT,TGG,TTT,
KT919751,,,,TCC,ATT,GTGAATTATCT,,ATA,TAT,TGG,TTT,
KT919233,,,,TCC,ATT,GTGAATTATCT,,ATA,TAT,TGG,TTT,
KT919707,,,,TCC,ATT,GTGAATTATCT,,ATA,TAT,TGG,TTT,
KT919927,,,,TCC,ATT,GTGAATTATCT,,ATA,TAT,TGG,TTT,
KT918474,,,,TCC,ATT,GTGAATTATCT,,ATA,TAT,TGG,TTT,
KT918925,,,,TCC,ATT,GTGAATTATCT,,ATA,TAT,TGG,TTT,
KT918749,,,,TCC,ATT,GTGAATTATCT,,ATA,TAT,TGG,TTT,
KT919663,,,,TCC,ATT,GTGAATTATCT,,ATA,TAT,TGG,TTT,
KT918980,,,,TCC,ATT,GTGAATTATCT,,ATA,TAT,TGG,TTT,
KT919960,,,,TCC,ATT,GTGAATTATCT,,ATA,TAT,TGG,TTT,
KT919178,,,,TCC,ATT,GTGAATTATCT,,ATA,TAT,TGG,TTT,
KT919090,,,,TCC,ATT,GTGAATTATCT,,ATA,TAT,TGG,TTT,
KT919949,,,,TCC,ATT,GTGAATTATCT,,ATA,TAT,TGG,TTT,
KT919465,,,,TCC,ATT,GTGAATTATCT,,ATA,TAT,TGG,TTT,
KT919553,,,,TCC,ATT,GTGAATTATCT,,ATA,TAT,TGG,TTT,
KT919894,,,,TCC,ATT,GTGAATTATCT,,ATA,TAT,TGG,TTT,
MF168149,,,,TCC,ATT,GTGAATTATCT,,ATA,TAT,TGG,TTT,
KT919872,,,,TCC,ATT,GTGAATTATCT,,ATA,TAT,TGG,TTT,
KT918573,,,,TCC,ATT,GTGAATTATCT,,ATA,TAT,TGG,TTT,
KT919718,,,,TCC,ATT,GTGAATTATCT,,ATA,TAT,TGG,TTT,
KT918848,,,,TCC,ATT,GTGAATTATCT,,ATA,TAT,TGG,TTT,
KT918969,,,,TCC,ATT,GTGAATTATCT,,ATA,TAT,TGG,TGT,
MF167994,,,,TCC,ATT,GTGAATTATCT,,ATA,TAT,TGG,TTT,
MF168091,,,,TCC,ATT,GTGAATTATCT,,ATA,TAT,TGG,TTT,
KT919828,,,,TCC,ATT,GTGAATTATCT,,ATA,TAT,TGG,TTT,
MF168114,,,,TCC,ATT,GTGAATTATCT,,ATA,TAT,TGG,TTT,
KT919255,,,,TCC,ATT,GTGAATTATCT,,ATA,TAT,TGG,TTT,
KT918617,,,,TCC,ATT,GTGAATTATCT,,ATA,TAT,TGG,TTT,
KT919332,,,,TCC,ATT,GTGAATTATCT,,ATA,TAT,TGG,TTT,
MF168141,,,,TCC,ATT,GTGAATTATCT,,ATA,TAT,TGG,TTT,
MF168357,,,,TCC,ATT,GTGAATTATCT,,ATA,TAT,TGG,TTT,
MF168254,,,,TCC,ATT,GTGAATTATCT,,ATA,TAT,TGG,TTT,
MF168173,,,,TCC,ATT,GTGAATTATCT,,ATA,TAT,TGG,TTT,
MF168309,,,,TCC,ATT,GTGAATTATCT,,ATA,TAT,TGG,TTT,
KT919222,,,,TCC,ATT,GTGAATTATCT,,ATA,TAT,TGG,TTT,
MF168079,,,,TCC,ATT,GTGAATTATCT,,ATA,TAT,TGG,TTT,
MN067005,,,,TCC,ATT,GTGAATTATCT,,ATA,TAT,TGG,TTT,
LC426758,,,,TCC,ATC,GTGAATTATCT,,ATA,TAT,TAG,TTT,
LC367306,,,,TCC,ATC,GTGAATTATCT,,ATA,TAT,TGG,TTT,
LC364353,,,,TCC,ATC,GTGAATTATCT,,ATA,TAT,TGG,TTT,
LC374143,,,,TCC,ATC,GTGAATTATCT,,ATA,TAT,TGG,TTT,
LC374154,,,,TCC,ATC,GTGAATTATCT,,ATA,TAT,TGG,TTT,
LC374187,,,,TCC,ATC,GTGAATTATCT,,ATA,TAT,TGG,TTT,
LC374209,,,,TCC,ATC,GTGAATTATCT,,ATA,TAT,TGG,TTT,
LC374176,,,,TCC,ATC,GTGAATTATCT,,ATA,TAT,TGG,TTT,
KT919035,,,,TCC,ATT,GTGAATTATCT,,ATA,TAT,TGG,TTT,
MF469385,,,,TCC,ATT,GTGAATTATCT,,ATA,TAT,TGG,TTT,
MF469272,,,,TCC,ATT,GTGAATTATCT,,ATA,TAT,TGG,TTT,
MF469251,,,,TCC,ATT,GTGAATTATCT,,ATA,TAT,TGG,TTT,
MF469099,,,,TCC,ATT,GTGAATTATCT,,ATA,TAT,TGG,TTT,
MN066749,,,,TCC,ATT,GTGAATTATCT,,ATA,TAT,TGG,TTT,
KU360955,,,,TCC,ATT,GTGAATTATCT,,ATA,TAT,TGG,TTT,
KU360958,,,,TCC,ATT,GTGAATTATCT,,ATA,TAT,TGG,TTT,
KU360957,,,,TCC,ATT,GTGAATTATCT,,ATA,TAT,TGG,TTT,
KU360954,,,,TCC,ATT,GTGAATTATCT,,ATA,TAT,TGG,TTT,
KU360959,,,,TCC,ATT,GTGAATTATCT,,ATA,TAT,TGG,TTT,
KP645339,,,,TCC,ATT,GTGAATTATCT,,ATA,TAT,TGG,TTT,
KP645328,,,,TCC,ATT,GTGAATTATCT,,ATA,TAT,TGG,TTT,
KP645273,,,,TCC,ATC,GTGAATTATCT,,ATA,TAT,TGG,TTT,
KP645306,,,,TCC,ATC,GTGAATTATCT,,ATA,TAT,TGG,TTT,
KP645295,,,,TCC,ATC,GTGAATTATCT,,ATA,TAT,TGG,TTT,
EU839966,,,,TCC,ATT,GTGAATTATCT,,ATA,TAT,TGG,TTT,
EU839972,,,,TCC,ATT,GTGAATTATCT,,ATA,TAT,TGG,TTT,
GU199509,,,,TCC,ATT,GTGAATTATCT,,ATA,TAT,TGG,TTT,
LC464105,,,,TCC,ATT,GTGAATTATCT,,ATA,TAT,TGG,TTT,
LC468219,,,,TCC,ATT,GTGAATTATTT,,ATA,TAT,TGG,TTT,
LC464116,,,,TCC,ATT,GTGAATTATCT,,ATA,TAT,TGG,TTT,
LC468230,,,,TCC,ATT,GTGAATTATTT,,ATA,TAT,TGG,TTT,
LC105198,,,,TCC,ATT,GTGAATTATCT,,ATA,TAT,TGG,TTT,
LC105209,,,,TCC,ATT,GTGAATTATCT,,ATA,TAT,TGG,TTT,
MK953596,,,,TCC,ATT,GTGAATTATCT,,ATA,TAT,TGG,TTT,
KJ751928,,,,TCC,ATT,GTGAATTATCT,,ATA,TAT,TGG,TTT,
KJ751686,,,,TCC,ATT,GTGAATTATCT,,ATA,TAT,TGG,TTT,
KJ753744,,,,TCC,ATT,GTGAATTATCT,,ATA,TAT,TGG,TTT,
KJ753221,,,,TCC,ATT,GTGAATTATCT,,ATA,TAT,TGG,TTT,
KJ753733,,,,TCC,ATT,GTGAATTATCT,,ATA,TAT,TGG,TTT,
KJ753014,,,,TCC,ATT,GTGAATTATCT,,ATA,TAT,TGG,TTT,
KJ753687,,,,TCC,ATT,GTGAATTATCT,,ATA,TAT,TGG,TTT,
HQ392401,,,,TCC,ATT,GTGAATTATCT,,ATA,TAT,TGG,TTT,
JX027662,,,,TCC,ATT,GTGAATTATCT,,ATA,TAT,TGG,TTT,
JX027756,,,,TCC,ATT,GTGAATTATCT,,ATA,TAT,TGG,TTT,
HQ392258,,,,TCC,ATT,GTGAATTATCT,,ATA,TAT,TGG,TTT,
JF490443,,,,TCC,ATT,GTGAATTATCT,,ATA,TAT,TAG,TTT,
JF490095,,,,TCC,ATT,GTGAATTATCT,,ATA,TAT,TGG,TTT,
JF490195,,,,TCC,ATT,GTGAATTATCT,,ATA,TAT,TGG,TTT,
JF490173,,,,TCC,ATT,GTGAATTATCT,,ATA,TAT,TGG,TTT,
JF490085,,,,TCC,ATT,GTGAATTATCT,,ATA,TAT,TGG,TTT,
JX027832,,,,TCC,ATT,GTGAATTATCT,,ATA,TAT,TGG,TTT,
JX027837,,,,TCC,ATT,GTGAATTATCT,,ATA,TAT,TGG,TTT,
KJ559104,,,,TCC,ATT,GTGAATTATCT,,ATA,TAT,TGG,TTT,
KJ626877,,,,TCC,ATT,GTGAATTATCT,,ATA,TAT,TGG,TTT,
KJ627054,,,,TCC,ATT,GTGAATTATCT,,ATA,TAT,TGG,TTT,
KJ627030,,,,TCC,ATT,GTGAATTATCT,,ATA,TAT,TGG,TTT,
KJ627019,,,,TCC,ATT,GTGAATTATCT,,ATA,TAT,TGG,TTT,
KJ626900,,,,TCC,ATT,GTGAATTATCT,,ATA,TAT,TGG,TTT,
KJ627122,,,,TCC,ATT,GTGAATTATCT,,ATA,TAT,TGG,TTT,
KJ626666,,,,TCC,ATT,GTGAATTATCT,,ATA,TAT,TGG,TTT,
KJ626655,,,,TCC,ATT,GTGAATTATCT,,ATA,TAT,TGG,TTT,
KJ627042,,,,TCC,ATT,GTGAATTATCT,,ATA,TAT,TGG,TTT,
KJ626813,,,,TCC,ATT,GTGAATTATCT,,ATA,TAT,TGG,TTT,
KJ559340,,,,TCC,ATT,GTGAATTATCT,,ATA,TAT,TGG,TTT,
KJ626622,,,,TCC,ATT,GTGAATTATCT,,ATA,TAT,TGG,TTT,
KJ752931,,,,TCC,ATT,GTGAATTATCT,,ATA,TAT,TGG,TTT,
KP752861,,,,TCC,ATT,GTGAATTATCT,,ATA,TAT,TGG,TTT,
JF490338,,,,TCC,ATT,GTGAATTATCT,,ATA,TAT,TGA,TTT,
JF490206,,,,TCC,ATT,GTGAATTATCT,,ATA,TAT,TGA,TTT,
JF490162,,,,TCC,ATT,GTGAATTATCT,,ATA,TAT,TGA,TTT,
JF490250,,,,TCC,ATT,GTGAATTATCT,,ATA,TAT,TGA,TTT,
JF490434,,,,TCC,ATT,GTGAATTATCT,,ATA,TAT,TGA,TTT,
JF490415,,,,TCC,ATT,GTGAATTATCT,,ATA,TAT,TGA,TTT,
JF490239,,,,TCC,ATT,GTGAATTATCT,,ATA,TAT,TGA,TTT,
JF490536,,,,TCC,ATT,GTGAATTATCT,,ATA,TAT,TGA,TTT,
JF490294,,,,TCC,ATT,GTGAATTATCT,,ATA,TAT,TGA,TTT,
JF490272,,,,TCC,ATT,GTGAATTATCT,,ATA,TAT,TGA,TTT,
JF490260,,,,TCC,ATT,GTGAATTATCT,,ATA,TAT,TGA,TTT,
JF490321,,,,TCC,ATT,GTGAATTATCT,,ATA,TAT,TGA,TTT,
JF490283,,,,TCC,ATT,GTGAATTATCT,,ATA,TAT,TGA,TTT,
JF490305,,,,TCC,ATT,GTGAATTATCT,,ATA,TAT,TGA,TTT,
JF490357,,,,TCC,ATT,GTGAATTATCT,,ATA,TAT,TGA,TTT,
JF490228,,,,TCC,ATT,GTGAATTATCT,,ATA,TAT,TGA,TTT,
JF490217,,,,TCC,ATT,GTGAATTATCT,,ATA,TAT,TGA,TTT,
JF490553,,,,TCC,ATT,GTGAATTATCT,,ATA,TAT,TGA,TTT,
JF490184,,,,TCC,ATT,GTGAATTATCT,,ATA,TAT,TGA,TTT,
JF490327,,,,TCC,ATT,GTGAATTATCT,,ATA,TAT,TGA,TTT,
KC769443,,,,TCC,ATT,GTGAATTATCT,,ATA,TAT,TGA,TTT,
JN258833,,,,TCC,ATT,GTGAATTATCT,,ATA,TAT,TGG,TTT,
KJ412750,,,,TCC,ATT,GTGAATTATCT,,ATA,TAT,TGA,TTT,
KJ412650,,,,TCC,ATT,GTGAATTATCT,,ATA,TAT,TGA,TTT,
KJ412581,,,,TCC,ATT,GTGAATTATCT,,ATA,TAT,TGA,TTT,
KJ412604,,,,TCC,ATT,GTGAATTATCT,,ATA,TAT,TGA,TTT,
KJ412825,,,,TCC,ATT,GTGAATTATCT,,ATA,TAT,TGA,TTT,
KJ412626,,,,TCC,ATT,GTGAATTATCT,,ATA,TAT,TGA,TTT,
KJ412781,,,,TCC,ATT,GTGAATTATCT,,ATA,TAT,TGA,TTT,
KJ412515,,,,TCC,ATT,GTGAATTATCT,,ATA,TAT,TGA,TTT,
KJ412759,,,,TCC,ATT,GTGAATTATCT,,ATA,TAT,TGA,TTT,
KJ412661,,,,TCC,ATT,GTGAATTATCT,,ATA,TAT,TGA,TTT,
KJ627133,,,,TCC,ATT,GTGAATTATCT,,ATA,TAT,TGA,TTT,
KJ626866,,,,TCC,ATT,GTGAATTATCT,,ATA,TAT,TGA,TTT,
KJ626791,,,,TCC,ATT,GTGAATTATCT,,ATA,TAT,TGA,TTT,
KJ626633,,,,TCC,ATT,GTGAATTATCT,,ATA,TAT,TGA,TTT,
KJ626911,,,,TCC,ATT,GTGAATTATCT,,ATA,TAT,TGA,TTT,
KJ626677,,,,TCC,ATT,GTGAATTATCT,,ATA,TAT,TGA,TTT,
KJ626508,,,,TCC,ATT,GTGAATTATCT,,ATA,TAT,TGA,TTT,
KJ626577,,,,TCC,ATT,GTGAATTATCT,,ATA,TAT,TGA,TTT,
KJ626644,,,,TCC,ATT,GTGAATTATCT,,ATA,TAT,TGA,TTT,
KJ412548,,,,TCC,ATT,GTGAATTATCT,,ATA,TAT,TGA,TTT,
KJ626802,,,,TCC,ATT,GTGAATTATCT,,ATA,TAT,TGA,TTT,
KJ627073,,,,TCC,ATT,GTGAATTATCT,,ATA,TAT,TGA,TTT,
KJ412859,,,,TCC,ATT,GTGAATTATCT,,ATA,TAT,TGG,TTT,
KJ412683,,,,TCC,ATT,GTGAATTATCT,,ATA,TAT,TGG,TTT,
KJ412889,,,,TCC,ATT,GTGAATTATCT,,ATA,TAT,TGG,TTT,
KJ412738,,,,TCC,ATT,GTGAATTATCT,,ATA,TAT,TGG,TTT,
KJ627084,,,,TCC,ATT,GTGAATTATCT,,ATA,TAT,TGA,TTT,
JX027902,,,,TCC,ATT,GTGAATTATCT,,ATA,TAT,TGA,TTT,
JX027914,,,,TCC,ATT,GTGAATTATCT,,ATA,TAT,TGA,TTT,
JX027892,,,,TCC,ATT,GTGAATTATCT,,ATA,TAT,TGA,TTT,
JX027870,,,,TCC,ATT,GTGAATTATCT,,ATA,TAT,TGA,TTT,
KJ753153,,,,TCC,ATT,GTGAATTATCT,,ATA,TAT,TGG,TTT,
KJ559221,,,,TCC,ATT,GTGAATTATCT,,ATA,TAT,TGG,TTT,
KF636141,,,,TCC,ATT,GTGAATTATCT,,ATA,TAT,TGG,TTT,
KJ752635,,,,TCC,ATT,GTGAATTATCT,,ATA,TAT,TGG,TTT,
KJ751873,,,,TCC,ATT,GTGAATTATCT,,ATA,TAT,TGG,TTT,
KP753196,,,,TCC,ATT,GTGAATTATCT,,ATA,TAT,TGG,TTT,
KJ752525,,,,TCC,ATT,GTGAATTATCT,,ATA,TAT,TGG,TTT,
KJ752464,,,,TCC,ATT,GTGAATTATCT,,ATA,TAT,TGG,TTT,
KP752929,,,,TCC,ATT,GTGAATTATCT,,ATA,TAT,TGG,TTT,
KJ752378,,,,TCC,ATT,GTGAATTATCT,,ATA,TAT,TGG,TTT,
KJ752290,,,,TCC,ATT,GTGAATTATCT,,ATA,TAT,TGG,TTT,
KP752940,,,,TCC,ATT,GTGAATTATCT,,ATA,TAT,TGG,TTT,
KJ870917,,,,TCC,ATT,GTGAATTATCT,,ATA,TAT,TGG,TTT,
KX632271,,,,TCC,ATT,GTGAATTATCT,,ATA,TAT,TGG,TTT,
KF636163,,,,TCC,ATT,GTGAATTATCT,,ATA,TAT,TGG,TTT,
KF636262,,,,TCC,ATT,GTGAATTATCT,,ATA,TAT,TGG,TTT,
KF636152,,,,TCC,ATT,GTGAATTATCT,,ATA,TAT,TGG,TTT,
KP752666,,,,TCC,ATT,GTGAATTATCT,,ATA,TAT,TGG,TTT,
KJ752255,,,,TCC,ATT,GTGAATTATCT,,ATA,TAT,TGG,TTT,
KJ751829,,,,TCC,ATT,GTGAATTATCT,,ATA,TAT,TGG,TTT,
KF636328,,,,TCC,ATT,GTGAATTATCT,,ATA,TAT,TGG,TTT,
KJ753055,,,,TCC,ATT,GTGAATTATCT,,ATA,TAT,TGG,TTT,
KP753012,,,,TCC,ATT,GTGAATTATCT,,ATA,TAT,TGG,TTT,
KJ753113,,,,TCC,ATT,GTGAATTATCT,,ATA,TAT,TGG,TTT,
KJ753795,,,,TCC,ATT,GTGAATTATCT,,ATA,TAT,TGG,TTT,
HQ392115,,,,TCC,ATT,GTGAATTATCT,,ATA,TAT,TGG,TTT,
HQ392379,,,,TCC,ATT,GTGAATTATCT,,ATA,TAT,TGG,TTT,
HQ392291,,,,TCC,ATT,GTGAATTATCT,,ATA,TAT,TGG,TTT,
KJ753046,,,,TCC,ATT,GTGAATTATCT,,ATA,TAT,TGG,TTT,
JX027815,,,,TCC,ATT,GTGAATTATCT,,ATA,TAT,TGG,TTT,
HQ392302,,,,TCC,ATT,GTGAATTATCT,,ATA,TAT,TGG,TTT,
KJ752591,,,,TCC,ATT,GTGAATTATCT,,ATA,TAT,TGG,TTT,
KJ751977,,,,TCC,ATT,GTGAATTATCT,,ATA,TAT,TGG,TTT,
KJ752032,,,,TCC,ATT,GTGAATTATCT,,ATA,TAT,TGG,TTT,
KJ751586,,,,TCC,ATT,GTGAATTATCT,,ATA,TAT,TGG,TTT,
MF168169,,,,TCC,ATT,GTGAATTATCT,,ATA,TAT,TGG,TTT,
MF168300,,,,TCC,ATT,GTGAATTATCT,,ATA,TAT,TGG,TTT,
MF469204,,,,TCC,ATT,GTGAATTATCT,,ATA,TAT,TAG,TTT,
LC368124,,,,TCC,ATT,GTGAATTATCT,,ATA,TAT,TGG,TTT,
LC368102,,,,TCC,ATT,GTGAATTATCT,,ATA,TAT,TGG,TTT,
LC372886,,,,TCC,ATT,GTGAATTATCT,,ATA,TAT,TGG,TTT,
LC372875,,,,TCC,ATT,GTGAATTATCT,,ATA,TAT,TGG,TTT,
LC372864,,,,TCC,ATT,GTGAATTATCT,,ATA,TAT,TGG,TTT,
LC372908,,,,TCC,ATT,GTGAATTATCT,,ATA,TAT,TGG,TTT,
LC368113,,,,TCC,ATT,GTGAATTATCT,,ATA,TAT,TGG,TTT,
LC372919,,,,TCC,ATT,GTGAATTATCT,,ATA,TAT,TGG,TTT,
LC372897,,,,TCC,ATT,GTGAATTATCT,,ATA,TAT,TGG,TTT,
LC367262,,,,TCC,ATT,GTGAATTATCT,,ATA,TAT,TGG,TTT,
LC368091,,,,TCC,ATT,GTGAATTATCT,,ATA,TAT,TGG,TTT,
LC367273,,,,TCC,ATT,GTGAATTATCT,,ATA,TAT,TGG,TTT,
LC372842,,,,TCC,ATT,GTGAATTATCT,,ATA,TAT,TGG,TTT,
LC372853,,,,TCC,ATT,GTGAATTATCT,,ATA,TAT,TGG,TTT,
KC193628,,,,TCC,ATT,GTGAATTATCT,,ATA,TAT,TGG,TTT,
KJ753441,,,,TCC,ATT,GTGAATTATCT,,ATA,TAT,TGA,TTT,
KJ752942,,,,TCC,ATT,GTGAATTATCT,,ATA,TAT,TGA,TTT,
KJ753330,,,,TCC,ATT,GTGAATTATCT,,ATA,TAT,TGA,TTT,
KJ753199,,,,TCC,ATT,GTGAATTATCT,,ATA,TAT,TGA,TTT,
KJ752279,,,,TCC,ATT,GTGAATTATCT,,ATA,TAT,TGG,TTT,
HQ392033,,,,TCC,ATT,GTGAATTATCT,,ATA,TAT,TGG,TTT,
HQ392434,,,,TCC,ATT,GTGAATTATCT,,ATA,TAT,TGG,TTT,
KC769344,,,,TCC,ATT,GTAAATTATCT,,ATA,TAT,CGG,TTT,
HQ392099,,,,TCC,ATT,GTGAATTATCT,,ATA,TAT,TGG,TTT,
HQ392024,,,,TCC,ATT,GTGAATTATCT,,ATA,TAT,TGG,TTT,
KJ820886,,,,TCC,ATT,GTGAATTATCT,,ATA,TAT,TGG,TTT,
KF372009,,,,TCC,ATT,GTGAATTACCT,,ATA,TAT,TGG,TTT,
MW384369,,,,TCC,ATT,GTGAATTATCT,,ATA,TAT,TGG,TTT,
MW384391,,,,TCC,ATT,GTGAATTATCT,,ATA,TAT,TGG,TTT,
MW384347,,,,TCC,ATT,GTGAATTATCT,,ATA,TAT,TGG,TTT,
MW384303,,,,TCC,ATT,GTGAATTATCT,,ATA,TAT,TGG,TTT,
JX027966,,,,TCC,ATT,GTGAATTATCT,,ATA,TAT,TGG,TTT,
KC769476,,,,TCC,ATT,GTGAATTATCT,,ATA,TAT,TGG,TTT,
JX027943,,,,TCC,ATT,GTGAATTATCT,,ATA,TAT,TGG,TTT,
JX027947,,,,TCC,ATT,GTGAATTATCT,,ATA,TAT,TGG,TTT,
JX027968,,,,TCC,ATT,GTGAATTATCT,,ATA,TAT,TGG,TTT,
JN258925,,,,TCC,ATT,GTGAATTATCT,,ATA,TAT,TGG,TTT,
KC769377,,,,TCC,ATT,GTGAATTATCT,,ATA,TAT,TGG,TTT,
JF490360,,,,TCC,ATT,GTGAATTATCT,,ATA,TAT,TGG,TTT,
JX027924,,,,TCC,ATT,GTGAATTATCT,,ATA,TAT,TGG,TTT,
HQ392345,,,,TCC,ATT,GTGAATTATCT,,ATA,TAT,TGG,TTT,
LC367284,,,,TCC,ATT,GTGAATTATCT,,ATA,TAT,TGG,TTT,
LC374088,,,,TCC,ATT,GTGAATTATCT,,ATA,TAT,TGG,TTT,
LC374077,,,,TCC,ATT,GTGAATTATCT,,ATA,TAT,TGG,TTT,
LC374121,,,,TCC,ATT,GTGAATTATCT,,ATA,TAT,TGG,TTT,
LC374099,,,,TCC,ATT,GTGAATTATCT,,ATA,TAT,TGG,TTT,
LC374066,,,,TCC,ATT,GTGAATTATCT,,ATA,TAT,TGG,TTT,
LC374110,,,,TCC,ATT,GTGAATTATCT,,ATA,TAT,TGG,TTT,
LC374033,,,,TCC,ATT,GTGAATTATCT,,ATA,TAT,TGG,TTT,
MH182450,,,,TCC,ATT,GTGAATTATCT,,ATA,TAT,TGG,TTT,
JX027881,,,,TCC,ATT,GTGAATTATCT,,ATA,TAT,TGG,TTT,
HQ392243,,,,TCC,ATT,GTGAATTATCT,,ATA,TAT,TGG,TTT,
HQ392313,,,,TCC,ATT,GTGAATTATCT,,ATA,TAT,TGG,TTT,
HQ392181,,,,TCC,ATT,GTGAATTATCT,,ATA,TAT,TGG,TTT,
JF490107,,,,TCC,ATT,GTGAATTATCT,,ATA,TAT,TGG,TTT,
JF490525,,,,TCC,ATT,GTGAATTATCT,,ATA,TAT,TGG,TTT,
JF490118,,,,TCC,ATT,GTGAATTATCT,,ATA,TAT,TGG,TTT,
JF490129,,,,TCC,ATT,GTGAATTATCT,,ATA,TAT,TGG,TTT,
JN258821,,,,TCC,ATT,GTGAATTATCT,,ATA,TAT,TGG,TTT,
KJ412705,,,,TCC,ATT,GTGAATTATCT,,ATA,TAT,TGG,TTT,
JX027847,,,,TCC,ATT,GTGAATTATCT,,ATA,TAT,TGG,TTT,
HQ392013,,,,TCC,ATT,GTGAATTATCT,,ATA,TAT,TGA,TTT,
KF812765,,,,TCC,ATT,GTGAATTATCT,,ATA,TAT,TGA,TTT,
KF812767,,,,TCC,ATT,GTGAATTATCT,,ATA,TAT,TGA,TTT,
KF812766,,,,TCC,ATT,GTGAATTATCT,,ATA,TAT,TGA,TTT,
KF812759,,,,TCC,ATT,GTGAATTATCT,,ATA,TAT,TGA,TTT,
KF812761,,,,TCC,ATT,GTGAATTATCT,,ATA,TAT,TGA,TTT,
KF812763,,,,TCC,ATT,GTGAATTATCT,,ATA,TAT,TGA,TTT,
KF812760,,,,TCC,ATT,GTGAATTATCT,,ATA,TAT,TGA,TTT,
KF812762,,,,TCC,ATT,GTGAATTATCT,,ATA,TAT,TGA,TTT,
KF812764,,,,TCC,ATT,GTGAATTATCT,,ATA,TAT,TGA,TTT,
KF636207,,,,TCC,ATT,GTGAATTATCT,,ATA,TAT,TGG,TTT,
KF636185,,,,TCC,ATT,GTGAATTATCT,,ATA,TAT,TGG,TTT,
KJ753188,,,,TCC,ATT,GTGAATTATCT,,ATA,TAT,TGG,TTT,
KF636273,,,,TCC,ATT,GTGAATTATCT,,ATA,TAT,TGG,TTT,
KF636229,,,,TCC,ATT,GTGAATTATCT,,ATA,TAT,TGG,TTT,
KF636196,,,,TCC,ATT,GTGAATTATCT,,ATA,TAT,TGG,TTT,
KF636174,,,,TCC,ATT,GTGAATTATCT,,ATA,TAT,TGG,TTT,
KJ752975,,,,TCC,ATT,GTGAATTATCT,,ATA,TAT,TGG,TTT,
KX362596,,,,TCC,ATT,GTGAATTATCT,,ATA,TAT,TGG,TTT,
KX362968,,,,TCC,ATT,GTGAATTATCT,,ATA,TAT,TGG,TTT,
KX363001,,,,TCC,ATT,GTGAATTATCT,,ATA,TAT,TGG,TTT,
KX363164,,,,TCC,ATT,GTGAATTATCT,,ATA,TAT,TGG,TTT,
KX362957,,,,TCC,ATT,GTGAATTATCT,,ATA,TAT,TGG,TTT,
KX363240,,,,TCC,ATT,GTGAATTATCT,,ATA,TAT,TGG,TTT,
KX362990,,,,TCC,ATT,GTGAATTATCT,,ATA,TAT,TGG,TTT,
KX363023,,,,TCC,ATT,GTGAATTATCT,,ATA,TAT,TGG,TTT,
KX362892,,,,TCC,ATT,GTGAATTATCT,,ATA,TAT,TGG,TTT,
KX362816,,,,TCC,ATT,GTGAATTATCT,,ATA,TAT,TGG,TTT,
KX362607,,,,TCC,ATT,GTGAATTATCT,,ATA,TAT,TGG,TTT,
KX362761,,,,TCC,ATT,GTGAATTATCT,,ATA,TAT,TGG,TTT,
KX362870,,,,TCC,ATT,GTGAATTATCT,,ATA,TAT,TGG,TTT,
KX362684,,,,TCC,ATT,GTGAATTATCT,,ATA,TAT,TGG,TTT,
KX363271,,,,TCC,ATT,GTGAATTATCT,,ATA,TAT,TGG,TTT,
KX363034,,,,TCC,ATT,GTGAATTATCT,,ATA,TAT,TGG,TTT,
KX363224,,,,TCC,ATT,GTGAATTATCT,,ATA,TAT,TGG,TTT,
KX363012,,,,TCC,ATT,GTGAATTATCT,,ATA,TAT,TGG,TTT,
KX362945,,,,TCC,ATT,GTGAATTATCT,,ATA,TAT,TGG,TTT,
KX363128,,,,TCC,ATT,GTGAATTATCT,,ATA,TAT,TGG,TTT,
KX363142,,,,TCC,ATT,GTGAATTATCT,,ATA,TAT,TGG,TTT,
KJ751818,,,,TCC,ATT,GTGAATTATCT,,ATA,TAT,TGG,TTT,
KP753207,,,,TCC,ATT,GTGAATTATCT,,ATA,TAT,TGG,TTC,
KF371846,,,,TCC,ATT,GTGAATTATCT,,ATA,TAT,TGG,TTT,
KF371868,,,,TCC,ATT,GTGAATTATCT,,ATA,TAT,TAG,TTT,
KF371998,,,,TCC,ATT,GTGAATTATCT,,ATA,TAT,TGG,TTT,
KF371835,,,,TCC,ATT,GTGAATTATCT,,ATA,TAT,TGG,TTT,
KF371910,,,,TCC,ATT,GTGAATTATCT,,ATA,TAT,TGG,TTT,
KF371747,,,,TCC,ATT,GTGAATTATCT,,ATA,TAT,TGG,TTT,
KF371758,,,,TCC,ATT,GTGAATTATCT,,ATA,TAT,TGG,TTT,
KF371791,,,,TCC,ATT,GTGAATTATCT,,ATA,TAT,TGG,TTT,
KF371780,,,,TCC,ATT,GTGAATTATTT,,ATA,TAT,TGG,TTT,
KJ583158,,,,TCC,ATT,GTGAATTATCT,,ATA,TAT,TGG,TTT,
KT919498,,,,TCC,ATT,GTGAATTATCT,,GTA,TAT,TGG,TTT,
KJ583169,,,,TCC,ATT,GTGAATTATCT,,ATA,TAT,TGA,TTT,
HQ392334,,,,TCC,ATT,GTGAATTATCT,,ATA,TAT,TGG,TTT,
MH171409,,,,TCC,ATT,GTGAATTATCT,,ATA,TAT,TGG,TTT,
MH171410,,,,TCC,ATT,GTGAATTATCT,,ATA,TAT,TGG,TTT,
MN066738,,,,TCC,ATT,GTGAATTATCT,,ATA,TAT,TGG,TTT,
MN067116,,,,TCC,ATT,GTGAATTATCT,,ATA,TAT,TGG,TTT,
MH002246,,,,TCC,ATT,GTGAATTATCT,,ATA,TAT,TGG,TTT,
LC105440,,,,TCC,ATT,GTGAATTATCT,,ATA,TAT,TAG,TTT,
MG181497,,,,TCC,ATT,GTGAATTATCT,,ATA,TAT,TGA,TTT,
MG181552,,,,TCC,ATT,GTGAATTATCT,,ATA,TAT,TGA,TTT,
MG181519,,,,TCC,ATT,GTGAATTATCT,,ATA,TAT,TGA,TTT,
MG181530,,,,TCC,ATT,GTGAATTATCT,,ATA,TAT,TGA,TTT,
KF812758,,,,TCC,ATT,GTGAATTATCT,,ATA,TAT,TGG,TTT,
KF812757,,,,TCC,ATT,GTGAATTATCT,,ATA,TAT,TGG,TTT,
KF812756,,,,TCC,ATT,GTGAATTATCT,,ATA,TAT,TGA,TTT,
KF812755,,,,TCC,ATT,GTGAATTATCT,,ATA,TAT,TGA,TTT,
KX778485,,,,TCC,ATT,GTGAATTATCT,,ATA,TAT,TGG,TTT,
KX778480,,,,TCC,ATT,GTGAATTATCT,,ATA,TAT,TGG,TTT,
KX778477,,,,TCC,ATT,GTGAATTATCT,,ATA,TAT,TGG,TTT,
KX778486,,,,TCC,ATT,GTGAATTATCT,,ATA,TAT,TGG,TTT,
KX778479,,,,TCC,ATT,GTGAATTATCT,,ATA,TAT,TGA,TTT,
MW384358,,,,TCC,ATT,GTGAATTATCT,,ATA,TAT,TGG,TTT,
MW384380,,,,TCC,ATT,GTGAATTATCT,,ATA,TAT,TGG,TTT,
MW384336,,,,TCC,ATT,GTGAATTATCT,,ATA,TAT,TGG,TTT,
MW384314,,,,TCC,ATT,GTGAATTATCT,,ATA,TAT,TGG,TTT,
MW384325,,,,TCC,ATT,GTGAATTATCT,,ATA,TAT,TGG,TTT,
MW384402,,,,TCC,ATT,GTGAATTATCT,,ATA,TAT,TGG,TTT,
KX778484,,,,TCC,ATT,GTGAATTATCT,,ATA,TAT,TGG,TTT,
KX778481,,,,TCC,ATT,GTGAATTATCT,,ATA,TAT,TGG,TTT,
KX778488,,,,TCC,ATT,GTGAATTATCT,,ATA,TAT,TGG,TTT,
KX778487,,,,TCC,ATT,GTGAATTATCT,,ATA,TAT,TGG,TTT,
KX778483,,,,TCC,ATT,GTGAATTATCT,,ATA,TAT,TGG,TTT,
KX778478,,,,TCC,ATT,GTGAATTATCT,,ATA,TAT,TGG,TTT,
LC105266,,,,TCC,ATT,GTGAATTATCT,,ATA,TAT,TGG,TTT,
LC105298,,,,TCC,ATT,GTGAATTATCT,,ATA,TAT,TGG,TTT,
LC105320,,,,TCC,ATT,GTGAATTATCT,,ATA,TAT,TGG,TTT,
LC105331,,,,TCC,ATT,GTGAATTATCT,,ATA,TAT,TGG,TTT,
LC105353,,,,TCC,ATT,GTGAATTATCT,,ATA,TAT,TGG,TTT,
LC105342,,,,TCC,ATT,GTGAATTATCT,,ATA,TAT,TGG,TTT,
LC105276,,,,TCC,ATT,GTGAATTATCT,,ATA,TAT,TGG,TTT,
LC105309,,,,TCC,ATT,GTGAATTATCT,,ATA,TAT,TGG,TTT,
KX778482,,,,TCC,ATT,GTGAATTATCT,,ATA,TAT,TGG,TTT,
LC105220,,,,TCC,ATT,GTGAATTATCT,,ATA,TAT,TGG,TTT,
LC105364,,,,TCC,ATT,GTGAATTATCT,,ATA,TAT,TGG,TTT,
LC105094,,,,TCC,ATT,GTGAATTATCT,,ATA,TAT,TGG,TTT,
LC105418,,,,TCC,ATT,GTGAATTATCT,,ATA,TAT,TGG,TTT,
LC105375,,,,TCC,ATT,GTGAATTATCT,,ATA,TAT,TGG,TTT,
LC105406,,,,TCC,ATT,GTGAATTATCT,,ATA,TAT,TGG,TTT,
LC105506,,,,TCC,ATT,GTGAATTATCT,,ATA,TAT,TGG,TTT,
LC105017,,,,TCC,ATT,GTGAATTATCT,,ATA,TAT,TGG,TTT,
LC105050,,,,TCC,ATT,GTGAATTATCT,,ATA,TAT,TGG,TTT,
LC105039,,,,TCC,ATT,GTGAATTATCT,,ATA,TAT,TGG,TTT,
LC105061,,,,TCC,ATT,GTGAATTATCT,,ATA,TAT,TGG,TTT,
LC105451,,,,TCC,ATT,GTGAATTATCT,,ATA,TAT,TGG,TTT,
LC105462,,,,TCC,ATT,GTGAATTATCT,,ATA,TAT,TGG,TTT,
LC105495,,,,TCC,ATT,GTGAATTATCT,,ATA,TAT,TGG,TTT,
LC105528,,,,TCC,ATT,GTGAATTATCT,,ATA,TAT,TGG,TTT,
LC105484,,,,TCC,ATT,GTGAATTATCT,,ATA,TAT,TGG,TTT,
LC105517,,,,TCC,ATT,GTGAATTATCT,,ATA,TAT,TGG,TTT,
LC105473,,,,TCC,ATT,GTGAATTATCT,,ATA,TAT,TGG,TTT,
MN529648,,,,TCC,ATT,GTGAATTATCT,,ATA,TAT,TGG,TTT,
MN529649,,,,TCC,ATT,GTGAATTATCT,,ATA,TAT,TGG,TTT,
MN529650,,,,TCC,ATT,GTGAATTATCT,,ATA,TAT,TGG,TTT,
KJ753077,,,,TCC,ATT,GTAAATTATCT,,ATA,TAT,TGA,TTT,
KP752748,,,,TCC,ATT,GTAAATTATCT,,ATA,TAT,TGA,TTT,
MZ094792,,,,TCC,ATT,GTAAATTATCT,,ATA,TAT,TGA,TTT,
MZ094824,,,,TCC,ATT,GTAAATTATCT,,ATA,TAT,TGA,TTT,
MZ094835,,,,TCC,ATT,GTAAATTATCT,,ATA,TAT,TGA,TTT,
MZ094857,,,,TCC,ATT,GTAAATTATCT,,ATA,TAT,TGA,TTT,
MZ094738,,,,TCC,ATT,GTAAATTATCT,,ATA,TAT,TGA,TTT,
MZ097009,,,,TCC,ATT,GTAAATTATCT,,ATA,TAT,TGA,TTT,
MZ097031,,,,TCC,ATT,GTAAATTATCT,,ATA,TAT,TGA,TTT,
MZ094595,,,,TCC,ATT,GTAAATTATCT,,ATA,TAT,TGA,TTT,
MZ094900,,,,TCC,ATT,GTAAATTATCT,,ATA,TAT,TGA,TTT,
MZ094944,,,,TCC,ATT,GTAAATTATCT,,ATA,TAT,TGA,TTT,
MZ094463,,,,TCC,ATT,GTAAATTATCT,,ATA,TAT,TGA,TTT,
MZ094562,,,,TCC,ATT,GTAAATTATCT,,ATA,TAT,TGA,TTT,
MZ094988,,,,TCC,ATT,GTAAATTATCT,,ATA,TAT,TGA,TTT,
MZ094452,,,,TCC,ATT,GTAAATTATCT,,ATA,TAT,TGA,TTT,
MZ093809,,,,TCC,ATT,GTAAATTATCT,,ATA,TAT,TGA,TTT,
MZ094672,,,,TCC,ATT,GTAAATTATCT,,ATA,TAT,TGA,TTT,
MZ095307,,,,TCC,ATT,GTAAATTATCT,,ATA,TAT,TGA,TTT,
MZ095252,,,,TCC,ATT,GTAAATTATCT,,ATA,TAT,TGA,TTT,
MZ095263,,,,TCC,ATT,GTAAATTATCT,,ATA,TAT,TGA,TTT,
MZ095296,,,,TCC,ATT,GTAAATTATCT,,ATA,TAT,TGA,TTT,
MZ094803,,,,TCC,ATT,GTAAATTATCT,,ATA,TAT,TGA,TTT,
MZ094683,,,,TCC,ATT,GTAAATTATCT,,ATA,TAT,TGA,TTT,
MZ095032,,,,TCC,ATT,GTAAATTATCT,,ATA,TAT,TAA,TTT,
MZ095076,,,,TCC,ATT,GTAAATTATCT,,ATA,TAT,TGA,TTT,
MZ095393,,,,TCC,ATT,GTAAATTATAT,,ATA,TAT,TGA,TTT,
MZ095316,,,,TCC,ATT,GTAAATTATCT,,ATA,TAT,TGA,TTT,
MZ095327,,,,TCC,ATT,GTAAATTATCT,,ATA,TAT,TGA,TTT,
MZ095131,,,,TCC,ATT,GTAAATTATTT,,ATA,TAT,TGA,TTT,
MZ095219,,,,TCC,ATT,GTAAATTATTT,,ATA,TAT,TGA,TTT,
MZ097086,,,,TCC,ATT,GTAAATTATTT,,ATA,TAT,TGA,TTT,
MZ095197,,,,TCC,ATT,GTAAATTATTT,,ATA,TAT,TGA,TTT,
MZ097020,,,,TCC,ATT,GTAAATTATCT,,ATA,TAT,TGA,TTT,
MZ093895,,,,TCC,ATT,GTAAATTATCT,,ATA,TAT,TGA,TTT,
MZ094813,,,,TCC,ATT,GTAAATTATCT,,ATA,TAT,TGA,TTT,
MZ097053,,,,TCC,ATT,GTAAATTATCT,,ATA,TAT,TGA,TTT,
MZ094955,,,,TCC,ATT,GTAAATTATCT,,ATA,TAT,TGA,TTT,
MZ094496,,,,TCC,ATT,GTAAATTATCT,,ATA,TAT,TGA,TTT,
MZ094507,,,,TCC,ATT,GTAAATTATCT,,ATA,TAT,TGA,TTT,
MZ094529,,,,TCC,ATT,GTAAATTATCT,,ATA,TAT,TGA,TTT,
MZ094551,,,,TCC,ATT,GTAAATTATCT,,ATA,TAT,TGA,TTT,
MZ094573,,,,TCC,ATT,GTAAATTATCT,,ATA,TAT,TGA,TTT,
MZ094617,,,,TCC,ATT,GTAAATTATCT,,ATA,TAT,TGA,TTT,
MZ094650,,,,TCC,ATT,GTAAATTATCT,,ATA,TAT,TGA,TTT,
MZ094661,,,,TCC,ATT,GTAAATTATCT,,ATA,TAT,TGA,TTT,
MZ094727,,,,TCC,ATT,GTAAATTATCT,,ATA,TAT,TGA,TTT,
MZ094771,,,,TCC,ATT,GTAAATTATCT,,ATA,TAT,TGA,TTT,
MZ094781,,,,TCC,ATT,GTAAATTATCT,,ATA,TAT,TGA,TTT,
MZ094889,,,,TCC,ATT,GTAAATTATCT,,ATA,TAT,TGA,TTT,
MZ094911,,,,TCC,ATT,GTAAATTATCT,,ATA,TAT,TGA,TTT,
MZ094922,,,,TCC,ATT,GTAAATTATCT,,ATA,TAT,TGA,TTT,
MZ094933,,,,TCC,ATT,GTAAATTATCT,,ATA,TAT,TGA,TTT,
MZ094540,,,,TCC,ATT,GTAAATTATCT,,ATA,TAT,TGA,TTT,
MZ095010,,,,TCC,ATT,GTAAATTATCT,,ATA,TAT,TGA,TTT,
MZ094628,,,,TCC,ATT,GTAAATTATCT,,ATA,TAT,TGA,TTT,
MZ094999,,,,TCC,ATT,GTAAATTATCT,,ATA,TAT,TGA,TTT,
MZ094716,,,,TCC,ATT,GTAAATTATCT,,ATA,TAT,TGA,TTT,
MZ095021,,,,TCC,ATT,GTAAATTATCT,,ATA,TAT,TGA,TTT,
MZ095043,,,,TCC,ATT,GTAAATTATCT,,ATA,TAT,TGA,TTT,
MZ095054,,,,TCC,ATT,GTAAATTATCT,,ATA,TAT,TGA,TTT,
MZ095087,,,,TCC,ATT,GTAAATTATCT,,ATA,TAT,TGA,TTT,
MZ095230,,,,TCC,ATT,GTAAATTATCT,,ATA,TAT,TGA,TTT,
MZ095065,,,,TCC,ATT,GTAAATTATCT,,ATA,TAT,TGA,TTT,
MZ095208,,,,TCC,ATT,GTAAATTATCT,,ATA,TAT,TGA,TTT,
MZ095274,,,,TCC,ATT,GTAAATTATCT,,ATA,TAT,TGA,TTT,
MZ094441,,,,TCC,ATT,GTAAATTATCT,,ATA,TAT,TGA,TTT,
MZ094639,,,,TCC,ATT,GTAAATTATCT,,ATA,TAT,TGA,TTT,
MZ097064,,,,TCC,ATT,GTAAATTATCT,,ATA,TAT,TGA,TTT,
MZ095098,,,,TCC,ATT,GTAAATTATCT,,ATA,TAT,TGA,TTT,
MZ095120,,,,TCC,ATT,GTAAATTATCT,,ATA,TAT,TGA,TTT,
MZ094977,,,,TCC,ATT,GTAAATTATCT,,ATA,TAT,TGA,TTT,
MZ095175,,,,TCC,ATT,GTAAATTATCT,,ATA,TAT,TGA,TTT,
MZ095338,,,,TCC,ATT,GTAAATTATCT,,ATA,TAT,TGA,TTT,
MZ096899,,,,TCC,ATT,GTAAATTATCT,,ATA,TAT,TGA,TTT,
MZ095241,,,,TCC,ATT,GTAAATTATCT,,ATA,TAT,TGA,TTT,
MZ095285,,,,TCC,ATT,GTAAATTATCT,,ATA,TAT,TGA,TTT,
MZ094868,,,,TCC,ATT,GTAAATTATCT,,ATA,TAT,TGA,TTT,
MZ097042,,,,TCC,ATT,GTAAATTATCT,,ATA,TAT,TGA,TTT,
MZ094749,,,,TCC,ATT,GTAAATTATCT,,ATA,TAT,TGA,TTT,
MZ093799,,,,TCC,ATT,GTAAATTATCT,,ATA,TAT,TGA,TTT,
MZ093864,,,,TCC,ATT,GTAAATTATCT,,ATA,TAT,TGA,TTT,
MZ094694,,,,TCC,ATT,GTAAATTATCT,,ATA,TAT,TGA,TTT,
MZ094474,,,,TCC,ATT,GTAAATTATCT,,ATA,TAT,TGA,TTT,
MZ094584,,,,TCC,ATT,GTAAATTATCT,,ATA,TAT,TGA,TTT,
MZ094606,,,,TCC,ATT,GTAAATTATCT,,ATA,TAT,TGA,TTT,
MZ095109,,,,TCC,ATT,GTAAATTATCT,,ATA,TAT,TGA,TTT,
MZ094966,,,,TCC,ATT,GTAAATTATCT,,ATA,TAT,TGA,TTT,
KJ751752,,,,TCC,ATT,GTAAGTTATCT,,ATA,TAT,TGA,TTT,
KX632304,,,,TCC,ATT,GTAAATTATCT,,ATA,TAT,TGA,TTT,
KX632293,,,,TCC,ATT,GTAAATTATCT,,ATA,TAT,TGA,TTT,
KX632249,,,,TCC,ATT,GTAAATTATCT,,ATA,TAT,TGA,TTT,
MZ093946,,,,TCC,ATT,GTAAGTTATCT,,ATA,TAT,TGA,TTT,
MZ094879,,,,TCC,ATT,GTAAATTATCT,,ATA,TAT,TGA,TTT,
MZ094485,,,,TCC,ATT,GTAAATTATCT,,ATA,TAT,TGA,TTT,
JX509930,,,,TCC,ATT,GTGAATTATCT,,ATA,TAT,TGG,TTT,
EU984098,,,,TCC,ATC,GTGAATTATCT,,ATA,TAT,TGG,TTT,
KT919112,,,,TCC,ATC,GTGAATTATCT,,ATA,TAT,TGG,TTT,
MF168123,,,,TCC,ATC,GTGAATTATCT,,ATA,TAT,TGG,TTT,
MF168061,,,,TCC,ATC,GTGAATTATCT,,ATA,TAT,TGG,TTT,
KF636218,,,,TCC,ATT,GTGAATTATCT,,ATA,TAT,TGG,TTT,
KP752737,,,,TCC,ATT,GTGAATTATCT,,ATA,TAT,TGG,TTT,
KJ752558,,,,TCC,ATT,GTGAATTATCT,,ATA,TAT,TGG,TTT,
KJ753232,,,,TCC,ATT,GTGAATTATCT,,ATA,TAT,TGG,TTT,
KJ753577,,,,TCC,ATT,GTGAATTATCT,,ATA,TAT,TGG,TTT,
KJ753088,,,,TCC,ATT,GTGAATTATCT,,ATA,TAT,TGG,TTT,
KJ753771,,,,TCC,ATT,GTGAATTATCT,,ATA,TAT,TGG,TTT,
KJ752896,,,,TCC,ATT,GTGAATTATCT,,ATA,TAT,TGG,TTT,
KJ753298,,,,TCC,ATT,GTGAATTATCT,,ATA,TAT,TGG,TTT,
KJ753611,,,,TCC,ATT,GTGAATTATCT,,ATA,TAT,TGG,TTT,
KJ753669,,,,TCC,ATT,GTGAATTATCT,,ATA,TAT,TGG,TTT,
KJ752411,,,,TCC,ATT,GTGAATTATCT,,ATA,TAT,TGG,TTT,
KP752421,,,,TCC,ATT,GTGAATTATCT,,ATA,TAT,TGG,TTT,
KJ752964,,,,TCC,ATT,GTGAATTATCT,,ATA,TAT,TGG,TTT,
KJ752953,,,,TCC,ATT,GTGAATTATCT,,ATA,TAT,TGG,TTT,
KJ752492,,,,TCC,ATT,GTGAATTATCT,,ATA,TAT,TGG,TTT,
KJ753243,,,,TCC,ATT,GTGAATTATCT,,ATA,TAT,TGG,TTT,
KJ752422,,,,TCC,ATT,GTGAATTATCT,,ATA,TAT,TGG,TTT,
KJ753496,,,,TCC,ATT,GTGAATTATCT,,ATA,TAT,TGG,TTT,
KJ753760,,,,TCC,ATT,GTGAATTATCT,,ATA,TAT,TGG,TTT,
KJ752323,,,,TCC,ATT,GTGAATTATCT,,ATA,TAT,TGG,TTT,
KJ753836,,,,TCC,ATT,GTGAATTATCT,,ATA,TAT,TGG,TTT,
KJ753254,,,,TCC,ATT,GTGAATTATCT,,ATA,TAT,TGG,TTT,
KJ752536,,,,TCC,ATT,GTGAATTATCT,,ATA,TAT,TGG,TTT,
KJ753507,,,,TCC,ATT,GTGAATTATCT,,ATA,TAT,TGG,TTT,
KC443571,,,,TCC,ATT,GTGAATTATCT,,ATA,TAT,TGG,TTT,
JN258854,,,,TCC,ATT,GTGAATTATCT,,ATA,TAT,TGG,TTT,
KJ751763,,,,TCC,ATT,GTGAATTATCT,,ATA,TAT,TGG,TTT,
KC193618,,,,TCC,ATT,GTGAATTATCT,,ATA,TAT,TGG,TTT,
KJ559199,,,,TCC,ATT,GTGACTTATCT,,ATA,TAT,TGG,TTT,
KJ559351,,,,TCC,ATT,GTGAATTATCT,,ATA,TAT,TGG,TTT,
KJ626836,,,,TCC,ATT,GTGAATTATCT,,ATA,TAT,TGG,TTT,
KJ559362,,,,TCC,ATT,GTGAATTATCT,,ATA,TAT,TGG,TTT,
KJ627106,,,,TCC,ATT,GTGAATTATCT,,ATA,TAT,TGG,TTT,
KJ559329,,,,TCC,ATT,GTGAATTATCT,,ATA,TAT,TGG,TTT,
KJ559232,,,,TCC,ATT,GTGAATTATCT,,ATA,TAT,TGG,TTT,
KJ559266,,,,TCC,ATT,GTGAATTATCT,,ATA,TAT,TGG,TTT,
KJ627144,,,,TCC,ATT,GTGAATTATCT,,ATA,TAT,TGG,TTT,
KJ559120,,,,TCC,ATT,GTGAATTATCT,,ATA,TAT,TGG,TTT,
KJ559384,,,,TCC,ATT,GTGAATTATCT,,ATA,TAT,TGG,TTT,
KJ559285,,,,TCC,ATT,GTGAATTATCT,,ATA,TAT,TGG,TTT,
KJ559255,,,,TCC,ATT,GTGAATTATCT,,ATA,TAT,TGG,TTT,
KJ559318,,,,TCC,ATT,GTGAATTATCT,,ATA,TAT,TGG,TTT,
KJ626519,,,,TCC,ATT,GTGAATTATCT,,ATA,TAT,TGG,TTT,
KJ559143,,,,TCC,ATT,GTGAATTATCT,,ATA,TAT,TGG,TTT,
KJ559103,,,,TCC,ATT,GTGAATTATCT,,ATA,TAT,TGG,TTT,
KJ559296,,,,TCC,ATT,GCGAATTATCT,,ATA,TAT,TGG,TTT,
MG181431,,,,TCC,ATT,GTGAATTATCT,,ATA,TAT,TGG,TTT,
KJ752624,,,,TCC,ATT,GTGAATTATCT,,ATA,TAT,TGG,TTT,
HQ392392,,,,TCC,ATT,GTGAATTATCT,,ATA,TAT,TGG,TTT,
KC193607,,,,TCC,ATT,GTGAATTATCT,,ATA,TAT,TGG,TTT,
HQ392001,,,,TCC,ATT,GTGAATTATCT,,ATA,TAT,TGG,TTT,
HQ392210,,,,TCC,ATT,GTGAATTATCT,,ATC,TAT,TGG,TTT,
KC195762,,,,TCC,ATT,GTGAATTATCT,,ATA,TAT,TGG,TTT,
HQ392445,,,,TCC,ATT,GTGAATTATCT,,ATA,TAT,TGG,TTT,
JN258944,,,,TCC,ATT,GTGAATTATCT,,ATA,TAT,TGG,TTT,
HQ392454,,,,TCC,ATT,GTGAATTATCT,,ATA,TAT,TGG,TTT,
HQ392214,,,,TCC,ATT,GTGAATTATCT,,ATA,TAT,TGG,TTT,
HQ392174,,,,TCC,ATT,GTGAATTATCT,,ATA,TAT,TGG,TTT,
HQ392143,,,,TCC,ATT,GTGAATTATCT,,ATA,TAT,TGG,TTT,
HQ392191,,,,TCC,ATT,GTGAATTATCT,,ATA,TAT,TGG,TTT,
HQ392225,,,,TCC,ATT,GTGAATTATCT,,ATA,TAT,TGG,TTT,
HQ392131,,,,TCC,ATT,GTGAATTATCT,,ATA,TAT,TGG,TTT,
HQ392087,,,,TCC,ATT,GTGAATTATCT,,ATA,TAT,TGG,TTT,
HQ392103,,,,TCC,ATT,GTGAATTATCT,,ATA,TAT,TGG,TTT,
HQ392323,,,,TCC,ATT,GTGAATTATCT,,ATA,TAT,TGG,TTT,
HQ392357,,,,TCC,ATT,GTGAATTATCT,,ATA,TAT,TGG,TTT,
HQ392269,,,,TCC,ATT,GTGAATTATCT,,ATA,TAT,TGG,TTT,
JN258907,,,,TCC,ATT,GTGAATTATCT,,ATA,TAT,TGG,TTT,
KC195764,,,,TCC,ATT,GTGAATTATCT,,ATA,TAT,TGG,TTT,
HQ392037,,,,TCC,ATT,GTGAATTATCT,,ATA,TAT,TGG,TTT,
HQ392063,,,,TCC,ATT,GTGAATTATCT,,ATA,TAT,TGG,TTT,
JN258914,,,,TCC,ATT,GTGAATTACCT,,ATA,TAT,TGG,TTT,
KP752632,,,,TCC,ATT,GTGAATTATCT,,ATA,TAT,TGG,TTT,
KU360956,,,,TCC,ATT,GTGAATTATCT,,ATA,TAT,TGG,TTT,
KP645284,,,,TCC,ATT,GTGAATTATCT,,ATA,TAT,TGG,TTT,
KP645262,,,,TCC,ATT,GTGAATTATCT,,ATA,TAT,TGG,TTT,
KP645317,,,,TCC,ATT,GTGAATTATCT,,ATA,TAT,TGG,TTT,
MZ094430,,,,TCC,ATT,GTGAATTACCT,,ATA,TAT,TGG,CTT,
JN258887,,,,TCC,ATT,GTGAATTATCT,,ATA,TAT,TGG,TTT,
JN258801,,,,TCC,ATT,GTGAATTATCT,,ATA,TAT,TGG,TTT,
KY634766,,,,TCC,ATT,GTGAATTATCT,,ATA,TAT,TGG,TTC,
KY634755,,,,TCC,ATT,GTGAATTATCT,,ATA,TAT,TGG,TTC,
KY634692,,,,TCC,ATT,GTGAATTATCT,,ATA,TAT,TGG,TTT,
KY634589,,,,TCC,ATT,GTGAATTATCT,,ATA,TAT,TGG,TTT,
KY634578,,,,TCC,ATT,GTGAATTATCT,,ATA,TAT,TGG,TTT,
KY634534,,,,TCC,ATT,GTGAATTATCT,,ATA,TAT,TGG,TTT,
KY634600,,,,TCC,ATT,GTGAATTATCT,,ATA,TAT,TGG,TTT,
KY634648,,,,TCC,ATT,GTGAATTATCT,,ATA,TAT,TGG,TTT,
KY634567,,,,TCC,ATT,GTGAATTATCT,,ATA,TAT,TGG,TTT,
KY634617,,,,TCC,ATT,GTGAATTATCT,,ATA,TAT,TGG,TTT,
KY634556,,,,TCC,ATT,GTGAATTATCT,,ATA,TAT,TGG,TTT,
KY634545,,,,TCC,ATT,GTGAATTATCT,,ATA,TAT,TGG,TTT,
KY634820,,,,TCC,ATT,GTGAATTATCT,,ATA,TAT,TGG,TTT,
JN258951,,,,TCC,ATT,GTGATTTTTCT,,ATA,TAT,TAG,TTT,
KJ627107,,,,TCC,ATT,GTGATTTTTCT,,ATA,TAT,TAG,TTT,
JX040427,,,,TCC,ATT,GCAAAATTTCT,,ATC,TAT,CAT,TAT,
KJ501688,,,,TCC,ATT,GCAAATTATCT,,ATC,TAT,CAT,TAT,
KT918881,,,,TCT,ATC,GTGAATTATCT,,ATA,TAT,TAG,TTT,
KT919806,,,,TCT,ATC,GTGAATTATCT,,ATA,TAT,TAG,TTT,
KT918463,,,,TCT,ATC,GTGAATTATCT,,ATA,TAT,TAG,TTT,
KT919542,,,,TCT,ATC,GTGAATTATCT,,ATA,TAT,TAG,TTT,
KT918507,,,,TCT,ATC,GTGAATTATCT,,ATA,TAT,TAG,TTT,
KT919167,,,,TCT,ATC,GTGAATTATCT,,ATA,TAT,TAG,TTT,
MF469141,,,,TCT,ATC,GTGAATTATCT,,ATA,TAT,TAG,TTT,
KT919288,,,,TCT,ATC,GTGAATTATCT,,ATA,TAT,TAG,TTT,
KT919652,,,,TCT,ATC,GTGAATTATCT,,ATA,TAT,TAG,TTT,
KT919850,,,,TCT,ATC,GTGAATTATCT,,ATA,TAT,TAG,TTT,
KT919740,,,,TCT,ATC,GTGAATTATCT,,ATA,TAT,TAG,TTT,
KT918529,,,,TCT,ATC,GTGAATTATCT,,ATA,TAT,TAG,TTT,
KT919145,,,,TCT,ATC,GTGAATTATCT,,ATA,TAT,TAG,TTT,
KT918914,,,,TCT,ATC,GTGAATTATCT,,ATA,TAT,TAG,TTT,
KT919938,,,,TCT,ATC,GTGAATTATCT,,ATA,TAT,TAG,TTT,
KT919101,,,,TCT,ATC,GTGAATTATCT,,ATA,TAT,TAG,TTT,
KT918683,,,,TCT,ATC,GTGAATTATCT,,ATA,TAT,TAG,TTT,
MF168041,,,,TCT,ATC,GTGAATTATCT,,ATA,TAT,TAG,TTT,
KT919387,,,,TCT,ATC,GTGAATTATCT,,ATA,TAT,TAG,TTT,
KT919376,,,,TCT,ATC,GTGAATTATCT,,ATA,TAT,TAG,TTT,
MZ095919,,,,TCT,ATT,GTGAATTATCT,,ATA,TAT,TGG,TTT,
LC600826,,,,TCT,ATT,GTGAATTATCT,,ATA,TAT,TGA,TTT,
MZ097313,,,,TCT,ATT,GTGAATTATCT,,ATA,TAT,TGA,TTT,
MZ096161,,,,TCT,ATT,GTGAATTATCT,,ATA,TAT,TGA,TTT,
MZ096855,,,,TCT,ATT,GTGAATTATCT,,ATA,TAT,TGA,TTT,
MZ096172,,,,TCT,ATT,GTGAATTATCT,,ATA,TAT,TGA,TTT,
MZ096212,,,,TCT,ATT,GTGAATTATCT,,ATA,TAT,TGA,TTT,
MZ096343,,,,TCT,ATT,GTGAATTATCT,,ATA,TAT,TGA,TTT,
MZ096365,,,,TCT,ATT,GTGAATTATCT,,ATA,TAT,TGA,TTT,
MZ096429,,,,TCT,ATT,GTGAATTATCT,,ATA,TAT,TGA,TTT,
MZ096440,,,,TCT,ATT,GTGAATTATCT,,ATA,TAT,TGA,TTT,
MZ096354,,,,TCT,ATT,GTGAATTATCT,,ATA,TAT,TGA,TTT,
MZ096888,,,,TCT,ATT,GTGAATTATCT,,ATA,TAT,TGA,TTT,
MZ096183,,,,TCT,ATT,GCGAATTATCT,,ATA,TAT,TGA,TTT,
MZ096234,,,,TCT,ATT,GCGAATTATCT,,ATA,TAT,TGA,TTT,
MZ096202,,,,TCT,ATT,GTGAATTATCT,,ATA,TAT,TGA,TTT,
MZ096288,,,,TCT,ATT,GTGAATTATCT,,ATA,TAT,TGA,TTT,
MZ096299,,,,TCT,ATT,GTGAATTATCT,,ATA,TAT,TGA,TTT,
MZ096332,,,,TCT,ATT,GTGAATTATCT,,ATA,TAT,TGA,TTT,
MZ096310,,,,TCT,ATT,GTGAATTATCT,,ATA,TAT,TGA,TTT,
MZ096376,,,,TCT,ATT,GTGAATTATCT,,ATA,TAT,TGA,TTT,
MZ096877,,,,TCT,ATT,GTGAATTATCT,,ATA,TAT,TGA,TTT,
MZ096277,,,,TCT,ATT,GTGAATTATCT,,ATA,TAT,TGA,TTT,
MZ096321,,,,TCT,ATT,GTGAATTATCT,,ATA,TAT,TGA,TTT,
MZ096449,,,,TCT,ATT,GTGAATTATCT,,ATA,TAT,TGA,TTT,
MZ096418,,,,TCT,ATT,GTGAATTATCT,,ATA,TAT,TGA,TTT,
MZ096397,,,,TCT,ATT,GTGAATTATCT,,ATA,TAT,TGA,TTT,
MZ096223,,,,TCT,ATT,GTGAATTATCT,,ATA,TAT,TGA,TTT,
MZ096866,,,,TCT,ATT,GTGAATTATCT,,ATA,TAT,TGA,TTT,
MZ096833,,,,TCT,ATT,GTGAATTATCT,,ATA,TAT,TGA,TTT,
MZ096503,,,,TCT,ATT,GTGAATTATCT,,ATA,TAT,TGA,TTT,
MZ096525,,,,TCT,ATT,GTGAATTATCT,,ATA,TAT,TGA,TTT,
MZ096536,,,,TCT,ATT,GTGAATTATCT,,ATA,TAT,TGA,TTT,
MZ096789,,,,TCT,ATT,GTGAATTATCT,,ATA,TAT,TGA,TTT,
MZ096558,,,,TCT,ATT,GTGAATTATCT,,ATA,TAT,TGA,TTT,
MZ096745,,,,TCT,ATT,GTGAATTATCT,,ATA,TAT,TGA,TTT,
MZ096800,,,,TCT,ATT,GTGAATTATCT,,ATA,TAT,TGA,TTT,
MZ096514,,,,TCT,ATT,GTGAATTATCT,,ATA,TAT,TGA,TTT,
LC600837,,,,TCT,ATT,GTGAATTATCT,,ATA,TAT,TGA,TTT,
LC600848,,,,TCT,ATT,GTGAATTATCT,,ATA,TAT,TGA,TTT,
MZ096481,,,,TCT,ATT,GTGAATTATCT,,ATA,TAT,TGA,TTT,
MZ096591,,,,TCT,ATT,GTGAATTATCT,,ATA,TAT,TGA,TTT,
MZ096492,,,,TCT,ATT,GTGAATTATCT,,ATA,TAT,TGA,TTT,
MZ096679,,,,TCT,ATT,GTGAATTATCT,,ATA,TAT,TGA,TTT,
MZ096701,,,,TCT,ATT,GTGAATTATCT,,ATA,TAT,TGA,TTT,
MZ096723,,,,TCT,ATT,GTGAATTATCT,,ATA,TAT,TGA,TTT,
MZ096657,,,,TCT,ATT,GTGAATTATCT,,ATA,TAT,TGA,TTT,
MZ096822,,,,TCT,ATT,GTGAATTATCT,,ATA,TAT,TGA,TTT,
MZ096668,,,,TCT,ATT,GTGAATTATCT,,ATA,TAT,TGA,TTT,
MZ096712,,,,TCT,ATT,GTGAATTATCT,,ATA,TAT,TGA,TTT,
MZ096756,,,,TCT,ATT,GTGAATTATCT,,ATA,TAT,TGA,TTT,
MZ096844,,,,TCT,ATT,GTGAATTATCT,,ATA,TAT,TGA,TTT,
MZ096602,,,,TCT,ATT,GTGAATTATCT,,ATA,TAT,TGA,TTT,
MZ096811,,,,TCT,ATT,GTGAATTATCT,,ATA,TAT,TGA,TTT,
MZ096624,,,,TCT,ATT,GTGAATTATCT,,ATA,TAT,TGA,TTT,
MZ096690,,,,TCT,ATT,GTGAATTATCT,,ATA,TAT,TGA,TTT,
MZ096613,,,,TCT,ATT,GTGAATTATCT,,ATA,TAT,TGA,TTT,
MZ096734,,,,TCT,ATT,GTGAATTATCT,,ATA,TAT,TGA,TTT,
MZ096778,,,,TCT,ATT,GTGAATTATCT,,ATA,TAT,TGA,TTT,
MZ096646,,,,TCT,ATT,GTGAATTATCT,,ATA,TAT,TGA,TTT,
MZ096569,,,,TCT,ATT,GTGAATTATCT,,ATA,TAT,TGA,TTT,
MZ096635,,,,TCT,ATT,GTGAATTATCT,,ATA,TAT,TGA,TTT,
MZ096767,,,,TCT,ATT,GTGAATTATCT,,ATA,TAT,TGA,TTT,
MN066828,,,,TCT,ATT,GTGAATTATCT,,ATA,TAT,TGG,TTT,
MN067075,,,,TCT,ATT,GTGAATTATCT,,ATA,TAT,TGG,TTT,
MN066941,,,,TCT,ATT,GTGAATTATCT,,ATA,TAT,TGG,TTT,
MN067053,,,,TCT,ATT,GTGAATTATCT,,ATA,TAT,TGG,TTT,
KF371736,,,,TCT,ATT,GTGAATTATCT,,ATA,TAT,TGG,TTT,
GU189555,,,,TCT,ATT,GTGAAGTATCC,,ATC,TAT,CAT,CGT,
KF726061,,,,TCT,ATT,GTGAAGTGTCC,,ATT,TGT,CCT,CGT,
LC600815,,,,TCT,ATT,GTGAGGCACCT,,ATT,TGT,CAT,TGT,
JQ087429,,,,TCA,ATT,GCGAACTGTCT,,ATC,TAT,CAT,TGT,
JQ087440,,,,TCA,ATT,GCGAACTGTCT,,ATC,TAT,CAT,TGT,
KF371921,,,,TCA,ATT,GCGAACTGTCT,,ATC,TAT,CAT,TGT,
KF371954,,,,TCA,ATT,GCGAACTGTCT,,ATC,TAT,CAT,TGT,
KF371890,,,,TCA,ATT,GCGAACTGTCT,,ATC,TAT,CAT,TGT,
KF371900,,,,TCA,ATT,GCGAACTGTCT,,ATC,TAT,CAT,TGT,
KF371987,,,,TCA,ATT,GCGAACTGTCT,,ATC,TAT,CAT,TGT,
KF371813,,,,TCA,ATT,GCGAACTGTCT,,ATC,TAT,CAT,TGT,
KF371802,,,,TCA,ATT,GCGAACTGTCT,,ATC,TAT,CAT,TGT,
KF371824,,,,TCA,ATT,GCGAACTGTCT,,ATT,TAT,CAT,TGT,
KF371725,,,,TCA,ATT,GCGAACTGTCT,,ATC,TAT,CAT,TGT,
HQ392166,,,,TCA,ATT,GCGAACTGTCT,,ATC,TAT,CAT,TGT,
JF490514,,,,TCA,ATT,GCGAACTGTCT,,ATC,TAT,CAT,TGT,
JX027691,,,,TCA,ATT,GCGAACTGTCT,,ATC,TAT,CAT,TGT,
KP752511,,,,TCA,ATT,GCGAACTGTCT,,ATC,TAT,CAT,TGT,
JX027713,,,,TCA,ATT,GCGAACTGTCT,,ATC,TAT,CAT,TGT,
KJ753656,,,,TCA,ATT,GCGAACTGTCT,,ATC,TAT,CAT,TGT,
JX027866,,,,TCA,ATT,GCGAACTGTCT,,ATC,TAT,CAT,TGT,
KJ753164,,,,TCA,ATT,GCGAACTGTCT,,ATC,TAT,CAT,TGT,
KJ753176,,,,TCA,ATT,GCGAACTGTCT,,ATC,TAT,CAT,TGT,
KF371943,,,,TCA,ATT,GCGAACTGTCT,,ATT,TAT,CAT,TGT,
KF371857,,,,TCA,ATT,GCGAACTGTCT,,ATT,TAT,CAT,TGT,
KF371769,,,,TCA,ATT,GCGAACTGTCT,,ATT,TAT,CAT,TGT,
KF726050,,,,TCA,ATT,GCGAACTGTCT,,ATT,TAT,CAT,TGT,
KT919057,,,,TCA,ATT,GCGAACTGTCT,,ATT,TAT,CAT,TGT,
MF469436,,,,TCA,ATT,GCGAACTGTCT,,ATT,TAT,CAT,TGT,
MF469426,,,,TCA,ATT,GCGAACTGTCT,,ATT,TAT,CAT,TGT,
MF469357,,,,TCA,ATT,GCGAACTGTCT,,ATT,TAT,CAT,TGT,
MF469088,,,,TCA,ATT,GCGAACTGTCT,,ATT,TAT,CAT,TGT,
MF469306,,,,TCA,ATT,GCGAACTGTCT,,ATT,TAT,CAT,TGT,
MF469295,,,,TCA,ATT,GCGAACTGTCT,,ATT,TAT,CAT,TGT,
MF469235,,,,TCA,ATT,GCGAACTGTCT,,ATT,TAT,CAT,TGT,
MF469184,,,,TCA,ATT,GCGAACTGTCT,,ATT,TAT,CAT,TGT,
MF469163,,,,TCA,ATT,GCGAACTGTCT,,ATT,TAT,CAT,TGT,
MF469415,,,,TCA,ATT,GCGAACTGTAT,,ATT,TAT,CAT,TGT,
MF469367,,,,TCA,ATT,GCGAACTGTAT,,ATT,TAT,CAT,TGT,
MF469316,,,,TCA,ATT,GCGAACTGTAT,,ATT,TAT,CAT,TGT,
MF469152,,,,TCA,ATT,GCGAACTGTAT,,ATT,TAT,CAT,TGT,
MF469326,,,,TCA,ATT,GCGAACTGTCT,,ATT,TAT,CAT,TGT,
MF469225,,,,TCA,ATT,GCGAACTGTCT,,ATT,TAT,CAT,TGT,
MF469407,,,,TCA,ATT,GCGAACTGTCT,,ATT,TAT,CAT,TGT,
MF469347,,,,TCA,ATT,GCGAACTGTAT,,ATT,TAT,CAT,TGT,
MF469283,,,,TCA,ATT,GCGAACTGTCT,,ATT,TAT,CAT,TGT,
MF469246,,,,TCA,ATT,GCGAACTGTCT,,ATT,TAT,CAT,TGT,
MW384292,,,,TCA,ATT,GCGAACTGTCT,,ATT,TAT,CAT,TGT,
KF371879,,,,TCA,ATT,GCGAACTGTCT,,ATC,TAT,CAT,TGT,
KF371932,,,,TCA,ATT,GCGAACTGTCT,,ATC,TAT,CAT,TGT,
KF371976,,,,TCA,ATT,GCGAACTGTCT,,ATC,TAT,CAT,TGT,
KJ583147,,,,TCA,ATT,GCGAACTGTCT,,ATC,TAT,CAT,TGT,
KJ583136,,,,TCA,ATT,GCGAACTGTCT,,ATC,TAT,CAT,TGT,
AB714262,,,,TCA,ATT,GCGAACTGTCT,,ATC,TAT,CAT,TGT,
JQ087451,,,,TCA,ATT,GCGAAATGTCT,,ATC,TAT,CAT,TGT,
JQ898157,,,,TCA,ATT,GCGAACTGTCT,,ATC,TAT,CGT,TAT,
KJ820842,,,,TCA,ATT,GCGAACTGTCT,,ATC,TAT,CGT,TGT,
KJ820875,,,,TCA,ATT,GCGAACTGTCT,,ATC,TAT,CGT,TGT,
JX027726,,,,TCA,ATT,GCGAACTGTCT,,ATC,TAT,CGT,TGT,
JX027651,,,,TCA,ATT,GCGAACTGTCT,,ATC,TAT,CGT,TGT,
JF490503,,,,TCA,ATT,GCGAACTGTCT,,ATC,TAT,CGT,TGT,
JX027793,,,,TCA,ATT,GCGAACTGTCT,,ATC,TAT,CGT,TAT,
JX027760,,,,TCA,ATT,GCGAACTGTCT,,ATC,TAT,CGT,TGT,
KC769454,,,,TCA,ATT,GCGAACTGTCT,,ATC,TAT,CGT,TGT,
KC769432,,,,TCA,ATT,GCGAACTGTCT,,ATC,TAT,CGT,TGT,
JF490481,,,,TCA,ATT,GCGAACTGTCT,,ATC,TAT,CGT,TGT,
JF490448,,,,TCA,ATT,GCGAACTGTCT,,ATC,TAT,TGT,TGT,
JF490382,,,,TCA,ATT,GCGAACTGTCT,,ATC,TAT,CGT,TGT,
JF490459,,,,TCA,ATT,GCGAACTGTCT,,ATC,TAT,CGT,TGT,
JF490371,,,,TCA,ATT,GCGAACTGTCT,,ATC,TAT,CGT,TGT,
JX027644,,,,TCA,ATT,GCGAACTGTCT,,ATC,TAT,CGT,TGT,
JX027721,,,,TCA,ATT,GCGAACTGTCT,,ATC,TAT,CGT,TGT,
JX027672,,,,TCA,ATT,GCGAACTGTCT,,ATC,TAT,CGT,TGT,
JF490393,,,,TCA,ATT,GCGAACTGTCT,,ATC,TAT,CGT,TGT,
JF490470,,,,TCA,ATT,GCGAACTGTCT,,ATC,TAT,CGT,TGT,
JN258862,,,,TCA,ATT,GCGAACTGTCT,,ATC,TAT,CGT,TGT,
JF490495,,,,TCA,ATT,GCGAACTGTCT,,ATC,TAT,CGT,TGT,
HQ392071,,,,TCA,ATT,GCGAACTGTCT,,ATC,TAT,CGT,TGT,
JN258892,,,,TCA,ATT,GCGAACTGTCT,,ATC,TAT,CGT,TGT,
JN258878,,,,TCA,ATT,GCGAACTGTCT,,ATC,TAT,CGT,TGT,GT
HQ392154,,,,TCA,ATT,GCGAACTGTCT,,ATC,TAT,CGT,TGT,
KC769322,,,,TCA,ATT,GCGAACTGTCT,,ATC,TAT,CGT,TGT,
HQ392368,,,,TCA,ATT,GCGAACTGTCT,,ATC,TAT,CGT,TGT,
JN258810,,,,TCA,ATT,GCGAACTGTCT,,ATC,TAT,CGT,TGT,
JN258790,,,,TCA,ATT,GCGAACTGTCT,,ATC,TAT,CGT,TGT,
KJ626610,,,,TCA,ATT,GCGAACTGTCT,,ATC,TAT,CGT,TGT,
KJ559035,,,,TCA,ATT,GCGAACTGTCT,,ATC,TAT,CGT,TGT,
HQ392280,,,,TCA,ATT,GCGAACTGTCT,,ATC,TAT,CGT,TGT,
JX027770,,,,TCA,ATT,GCGAACTGTCT,,ATC,TAT,CGT,TGT,
KC769399,,,,TCA,ATT,GCGAACTGTCT,,ATC,TAT,CGT,TGT,
KC769421,,,,TCA,ATT,GCGAACTGTCT,,ATC,TAT,CGT,TGT,
KC769300,,,,TCA,ATT,GCGAACTGTCT,,ATC,TAT,CGT,TGT,
KC769410,,,,TCA,ATT,GCGAACTGTCT,,ATC,TAT,CGT,TGT,
JX027782,,,,TCA,ATT,GCGAACTGTCT,,ATC,TAT,CGT,TGT,
JX027695,,,,TCA,ATT,GCGAACTGTCT,,ATC,TAT,CGT,TGT,
JX027738,,,,TCA,ATT,GCGAACTGTCT,,ATC,TAT,CGT,TGT,
KJ626735,,,,TCA,ATT,GCGAACTGTCT,,ATC,TAT,CGT,TGT,
KJ627095,,,,TCA,ATT,GCGAACTGTCT,,ATC,TAT,CGT,TGT,
KJ626688,,,,TCA,ATT,GCGAACTGTCT,,ATC,TAT,CGT,TGT,
KJ626922,,,,TCA,ATT,GCGAACTGTCT,,ATC,TAT,CGT,TGT,
KJ626497,,,,TCA,ATT,GCGAACTGTCT,,ATC,TAT,CGT,TGT,
KJ626530,,,,TCA,ATT,GCGAACTGTCT,,ATC,TAT,CGT,TGT,
KJ626757,,,,TCA,ATT,GCGAACTGTCT,,ATC,TAT,CGT,TGT,
KJ627053,,,,TCA,ATT,GCGAACTGTCT,,ATC,TAT,CGT,TGT,
KJ626780,,,,TCA,ATT,GCGAACTGTCT,,ATC,TAT,CGT,TGT,
KJ626971,,,,TCA,ATT,GCGAACTGTCT,,ATC,TAT,CGT,TGT,
KJ626554,,,,TCA,ATT,GCGAACTGTCT,,ATC,TAT,CGT,TGT,
JF490410,,,,TCA,ATT,GCGAACTGTCT,,ATC,TAT,CGT,TGT,
JX027811,,,,TCA,ATT,GCGAACTGTCT,,ATC,TAT,CGT,TGT,
KJ626588,,,,TCA,ATT,GCGAACTGTCT,,ATC,TAT,TGT,TGT,
HQ392247,,,,TCA,ATT,GCGAACTGTCT,,ATC,TAT,CGT,TGT,
HQ392048,,,,TCA,ATT,GCGAACTGTCT,,ATC,TAT,CGT,TGT,
KC769311,,,,TCA,ATT,GCGAACTGTCT,,ATC,TAT,CGT,TGT,
KC769388,,,,TCA,ATT,GCGAACTGTCT,,ATC,TAT,CGT,TGT,
HQ392412,,,,TCA,ATT,GCGAACTGTCT,,ATC,TAT,CGT,TGT,
MF469215,,,,TCA,ATT,GCGAACTGTCT,,ATC,TAT,CGT,TGT,
LC028936,,,,TCA,ATT,GCGAACTGTCT,,ATC,TAT,CGT,TGT,
KY657892,,,,TCA,ATT,GCGAACTGTCT,,ATC,TAT,CGT,TGT,
KY657893,,,,TCA,ATT,GCGAACTGTCT,,ATC,TAT,CGT,TGT,
KY657888,,,,TCA,ATT,GCGAACTGTCT,,ATC,TAC,CGT,TGT,
KY657890,,,,TCA,ATT,GCGAACTGTCT,,ATC,TAC,CGT,TGT,
KY657891,,,,TCA,ATT,GCGAACTGTCT,,ATC,TAT,CGT,TGT,
KY657889,,,,TCA,ATT,GCGAACTGTCT,,ATC,TAC,CGT,TGT,
JF490151,,,,TCA,ATT,GTGAACTGTCT,,ATC,TAT,CGT,TAT,
KF371714,,,,TCA,ATT,GTGAACTGTCT,,ATC,TAT,CGT,TGT,
KF371703,,,,TCA,ATT,GTGAACTGTCT,,ATC,TAT,CGT,TGT,
KF371965,,,,TCA,ATT,GTGAACTGTCT,,ATC,TAT,CGT,TGT,
KY657902,,,,TCA,ATT,GTGAACTATCT,,ATC,TAT,CGT,TGT,
KY657903,,,,TCA,ATT,GTGAACTATCT,,ATC,TAT,CGT,TGT,
KY657905,,,,TCA,ATT,GTGAACTATCT,,ATC,TAT,CGT,TGT,
KY657904,,,,TCA,ATT,GTGAACTATCT,,ATC,TAT,CGT,TGT,
JF490140,,,,TCA,ATT,GTAAATTATCT,,ATT,TAT,CGT,TGT,
HQ127389,,,,TCA,ATT,GTGAATTATCT,,ATT,TAT,CGT,TGT,
KJ626699,,,,TCA,ATT,GTGAATTATCT,,ATT,TAT,CGT,TGT,
KY657894,,,,TCA,CTT,TCGAATTATCT,,ATT,TAT,TGT,TGT,
KY657898,,,,TCA,CTT,TCGAATTATCT,,ATT,TCC,TGT,TGT,
KY657899,,,,TCA,CTT,TCGAATTATCT,,ATT,TCC,TGT,TGT,
KY657895,,,,TCA,CTT,TCGACCTATCT,,ATT,TCC,TGT,TGT,
KY657897,,,,TCA,CTT,TCGACCTATCT,,ATT,TCC,TGT,TGT,
KY657896,,,,TCA,CTT,TCGACCTATCT,,ATT,TCC,TGT,TGT,
MK953590,,,,TCA,ATT,GTGACCTGTCT,,ATC,TAT,CGT,TGT,
MK953597,,,,TCA,ATT,GTGACCTGTCT,,ATC,TAT,CGT,TGT,
MK953592,,,,TCA,ATT,GTGACCTGTCT,,ATC,TAT,CGT,TGT,
MK953594,,,,TCA,ATT,GTGACCTGTCT,,ATC,TAT,CGT,TGT,
KJ751999,,,,TCA,ATT,GTGAACTGCTT,,ATC,TAT,CGT,TGT,
KP752785,,,,TCA,ATT,GTGAACTGCTT,,ATC,TAT,CGT,TGT,
JN258845,,,,TCA,ATT,GTGAACTGCTT,,ATT,TAT,CGT,TGT,
HQ127388,,,,TCA,ATT,GTGAACTGTTT,,ATC,TCT,CGT,TGT,
HQ127387,,,,TCA,ATT,GTGAACTGTTT,,ATC,TCT,CGT,TGT,
HQ127385,,,,TCA,ATT,GTGAACTGTTT,,ATC,TCT,CGT,TGT,
HQ127384,,,,TCA,ATT,GTGAACTGTTT,,ATC,TCT,CGT,TGT,
HQ127386,,,,TCA,ATT,GTGAACTGTTT,,ATC,TCT,CGT,TGT,
KX632348,,,,TCA,GTG,GTAATATGTCA,,ATC,TAT,TGT,TGT,
KC174970,,,,TCA,ATT,ATGAACTGTCT,,ATC,TGT,CAT,TAT,
KC175110,,,,TCA,ATT,ATGAACTGTCT,,ATC,TGT,CAT,TAT,
KC175253,,,,TCA,ATT,ATGAACTGTCT,,ATC,TGT,CAT,TAT,
KC175187,,,,TCA,ATT,ATGAACTGTCT,,ATC,TGT,CAT,TAT,
KC175242,,,,TCA,ATT,ATGAACTGTCT,,ATC,TGT,CAT,TAT,
KC175143,,,,TCA,ATT,ATGAACTGTCT,,ATC,TGT,CAT,TAT,
KC175176,,,,TCA,ATT,ATGAACTGTCT,,ATC,TGT,CAT,TAT,
KC175056,,,,TCA,ATT,ATGAACTGTCT,,ATC,TGT,CAT,TAT,
KC175132,,,,TCA,ATT,ATGAACTGTCT,,ATC,TGT,CAT,TAT,
KC175034,,,,TCA,ATT,ATGAACTGTCT,,ATC,TGT,CAT,TAT,
KC174991,,,,TCA,ATT,ATGAACTGTCT,,ATC,TGT,CAT,TAT,
KC175198,,,,TCA,ATT,ATGAACTGTCT,,ATC,TGT,CAT,TAT,
KC175100,,,,TCA,ATT,ATGAACTGTCT,,ATC,TGT,CAT,TAT,
KC175001,,,,TCA,ATT,ATGAACTGTCT,,ATC,TGT,CAT,TAT,
KC174938,,,,TCA,ATT,ATGAACTGTCT,,ATC,TGT,CAT,TAT,
KC174949,,,,TCA,ATT,ATGAACTGTCT,,ATC,TGT,CAT,TAT,
KC175154,,,,TCA,ATT,ATGAACTGTCT,,ATC,TGT,CAT,TAT,
KC174960,,,,TCA,ATT,ATGAACTGTCT,,ATC,TGT,CAT,TAT,
KC175165,,,,TCA,ATT,ATGAACTGTCT,,ATC,TGT,CAT,TAT,
KC174905,,,,TCA,ATT,ATGAACTGTCT,,ATC,TGT,CAT,TAT,
KC175012,,,,TCA,ATT,ATGAACTGTCT,,ATC,TGT,CAT,TAT,
KC175045,,,,TCA,ATT,ATGAACTGTCT,,ATC,TGT,CAT,TAT,
KC174916,,,,TCA,ATT,ATGAACTGTCT,,ATC,TGT,CAT,TAT,
KC175023,,,,TCA,ATT,ATGAACTGTCT,,ATC,TGT,CAT,TAT,
KC175209,,,,TCA,ATT,ATGAACTGTCT,,ATC,TGT,CAT,TAT,
KC174927,,,,TCA,ATT,ATGAACTGTCT,,ATC,TGT,CAT,TAT,
KC175275,,,,TCA,ATT,ATGAACTGTCT,,ATC,TGT,CAT,TAT,
KC175231,,,,TCA,ATT,ATGAACTGTCT,,ATC,TGT,CAT,TAT,
KC175220,,,,TCA,ATT,ATGAACTGTCT,,ATC,TGT,CAT,TAT,
KC175067,,,,TCA,ATT,ATGAACTGTCT,,ATC,TGT,CAT,TAT,
KC175121,,,,TCA,ATT,ATGAACTGTCT,,ATC,TGT,CAT,TAT,
KC174894,,,,TCA,ATT,ATGAACTGTCT,,ATC,TGT,CAT,TAT,
KC174872,,,,TCA,ATT,ATGAACTGTCT,,ATC,TGT,CAT,TAT,
KC174883,,,,TCA,ATT,ATGAACTGTCT,,ATC,TGT,CAT,TAT,
KC174861,,,,TCA,ATT,ATGAACTGTCT,,ATC,TGT,CAT,TAT,
KC175078,,,,TCA,ATT,ATGAACTGTCT,,ATC,TGT,CAT,TAT,
KC175264,,,,TCA,ATT,ATGAACTGTCT,,ATC,TGT,CAT,TAT,
KC175089,,,,TCA,ATT,ATGAACTGTCT,,ATC,TGT,CAT,TGT,
MN066760,,,,TCA,ATT,ACGAACTGTCT,,ATC,TGT,CAT,TGT,
KC174980,,,,TCA,ATT,ACGAACTGTCT,,ATC,TGT,CAT,TGT,
KY657900,,,,CCA,ATT,GTGAACTATCT,,ATC,TAT,CGT,TGT,
KY657901,,,,CCA,ATT,GTGAACTATCT,,ATC,TAT,CGT,TGT,
