strain	strain_name	date	segment_num	segment_name	country	full_genotype	genotype_group
GQ414541	GER1H_09	2009-01-XX	2	C	Germany	G8_P[4]_I2_R2_C2_M2_A2_N2_T2_E2_H2	C2
HQ641365	MMC88	2005-01-XX	2	C	Bangladesh	G2_P[4]_I2_R2_C2_M2_A2_N2_T2_E2_H2	C2
HQ641356	MMC6	2005-09-XX	2	C	Bangladesh	G2_P[4]_I2_R2_C2_M2_A2_N2_T2_E2_H2	C2
JF421976	KF17	2010-02-XX	2	C	Japan	G6_P[9]_I2_R2_C2_M2_A3_N2_T3_E3_H3	C2
JF304927	AK26	1982-07-XX	2	C	Kenya	G2_P[4]_I2_R2_C2_M2_A2_N1_T2_E2_H2	C2
JF304916	D205	1989-08-XX	2	C	Kenya	G2_P[4]_I2_R2_C2_M2_A2_N2_T2_E2_H2	C2
JX094029	RVA/Human_wt/SVN/SI_R56/07/2007/G6P[11]	2007-01-05	2	C	Slovenia	G6_P[11]_I2_R2_C2_M2_A13_N2_T6_E2_H3	C2
JF460835	Hu/BEL/F01498/2009/G3P[6]	2009-03-14	2	C	Belgium	G3_P[6]_I2_R2_C2_M2_A2_N2_T2_E2_H2	C2
JF460824	Hu/BEL/F01322/2009/G3P[6]	2009-02-18	2	C	Belgium	G3_P[6]_I2_R2_C2_M2_A2_N2_T2_E2_H2	C2
KF636358	RVA/Human_wt/ZMB/MRC_DPRU1621/2008/G8P[4]	2008-10-19	2	C	Zambia	G8_P[4]_I2_R2_C2_M2_A2_N2_T2_E2_H2	C2
KF636312	RVA/Human_wt/ZMB/MRC_DPRU3463/2009/G8P[4]	2009-04-13	2	C	Zambia	G8_P[4]_I2_R2_C2_M2_A2_N2_T2_E2_H2	C2
KF636323	RVA/Human_wt/ZAF/MRC_DPRU1061/2009/G2P[4]	2009-05-18	2	C	South_Africa	G2_P[4]_I2_R2_C2_M2_A2_N2_T2_E2_H2	C2
JX567761	RVA/Human_wt/AUS/V585/2011/G10P[14]	2011-08-19	2	C	Australia	G10_P[14]_I2_R2_C2_M2_A11_N2_T6_E2_H3	C2
KF636346	RVA/Human_wt/SWZ/MRC_DPRU4390/2010/G8G9P[6]_mixed_genotype	2010-07-22	2	C	Swaziland	G8_G9_P[6]_I2_R2_C2_M2_A2_N1_N2_T2_E2_H2_mixed_genotype	C2
KJ752619	RVA/Human_wt/SEN/MRC_DPRU2053/2009/G8P[6]	2009-01-02	2	C	Senegal	G8_P[6]_I2_R2_C2_M2_A2_N2_T2_E2_H2	C2
KJ752184	RVA/Human_wt/TGO/MRC_DPRU5164/2010/G3P[6]	2010-11-XX	2	C	Togo	G3_P[6]_I2_R2_C2_M2_A2_N2_T2_E2_H2	C2
KJ751670	RVA/Human_wt/ZAF/MRC_DPRU4079_00/2000/G9P[6]	2000-10-11	2	C	South_Africa	G9_P[6]_I2_R2_C2_M2_A2_N2_T2_E2_H2	C2
KJ752663	RVA/Human_wt/UGA/MRC_DPRU1922/2008/G8P[4]	2008-06-18	2	C	Uganda	G8_P[4]_I2_R2_C2_M2_A2_N2_T2_E2_H2	C2
KJ751890	RVA/Human_wt/ETH/MRC_DPRU2241/2009/G3P[6]	2009-07-18	2	C	Ethiopia	G3_P[6]_I2_R2_C2_M2_A2_N2_T2_E2_H2	C2
KJ752351	RVA/Human_wt/GNB/MRC_DPRU5615/2011/G6P[6]	2011-03-26	2	C	Guinea_Bissau	G6_P[6]_I2_R2_C2_M2_A2_N2_T2_E2_H2	C2
KJ752395	RVA/Human_wt/GMB/MRC_DPRU3180/2010/G2P[6]	2010-01-21	2	C	Gambia	G2_P[6]_I2_R2_C2_M2_A2_N2_T2_E2_H2	C2
KJ752096	RVA/Human_wt/ETH/MRC_DPRU1873/2008/G3P[6]	2008-12-29	2	C	Ethiopia	G3_P[6]_I2_R2_C2_M2_A2_N2_T2_E2_H2	C2
KJ752459	RVA/Human_wt/ZWE/MRC_DPRU3347/2010/G8P[4]	2010-06-26	2	C	Zimbabwe	G8_P[4]_I2_R2_C2_M2_A2_N2_T2_E2_H2	C2
KJ751703	RVA/Human_wt/ZAF/MRC_DPRU384/2000/G9P[6]	2000-02-14	2	C	South_Africa	G9_P[6]_I2_R2_C2_M2_A2_N2_T2_E2_H2	C2
KJ752217	RVA/Human_wt/ZAF/MRC_DPRU358/2000/G9P[6]	2000-02-11	2	C	South_Africa	G9_P[6]_I2_R2_C2_M2_A2_N2_T2_E2_H2	C2
KJ752118	RVA/Human_wt/GNB/MRC_DPRU5625/2011/G6P[6]	2011-04-21	2	C	Guinea_Bissau	G6_P[6]_I2_R2_C2_M2_A2_N2_T2_E2_H2	C2
KJ752509	RVA/Human_wt/ZAF/MRC_DPRU421/2002/G9P[6]	2002-02-14	2	C	South_Africa	G9_P[6]_I2_R2_C2_M2_A2_N2_T2_E2_H2	C2
KF500520	RVA/Human_wt/USA/12US1134/2012/G3P[9]	2012-04-16	2	C	USA	G3_P[9]_I2_R2_C2_M2_A3_N2_T1_E2_H3	C2
KJ751603	RVA/Human_wt/TZA/MRC_DPRU4576/2010/G8P[4]	2010-10-15	2	C	Tanzania	G8_P[4]_I2_R2_C2_M2_A2_N2_T2_E2_H2	C2
KJ751659	RVA/Human_wt/ZAF/MRC_DPRU11070/1999/G9P[6]	1999-12-07	2	C	South_Africa	G9_P[6]_I2_R2_C2_M2_A2_N2_T2_E2_H2	C2
KJ752446	RVA/Human_wt/SEN/MRC_DPRU4680/2010/G1G6P[8]_mixed_genotype	2010-12-20	2	C	Senegal	G1_G6_P[8]_I1_I2_R1_R2_C2_M1_A1_A2_N1_N2_T1_T2_E1_E2_H1_mixed_genotype	C2
KJ752129	RVA/Human_wt/ETH/MRC_DPRU1844_08/2008/G3P[6]	2008-07-23	2	C	Ethiopia	G3_P[6]_I2_R2_C2_M2_A2_N2_T2_E2_H2	C2
KJ753524	RVA/Human_wt/SEN/MRC_DPRU1915/2008/G2P[4]	2008-08-07	2	C	Senegal	G2_P[4]_I2_R2_C2_M2_A2_N2_T2_E2_H2	C2
KJ752685	RVA/Human_wt/ZAF/MRC_DPRU774/2000/G9P[6]	2000-04-04	2	C	South_Africa	G9_P[6]_I2_R2_C2_M2_A2_N2_T2_E2_H2	C2
KJ751725	RVA/Human_wt/ETH/MRC_DPRU4962/2010/G3P[6]	2010-08-20	2	C	Ethiopia	G3_P[6]_I2_R2_C2_M2_A2_N2_T2_E2_H2	C2
KJ752206	RVA/Human_wt/ZAF/MRC_DPRU82/2012/G2P[4]	2012-06-14	2	C	South_Africa	G2_P[4]_I2_R2_C2_M2_A2_N2_T2_E2_H2	C2
KJ752406	RVA/Human_wt/ZAF/MRC_DPRU81/2007/G2P[4]	2007-02-20	2	C	South_Africa	G2_P[4]_I2_R2_C2_M2_A2_N2_T2_E2_H2	C2
KJ751614	RVA/Human_wt/TZA/MRC_DPRU4568/2011/G8P[4]	2011-01-14	2	C	Tanzania	G8_P[4]_I2_R2_C2_M2_A2_N2_T2_E2_H2	C2
KJ752162	RVA/Human_wt/TGO/MRC_DPRU5124/2010/G2P[4]	2010-06-XX	2	C	Togo	G2_P[4]_I2_R2_C2_M2_A2_N2_T2_E2_H2	C2
KJ751813	RVA/Human_wt/ZAF/MRC_DPRU797/2000/G9P[6]	2000-05-04	2	C	South_Africa	G9_P[6]_I2_R2_C2_M2_A2_N2_T2_E2_H2	C2
KJ870879	RVA/Human_wt/COD/KisB565/2010/G8P[6]	2010-04-22	2	C	Democratic_Republic_of_the_Congo	G8_P[6]_I2_R2_C2_M2_A2_N2_T2_E2_H2	C2
KJ870890	RVA/Human_wt/COD/KisB554/2010/G8P[6]	2010-02-27	2	C	Democratic_Republic_of_the_Congo	G8_P[6]_I2_R2_C2_M2_A2_N2_T2_E2_H2	C2
KC443300	RVA/Human_wt/AUS/CK20031/2006/G2P[4]	2006-08-11	2	C	Australia	G2_P[4]_I2_R2_C2_M2_A2_N2_T2_E2_H2	C2
KC175281	RVA/Human_wt/IND/N313/2004/G10P[11]	2004-05-XX	2	C	India	G10_P[11]_I2_R2_C2_M2_A1_N1_T1_E2_H3	C2
KC174975	RVA/Human_wt/IND/N210/2004/G10P[11]	2004-02-XX	2	C	India	G10_P[11]_I2_R2_C2_M2_A1_N1_T1_E2_Hx	C2
KC174986	RVA/Human_wt/IND/N215/2004/G10P[11]	2004-02-XX	2	C	India	G10_P[11]_I2_R2_C2_M2_A1_N1_T1_E2_H3	C2
KC443775	RVA/Human_wt/AUS/CK20022/2001/G2P[4]	2001-09-13	2	C	Australia	G2_P[4]_I2_R2_C2_M2_A2_N2_T2_E2_H2	C2
KC443676	RVA/Human_wt/AUS/CK20006/2000/G2P[4]	2000-08-04	2	C	Australia	G2_P[4]_I2_R2_C2_M2_A2_N2_T2_E2_H2	C2
KC443621	RVA/Human_wt/AUS/CK20052/2010/G2P[4]	2010-09-26	2	C	Australia	G2_P[4]_I2_R2_C2_M2_A2_N2_T2_E2_H2	C2
KC443599	RVA/Human_wt/AUS/CK20039/2008/G1P[8]	2008-02-01	2	C	Australia	G1_P[8]_I2_R2_C2_M2_A3_N2_T6_E2_H3	C2
KC175116	RVA/Human_wt/IND/N160/2003/G10P[11]	2003-12-XX	2	C	India	G10_P[11]_I2_R2_C2_M2_A1_N1_T1_E2_H3	C2
KC175215	RVA/Human_wt/IND/N228/2004/G10P[11]	2004-03-XX	2	C	India	G10_P[11]_I2_R2_C2_M2_A1_N1_T1_E2_H3	C2
KC443588	RVA/Human_wt/AUS/CK20001/1977/G2P[4]	1977-11-10	2	C	Australia	G2_P[4]_I2_R2_C2_M2_A2_N2_T2_E2_H2	C2
KC443544	RVA/Human_wt/AUS/CK20034/2006/G2P[4]	2006-10-30	2	C	Australia	G2_P[4]_I2_R2_C2_M2_A2_N2_T2_E2_H2	C2
KC443764	RVA/Human_wt/AUS/CK20027/2006/G2P[4]	2006-07-19	2	C	Australia	G2_P[4]_I2_R2_C2_M2_A2_N2_T2_E2_H2	C2
KC443467	RVA/Human_wt/AUS/CK20026/2006/G2P[4]	2006-07-09	2	C	Australia	G2_P[4]_I2_R2_C2_M2_A2_N2_T2_E2_H2	C2
KC174900	RVA/Human_wt/IND/N74/2003/G10P[11]	2003-03-XX	2	C	India	G10_P[11]_I2_R2_C2_M2_A1_N1_T1_E2_H3	C2
KC174867	RVA/Human_wt/IND/N36/2003/G10P[11]	2003-01-XX	2	C	India	G10_P[11]_I2_R2_C2_M2_A1_N1_T1_E2_H3	C2
KC443190	RVA/Human_wt/AUS/CK20021/2001/G2P[4]	2001-07-01	2	C	Australia	G2_P[4]_I2_R2_C2_M2_A2_N2_T2_E2_H2	C2
KC443742	RVA/Human_wt/AUS/CK20003/2000/G2P[4]	2000-07-15	2	C	Australia	G2_P[4]_I2_R2_C2_M2_A2_N2_T2_E2_H2	C2
KC443731	RVA/Human_wt/AUS/CK20013/2000/G2P[4]	2000-09-10	2	C	Australia	G2_P[4]_I2_R2_C2_M2_A2_N2_T2_E2_H2	C2
KC443632	RVA/Human_wt/AUS/CK20028/2006/G2P[4]	2006-07-27	2	C	Australia	G2_P[4]_I2_R2_C2_M2_A2_N2_T2_E2_H2	C2
KC174922	RVA/Human_wt/IND/N138/2003/G10P[11]	2003-11-XX	2	C	India	G10_P[11]_I2_R2_C2_M2_A1_N1_T1_E2_H3	C2
KC174965	RVA/Human_wt/IND/N203/2004/G10P[11]	2004-01-XX	2	C	India	G10_P[11]_I2_R2_C2_M2_A1_N1_T1_E2_Hx	C2
KC443423	RVA/Human_wt/AUS/CK20011/2000/G2P[4]	2000-09-06	2	C	Australia	G2_P[4]_I2_R2_C2_M2_A2_N2_T2_E2_H2	C2
KC443687	RVA/Human_wt/AUS/CK20041/2010/G2P[4]	2010-09-01	2	C	Australia	G2_P[4]_I2_R2_C2_M2_A2_N2_T2_E2_H2	C2
KC175105	RVA/Human_wt/IND/N137/2003/G10P[11]	2003-11-XX	2	C	India	G10_P[11]_I2_R2_C2_M2_A1_N1_T1_E2_Hx	C2
KC175193	RVA/Human_wt/IND/N212/2004/G10P[11]	2004-02-XX	2	C	India	G10_P[11]_I2_R2_C2_M2_A1_N1_T1_E2_H3	C2
KC443720	RVA/Human_wt/AUS/CK20007/2000/G2P[4]	2000-08-13	2	C	Australia	G2_P[4]_I2_R2_C2_M2_A2_N2_T2_E2_H2	C2
KC443533	RVA/Human_wt/AUS/CK20014/2000/G2P[4]	2000-09-11	2	C	Australia	G2_P[4]_I2_R2_C2_M2_A2_N2_T2_E2_H2	C2
KC175029	RVA/Human_wt/IND/N284/2004/G10P[11]	2004-05-XX	2	C	India	G10_P[11]_I2_R2_C2_M2_A1_N1_T1_E2_Hx	C2
KC443278	RVA/Human_wt/AUS/CK20054/2010/G2P[4]	2010-10-14	2	C	Australia	G2_P[4]_I2_R2_C2_M2_A2_N2_T2_E2_H2	C2
KC174944	RVA/Human_wt/IND/N191/2004/G10P[11]	2004-01-XX	2	C	India	G10_P[11]_I2_R2_C2_M2_A1_N1_T1_E2_H3	C2
KC175237	RVA/Human_wt/IND/N243/2004/G10P[11]	2004-03-XX	2	C	India	G10_P[11]_I2_R2_C2_M2_A1_N1_T1_E2_H3	C2
KC443157	RVA/Human_wt/AUS/CK20044/2010/G2P[4]	2010-08-29	2	C	Australia	G2_P[4]_I2_R2_C2_M2_A2_N2_T2_E2_H2	C2
KC175259	RVA/Human_wt/IND/N259/2004/G10P[11]	2004-04-XX	2	C	India	G10_P[11]_I2_R2_C2_M2_A1_N1_T1_E2_H3	C2
KC175062	RVA/Human_wt/IND/N330/2004/G10P[11]	2004-06-XX	2	C	India	G10_P[11]_I2_R2_C2_M2_A1_N1_T1_E2_H3	C2
KC443379	RVA/Human_wt/AUS/CK20060/2010/G2P[4]	2010-11-24	2	C	Australia	G2_P[4]_I2_R2_C2_M2_A2_N2_T2_E2_H2	C2
KC175182	RVA/Human_wt/IND/N198/2004/G10P[11]	2004-01-XX	2	C	India	G10_P[11]_I2_R2_C2_M2_A1_N1_T1_E2_H3	C2
KC443335	RVA/Human_wt/AUS/CK20033/2006/G2P[4]	2006-10-19	2	C	Australia	G2_P[4]_I2_R2_C2_M2_A2_N2_T2_E2_H2	C2
KC443368	RVA/Human_wt/AUS/CK20038/2008/G6P[4]	2008-01-12	2	C	Australia	G6_P[4]_I2_R2_C2_M2_A2_N2_T2_E2_H2	C2
KC175226	RVA/Human_wt/IND/N232/2004/G10P[11]	2004-03-XX	2	C	India	G10_P[11]_I2_R2_C2_M2_A1_N1_T1_E2_H3	C2
KC443168	RVA/Human_wt/AUS/CK20005/2000/G2P[4]	2000-07-27	2	C	Australia	G2_P[4]_I2_R2_C2_M2_A2_N2_T2_E2_H2	C2
KC174933	RVA/Human_wt/IND/N190/2004/G10P[11]	2004-01-XX	2	C	India	G10_P[11]_I2_R2_C2_M2_A1_N1_T1_E2_H3	C2
KC443346	RVA/Human_wt/AUS/CK20020/2001/G2P[4]	2001-06-29	2	C	Australia	G2_P[4]_I2_R2_C2_M2_A2_N2_T2_E2_H2	C2
KC443390	RVA/Human_wt/AUS/CK20042/2010/G2P[4]	2010-09-19	2	C	Australia	G2_P[4]_I2_R2_C2_M2_A2_N2_T2_E2_H2	C2
KC174911	RVA/Human_wt/IND/N121/2003/G10P[11]	2003-10-XX	2	C	India	G10_P[11]_I2_R2_C2_M2_A1_N1_T1_E2_H3	C2
KC443201	RVA/Human_wt/AUS/CK20055/2010/G2P[4]	2010-10-23	2	C	Australia	G2_P[4]_I2_R2_C2_M2_A2_N2_T2_E2_H2	C2
KC443289	RVA/Human_wt/AUS/CK20017/2000/G2P[4]	2000-09-17	2	C	Australia	G2_P[4]_I2_R2_C2_M2_A2_N2_T2_E2_H2	C2
KC175204	RVA/Human_wt/IND/N214/2004/G10P[11]	2004-02-XX	2	C	India	G10_P[11]_I2_R2_C2_M2_A1_N1_T1_E2_H3	C2
KC443357	RVA/Human_wt/AUS/CK20047/2011/G2P[4]	2011-05-25	2	C	Australia	G2_P[4]_I2_R2_C2_M2_A2_N2_T2_E2_H2	C2
KC443245	RVA/Human_wt/AUS/CK20032/2006/G2P[4]	2006-09-20	2	C	Australia	G2_P[4]_I2_R2_C2_M2_A2_N2_T2_E2_H2	C2
KC175248	RVA/Human_wt/IND/N247/2004/G10P[11]	2004-03-XX	2	C	India	G10_P[11]_I2_R2_C2_M2_A1_N1_T1_E2_H3	C2
KC175018	RVA/Human_wt/IND/N273/2004/G10P[11]	2004-05-XX	2	C	India	G10_P[11]_I2_R2_C2_M2_A1_N1_T1_E2_Hx	C2
KC443223	RVA/Human_wt/AUS/CK20037/2008/G2P[4]	2008-01-09	2	C	Australia	G2_P[4]_I2_R2_C2_M2_A2_N2_T2_E2_H2	C2
KC443312	RVA/Human_wt/AUS/CK20004/2000/G1P[8]P[4]_mixed_genotype	2000-07-17	2	C	Australia	G1_P[4]_P[8]_I2_R2_C2_M1_A2_N1_N2_T2_E2_H2_mixed_genotype	C2
KC443643	RVA/Human_wt/AUS/CK20046/2010/G2P[4]	2010-10-28	2	C	Australia	G2_P[4]_I2_R2_C2_M2_A2_N2_T2_E2_H2	C2
KC175073	RVA/Human_wt/IND/N375/2004/G10P[11]	2004-07-XX	2	C	India	G10_P[11]_I2_R2_C2_M2_A1_N1_T1_E2_H3	C2
KC443412	RVA/Human_wt/AUS/CK20056/2010/G2P[4]	2010-10-24	2	C	Australia	G2_P[4]_I2_R2_C2_M2_A2_N2_T2_E2_H2	C2
KC175007	RVA/Human_wt/IND/N240/2004/G10P[11]	2004-03-XX	2	C	India	G10_P[11]_I2_R2_C2_M2_A1_N1_T1_E2_H3	C2
KC175270	RVA/Human_wt/IND/N292/2004/G10P[11]	2004-05-XX	2	C	India	G10_P[11]_I2_R2_C2_M2_A1_N1_T1_E2_H3	C2
KC175149	RVA/Human_wt/IND/N188/2004/G10P[11]	2004-01-XX	2	C	India	G10_P[11]_I2_R2_C2_M2_A1_N1_T1_E2_H3	C2
KC175160	RVA/Human_wt/IND/N196/2004/G10P[11]	2004-01-XX	2	C	India	G10_P[11]_I2_R2_C2_M2_A1_N1_T1_E2_H3	C2
KC443500	RVA/Human_wt/AUS/CK20010/2000/G2P[4]	2000-09-04	2	C	Australia	G2_P[4]_I2_R2_C2_M2_A2_N2_T2_E2_H2	C2
KC443522	RVA/Human_wt/AUS/CK20036/2007/G2P[4]	2007-05-02	2	C	Australia	G2_P[4]_I2_R2_C2_M2_A2_N2_T2_E2_H2	C2
KC443555	RVA/Human_wt/AUS/CK20049/2010/G2P[4]	2010-05-19	2	C	Australia	G2_P[4]_I2_R2_C2_M2_A2_N2_T2_E2_H2	C2
KC443146	RVA/Human_wt/AUS/CK20012/2000/G2P[4]	2000-09-07	2	C	Australia	G2_P[4]_I2_R2_C2_M2_A2_N2_T2_E2_H2	C2
KC175040	RVA/Human_wt/IND/N291/2004/G10P[11]	2004-05-XX	2	C	India	G10_P[11]_I2_R2_C2_M2_A1_N1_T1_E2_Hx	C2
KC175127	RVA/Human_wt/IND/N184/2004/G10P[11]	2004-01-XX	2	C	India	G10_P[11]_I2_R2_C2_M2_A1_N1_T1_E2_H3	C2
KC443434	RVA/Human_wt/AUS/CK20009/2000/G2P[4]	2000-09-01	2	C	Australia	G2_P[4]_I2_R2_C2_M2_A2_N2_T2_E2_H2	C2
KC443135	RVA/Human_wt/AUS/CK20057/2010/G2P[4]	2010-11-14	2	C	Australia	G2_P[4]_I2_R2_C2_M2_A2_N2_T2_E2_H2	C2
KC174996	RVA/Human_wt/IND/N223/2004/G10P[11]	2004-03-XX	2	C	India	G10_P[11]_I2_R2_C2_M2_A1_N1_T1_E2_Hx	C2
KC443324	RVA/Human_wt/AUS/CK20030/2006/G2P[4]	2006-08-06	2	C	Australia	G2_P[4]_I2_R2_C2_M2_A2_N2_T2_E2_H2	C2
KC443445	RVA/Human_wt/AUS/CK20018/2000/G2P[4]	2000-09-20	2	C	Australia	G2_P[4]_I2_R2_C2_M2_A2_N2_T2_E2_H2	C2
KC443665	RVA/Human_wt/AUS/CK20025/2006/G2P[4]	2006-07-04	2	C	Australia	G2_P[4]_I2_R2_C2_M2_A2_N2_T2_E2_H2	C2
KC443234	RVA/Human_wt/AUS/CK20045/2010/G2P[4]	2010-10-03	2	C	Australia	G2_P[4]_I2_R2_C2_M2_A2_N2_T2_E2_H2	C2
KC443511	RVA/Human_wt/AUS/CK20023/2006/G2P[4]	2006-05-17	2	C	Australia	G2_P[4]_I2_R2_C2_M2_A2_N2_T2_E2_H2	C2
KC174955	RVA/Human_wt/IND/N192/2004/G10P[11]	2004-01-XX	2	C	India	G10_P[11]_I2_R2_C2_M2_A1_N1_T1_E2_H3	C2
KC443256	RVA/Human_wt/AUS/CK20053/2010/G2P[4]	2010-10-01	2	C	Australia	G2_P[4]_I2_R2_C2_M2_A2_N2_T2_E2_H2	C2
KC175051	RVA/Human_wt/IND/N329/2004/G10P[11]	2004-06-XX	2	C	India	G10_P[11]_I2_R2_C2_M2_A1_N1_T1_E2_Hx	C2
KC443179	RVA/Human_wt/AUS/CK20015/2000/G2P[4]	2000-09-12	2	C	Australia	G2_P[4]_I2_R2_C2_M2_A2_N2_T2_E2_H2	C2
KC443566	RVA/Human_wt/AUS/CK20029/2006/G2P[4]	2006-07-28	2	C	Australia	G2_P[4]_I2_R2_C2_M2_A2_N2_T2_E2_H2	C2
KC174889	RVA/Human_wt/IND/N62/2003/G10P[11]	2003-02-XX	2	C	India	G10_P[11]_I2_R2_C2_M2_A1_N1_T1_E2_H3	C2
KC175084	RVA/Human_wt/IND/N37/2003/G10P[11]	2003-01-XX	2	C	India	G10_P[11]_I2_R2_C2_M2_A1_N1_T1_E2_H3	C2
KC443478	RVA/Human_wt/AUS/CK20058/2010/G2P[4]	2010-11-15	2	C	Australia	G2_P[4]_I2_R2_C2_M2_A2_N2_T2_E2_H2	C2
KC175095	RVA/Human_wt/IND/N83/2003/G10P[11]	2003-03-XX	2	C	India	G10_P[11]_I2_R2_C2_M2_A1_N1_T1_E2_Hx	C2
KC443401	RVA/Human_wt/AUS/CK20035/2006/G2P[4]	2006-11-25	2	C	Australia	G2_P[4]_I2_R2_C2_M2_A2_N2_T2_E2_H2	C2
KC443709	RVA/Human_wt/AUS/CK20008/2000/G2P[4]	2000-08-14	2	C	Australia	G2_P[4]_I2_R2_C2_M2_A2_N2_T2_E2_H2	C2
KC443753	RVA/Human_wt/AUS/CK20059/2010/G2P[4]	2010-11-16	2	C	Australia	G2_P[4]_I2_R2_C2_M2_A2_N2_T2_E2_H2	C2
KC174878	RVA/Human_wt/IND/N39/2003/G10P[11]	2003-01-XX	2	C	India	G10_P[11]_I2_R2_C2_M2_A1_N1_T1_E2_H3	C2
KC443654	RVA/Human_wt/AUS/CK20016/2000/G2P[4]	2000-09-14	2	C	Australia	G2_P[4]_I2_R2_C2_M2_A2_N2_T2_E2_H2	C2
KC443212	RVA/Human_wt/AUS/CK20040/2010/G2P[4]	2010-08-15	2	C	Australia	G2_P[4]_I2_R2_C2_M2_A2_N2_T2_E2_H2	C2
KC443610	RVA/Human_wt/AUS/CK20002/2000/G2P[4]	2000-07-12	2	C	Australia	G2_P[4]_I2_R2_C2_M2_A2_N2_T2_E2_H2	C2
KC443698	RVA/Human_wt/AUS/CK20024/2006/G2P[4]	2006-07-01	2	C	Australia	G2_P[4]_I2_R2_C2_M2_A2_N2_T2_E2_H2	C2
KC175171	RVA/Human_wt/IND/N197/2004/G10P[11]	2004-01-XX	2	C	India	G10_P[11]_I2_R2_C2_M2_A1_N1_T1_E2_H3	C2
KC443785	RVA/Human_wt/AUS/CK20051/2010/G2P[4]	2010-09-19	2	C	Australia	G2_P[4]_I2_R2_C2_M2_Ax_N2_T2_E2_H2	C2
KC443267	RVA/Human_wt/AUS/CK20050/2010/G2P[4]	2010-11-27	2	C	Australia	G2_P[4]_I2_R2_C2_M2_A2_N2_T2_E2_H2	C2
KC175138	RVA/Human_wt/IND/N187/2004/G10P[11]	2004-01-XX	2	C	India	G10_P[11]_I2_R2_C2_M2_A1_N1_T1_E2_H3	C2
KJ583186	RVA/Human_wt/ARG/Arg9448/2011/G3P6	2011-11-30	2	C	Argentina	G3_P[6]_I2_R2_C2_M2_A2_N2_T2_E2_H2	C2
KJ583197	RVA/Human_wt/ARG/Arg9467/2011/G3P6	2011-11-23	2	C	Argentina	G3_P[6]_I2_R2_C2_M2_A2_N2_T2_E2_H2	C2
AB975707	YR041	2012-05-XX	2	C	Japan	G1_P[8]_I2_R2_C2_M2_A2_N2_T2_E2_H2	C2
AB975677	NT016	2012-05-XX	2	C	Japan	G1_P[8]_I2_R2_C2_M2_A2_N2_T2_E2_H2	C2
KJ627012	RVA/Human_wt/PRY/412/1999/G1G4P[4]_mixed_genotype	1999-09-XX	2	C	Paraguay	G1_G4_P[4]_I1_I2_R1_R2_C2_M1_A2_N1_N2_T2_E2_H2_mixed_genotype	C2
KJ626830	RVA/Human_wt/PRY/1387SR/2006/G2G9P[4]_mixed_genotype	2006-08-XX	2	C	Paraguay	G2_G9_P[4]_I2_R2_C2_M2_A2_N2_T2_E2_H2_mixed_genotype	C2
AB975713	YR048	2012-05-XX	2	C	Japan	G1_P[8]_I2_R2_C2_M2_A2_N2_T2_E2_H2	C2
AB975682	KN010	2012-04-XX	2	C	Japan	G1_P[8]_I2_R2_C2_M2_A2_N2_T2_E2_H2	C2
AB975694	KN056	2012-06-XX	2	C	Japan	G1_P[8]_I2_R2_C2_M2_A2_N2_T2_E2_H2	C2
AB975686	KN046	2012-05-XX	2	C	Japan	G1_P[8]_I2_R2_C2_M2_A2_N2_T2_E2_H2	C2
AB975722	YR063	2012-07-XX	2	C	Japan	G1_P[8]_I2_R2_C2_M2_A2_N2_T2_E2_H2	C2
AB975691	KN053	2012-06-XX	2	C	Japan	G1_P[8]_I2_R2_C2_M2_A2_N2_T2_E2_H2	C2
AB975684	KN039	2012-05-XX	2	C	Japan	G1_P[8]_I2_R2_C2_M2_A2_N2_T2_E2_H2	C2
AB975698	YR013	2012-04-XX	2	C	Japan	G1_P[8]_I2_R2_C2_M2_A2_N2_T2_E2_H2	C2
AB975673	NT004	2012-04-XX	2	C	Japan	G1_P[8]_I2_R2_C2_M2_A2_N2_T2_E2_H2	C2
KJ626571	RVA/Human_wt/PRY/1463SR/2006/G2G9P[4]_mixed_genotype	2006-09-XX	2	C	Paraguay	G2_G9_P[4]_I2_R2_C2_M2_A2_N2_T2_E2_H2_mixed_genotype	C2
AB975706	YR040	2012-05-XX	2	C	Japan	G1_P[8]_I2_R2_C2_M2_A2_N2_T2_E2_H2	C2
AB975680	NT023	2012-05-XX	2	C	Japan	G1_P[8]_I2_R2_C2_M2_A2_N2_T2_E2_H2	C2
KJ753402	RVA/Human_wt/ZAF/MRC_DPRU2131/2005/G8P[8]	2005-09-26	2	C	South_Africa	G8_P[8]_I2_R2_C2_M2_A2_N2_T2_E2_H2	C2
KJ626939	RVA/Human_wt/PRY/1488SR/2007/G2P[4]	2007-07-XX	2	C	Paraguay	G2_P[4]_I2_R2_C2_M2_A2_N2_T2_E2_H2	C2
KJ626966	RVA/Human_wt/PRY/1040SR/2005/G2P[4]	2005-07-XX	2	C	Paraguay	G2_P[4]_I2_R2_C2_M2_A2_N2_T2_E2_H2	C2
KJ626775	RVA/Human_wt/PRY/1005SR/2005/G2P[4]_mixed_genotype	2005-07-XX	2	C	Paraguay	G2_P[4]_I2_R1_R2_C2_M2_A2_N2_T2_E2_H2_mixed_genotype	C2
AB975688	KN050	2012-05-XX	2	C	Japan	G1_P[8]_I2_R2_C2_M2_A2_N2_T2_E2_H2	C2
AB975704	YR034	2012-05-XX	2	C	Japan	G1_P[8]_I2_R2_C2_M2_A2_N2_T2_E2_H2	C2
KJ626605	RVA/Human_wt/PRY/1388SR/2006/G2P[4]	2006-08-XX	2	C	Paraguay	G2_P[4]_I2_R2_C2_M2_A2_N2_T2_E2_H2	C2
AB975696	KN059	2012-07-XX	2	C	Japan	G1_P[8]_I2_R2_C2_M2_A2_N2_T2_E2_H2	C2
AB975710	YR044	2012-05-XX	2	C	Japan	G1_P[8]_I2_R2_C2_M2_A2_N2_T2_E2_H2	C2
KJ412543	RVA/Human_wt/PRY/1636SR/2008/G2P[4]	2008-09-XX	2	C	Paraguay	G2_P[4]_I2_R2_C2_M2_A2_N2_T2_E2_H2	C2
AB975717	YR054	2012-06-XX	2	C	Japan	G1_P[8]_I2_R2_C2_M2_A2_N2_T2_E2_H2	C2
AB975683	KN011	2012-04-XX	2	C	Japan	G1_P[8]_I2_R2_C2_M2_A2_N2_T2_E2_H2	C2
AB975697	YR010	2012-04-XX	2	C	Japan	G1_P[8]_I2_R2_C2_M2_A2_N2_T2_E2_H2	C2
KJ626729	RVA/Human_wt/PRY/1010SR/2005/G2G9P[4]_mixed_genotype	2005-07-XX	2	C	Paraguay	G2_G9_P[4]_I2_R1_R2_C2_M2_A2_N2_T2_E2_H2_mixed_genotype	C2
KJ626894	RVA/Human_wt/PRY/1533SR/2007/G2G4P[4]_mixed_genotype	2007-08-XX	2	C	Paraguay	G2_G4_P[4]_I2_R2_C2_M2_A2_N2_T2_E2_H2_mixed_genotype	C2
KJ753788	RVA/Human_wt/ZAF/MRC_DPRU1195/2009/G2P[6]P[8]_mixed_genotype	2009-06-03	2	C	South_Africa	G2_P[6]_P[8]_I2_R2_C2_M1_M2_A2_N2_T2_E2_H2_mixed_genotype	C2
AB975702	YR032	2012-05-XX	2	C	Japan	G1_P[8]_I2_R2_C2_M2_A2_N2_T2_E2_H2	C2
KJ753358	RVA/Human_wt/ZAF/MRC_DPRU618/2003/G2P[4]	2003-06-20	2	C	South_Africa	G2_P[4]_I2_R2_C2_M2_A2_N2_T2_E2_H2	C2
AB975720	YR061	2012-06-XX	2	C	Japan	G1_P[8]_I2_R2_C2_M2_A2_N2_T2_E2_H2	C2
KJ626752	RVA/Human_wt/PRY/1395SR/2006/G2P[4]	2006-08-XX	2	C	Paraguay	G2_P[4]_I2_R2_C2_M2_A2_N2_T2_E2_H2	C2
AB975714	YR049	2012-06-XX	2	C	Japan	G1_P[8]_I2_R2_C2_M2_A2_N2_T2_E2_H2	C2
AB975690	KN052	2012-06-XX	2	C	Japan	G1_P[8]_I2_R2_C2_M2_A2_N2_T2_E2_H2	C2
AB975676	NT015	2012-05-XX	2	C	Japan	G1_P[8]_I2_R2_C2_M2_A2_N2_T2_E2_H2	C2
AB975692	KN054	2012-06-XX	2	C	Japan	G1_P[8]_I2_R2_C2_M2_A2_N2_T2_E2_H2	C2
AB975703	YR033	2012-05-XX	2	C	Japan	G1_P[8]_I2_R2_C2_M2_A2_N2_T2_E2_H2	C2
AB975719	YR057	2012-06-XX	2	C	Japan	G1_P[8]_I2_R2_C2_M2_A2_N2_T2_E2_H2	C2
KJ626716	RVA/Human_wt/PRY/1297SR/2005/G2P[4]	2005-09-XX	2	C	Paraguay	G2_P[4]_I2_R2_C2_M2_A2_N2_T2_E2_H2	C2
AB975701	YR024	2012-04-XX	2	C	Japan	G1_P[8]_I2_R2_C2_M2_A2_N2_T2_E2_H2	C2
AB975695	KN057	2012-06-XX	2	C	Japan	G1_P[8]_I2_R2_C2_M2_A2_N2_T2_E2_H2	C2
AB975712	YR047	2012-05-XX	2	C	Japan	G1_P[8]_I2_R2_C2_M2_A2_N2_T2_E2_H2	C2
KJ626988	RVA/Human_wt/PRY/1157A/2007/G9P[4]	2007-10-XX	2	C	Paraguay	G9_P[4]_I2_R2_C2_M2_A2_N2_T1_E3_H2	C2
AB975705	YR035	2012-05-XX	2	C	Japan	G1_P[8]_I2_R2_C2_M2_A2_N2_T2_E2_H2	C2
AB975709	YR043	2012-05-XX	2	C	Japan	G1_P[8]_I2_R2_C2_M2_A2_N2_T2_E2_H2	C2
KC782520	human_wt/USA/LB1562/2010/G9P4	2010-05-15	2	C	USA	G9_P[4]_I2_R2_C2_M2_A2_N2_T2_E6_H2	C2
KJ412776	RVA/Human_wt/PRY/1613SR/2008/G2P[4]	2008-09-XX	2	C	Paraguay	G2_P[4]_I2_R2_C2_M2_A2_N2_T2_E2_H2	C2
AB975687	KN048	2012-05-XX	2	C	Japan	G1_P[8]_I2_R2_C2_M2_A2_N2_T2_E2_H2	C2
AB975700	YR023	2012-04-XX	2	C	Japan	G1_P[8]_I2_R2_C2_M2_A2_N2_T2_E2_H2	C2
KJ627162	RVA/Human_wt/PRY/1071SR/2005/G2P[4]	2005-07-XX	2	C	Paraguay	G2_P[4]_I2_R2_C2_M2_A2_N2_T2_E2_H2	C2
AB975678	NT019	2012-05-XX	2	C	Japan	G1_P[8]_I2_R2_C2_M2_A2_N2_T2_E2_H2	C2
KJ753812	RVA/Human_wt/ZAF/MRC_DPRU2716/2008/G8P[4]P[8]_mixed_genotype	2008-08-26	2	C	South_Africa	G8_P[4]_P[8]_I2_R2_C2_M2_A2_N2_T2_E2_H2_mixed_genotype	C2
AB975721	YR062	2012-07-XX	2	C	Japan	G1_P[8]_I2_R2_C2_M2_A2_N2_T2_E2_H2	C2
AB975715	YR050	2012-06-XX	2	C	Japan	G1_P[8]_I2_R2_C2_M2_A2_N2_T2_E2_H2	C2
AB975699	YR014	2012-04-XX	2	C	Japan	G1_P[8]_I2_R2_C2_M2_A2_N2_T2_E2_H2	C2
KJ753606	RVA/Human_wt/ZAF/MRC_DPRU1362/2007/G2P[4]	2007-05-15	2	C	South_Africa	G2_P[4]_I2_R2_C2_M2_A2_N2_T2_E2_H2	C2
AB975708	YR042	2012-05-XX	2	C	Japan	G1_P[8]_I2_R2_C2_M2_A2_N2_T2_E2_H2	C2
AB975718	YR055	2012-06-XX	2	C	Japan	G1_P[8]_I2_R2_C2_M2_A2_N2_T2_E2_H2	C2
AB975693	KN055	2012-06-XX	2	C	Japan	G1_P[8]_I2_R2_C2_M2_A2_N2_T2_E2_H2	C2
AB975685	KN041	2012-05-XX	2	C	Japan	G1_P[8]_I2_R2_C2_M2_A2_N2_T2_E2_H2	C2
AB975674	NT011	2012-05-XX	2	C	Japan	G1_P[8]_I2_R2_C2_M2_A2_N2_T2_E2_H2	C2
AB975716	YR051	2012-06-XX	2	C	Japan	G1_P[8]_I2_R2_C2_M2_A2_N2_T2_E2_H2	C2
KJ626999	RVA/Human_wt/PRY/1504SR/2007/G2P[4]	2007-08-XX	2	C	Paraguay	G2_P[4]_I2_R2_C2_M2_A2_N2_T2_E2_H2	C2
AB975711	YR046	2012-05-XX	2	C	Japan	G1_P[8]_I2_R2_C2_M2_A2_N2_T2_E2_H2	C2
AB975675	NT013	2012-05-XX	2	C	Japan	G1_P[8]_I2_R2_C2_M2_A2_N2_T2_E2_H2	C2
AB975681	KN006	2012-04-XX	2	C	Japan	G1_P[8]_I2_R2_C2_M2_A2_N2_T2_E2_H2	C2
AB975679	NT022	2012-05-XX	2	C	Japan	G1_P[8]_I2_R2_C2_M2_A2_N2_T2_E2_H2	C2
KJ626860	RVA/Human_wt/PRY/1255SR/2005/G2G9P[4]_mixed_genotype	2005-09-XX	2	C	Paraguay	G2_G9_P[4]_I2_R2_C2_M2_A2_N2_T2_E2_H2_mixed_genotype	C2
AB975689	KN051	2012-06-XX	2	C	Japan	G1_P[8]_I2_R2_C2_M2_A2_N2_T2_E2_H2	C2
KP752733	RVA/Human_wt/ETH/MRC_DPRU4960/2010/G2P[X]	2010-08-06	2	C	Ethiopia	G2_P[x]_I2_R2_C2_M2_A2_N2_T2_E2_H2	C2
KP752721	RVA/Human_wt/SWZ/MRC_DPRU4506/2010/G2P[4]P[8]_mixed_genotype	2010-07-14	2	C	Swaziland	G2_P[4]_P[8]_I2_R2_C2_M2_A2_N2_T2_E2_H2_mixed_genotype	C2
KP752972	RVA/Human_wt/GMB/MRC_DPRU3165/2008/G2P[6]	2008-06-12	2	C	Gambia	G2_P[6]_I2_R2_C2_M2_A2_N2_T2_E2_H2	C2
KP752461	RVA/Human_wt/ZAF/MRC_DPRU11051/1999/G9P[6]	1999-12-05	2	C	South_Africa	G9_P[6]_I2_R2_C2_M2_A2_N2_T2_E2_H2	C2
KP752802	RVA/Human_wt/MUS/MRC_DPRU308/2012/G2G12P[X]	2012-12-25	2	C	Mauritius	G2_G12_P[x]_I2_R2_C2_M2_A2_N2_T2_E2_H2_mixed_genotype	C2
KP752813	RVA/Human_wt/TGO/MRC_DPRU5138/2010/G3P[6]	2010-08-XX	2	C	Togo	G3_P[6]_I2_R2_C2_M2_A2_N2_T2_E2_H2	C2
KP752449	RVA/Human_wt/GMB/MRC_DPRU3190/2010/G2G12P[6]_mixed_genotype	2010-01-30	2	C	Gambia	G2_G12_P[6]_I2_R2_C2_M2_A2_N2_T2_E2_H2_mixed_genotype	C2
KP753146	RVA/Human_wt/TGO/MRC_DPRU5159/2010/G3P[6]	2010-11-XX	2	C	Togo	G3_P[6]_I2_R2_C2_M2_A2_N2_T2_E2_H2	C2
KJ639024	RVA/Human/JPN/S13_45/2013/G3P[4]	2013-03-14	2	C	Japan	G3_P[4]_I2_R2_C2_M2_A2_N2_T2_E2_H2	C2
KP752661	RVA/Human_wt/MUS/MRC_DPRU295/2012/G2P[4]	2012-04-11	2	C	Mauritius	G2_P[4]_I2_R2_C2_M2_A2_N2_T2_E2_E3_H2_mixed_genotype	C2
KP752483	RVA/Human_wt/ZAF/MRC_DPRU4992/1997/G3P[6]	1997-10-01	2	C	South_Africa	G3_P[6]_I2_R2_C2_M2_A2_N2_T2_E2_H2	C2
KP752506	RVA/Human_wt/GMB/MRC_DPRU3166/2008/G3P[6]	2008-05-25	2	C	Gambia	G3_P[6]_I2_R2_C2_M2_A2_N2_T2_E2_H2	C2
KP752572	RVA/Human_wt/TZA/MRC_DPRU4570/2011/G8P[4]	2011-11-17	2	C	Tanzania	G8_P[4]_I2_R2_C2_M2_A2_N2_T2_Ex_H2	C2
KP753236	RVA/Human_wt/MUS/MRC_DPRU296/2012/G2P[4]	2012-11-05	2	C	Mauritius	G2_P[4]_I2_R2_C2_M2_A2_N2_T2_E2_E3_H2_mixed_genotype	C2
KJ639013	RVA/Human/JPN/S13_30/2013/G3P[4]	2013-02-27	2	C	Japan	G3_P[4]_I2_R2_C2_M2_A2_N2_T2_E2_H2	C2
KP752694	RVA/Human_wt/GMB/MRC_DPRU3199/2010/G2P[4]	2010-02-08	2	C	Gambia	G2_P[4]_I2_R2_C2_M2_A2_N2_T2_E2_H2	C2
KC834710	RVA/Human_wt/AUS/V233/1999/G2P4	1999-03-28	2	C	Australia	G2_P[4]_I2_R2_C2_M2_A2_N2_T2_E2_H2	C2
KC571494	human_wt/AUS/SA066/2010/G2P4	2010-07-08	2	C	Australia	Gx_P[x]_I2_R2_C2_M2_A2_N2_T2_E2_H2	C2
JX965138	human/AUS/MON008/2010/G2P4	2010-11-13	2	C	Australia	G2_P[4]_I2_R2_C2_M2_A2_N2_T2_E2_H2	C2
KJ803836	RVA/Human_wt/PRY/492SR/2004/G8P[1]	2004-06-24	2	C	Paraguay	G8_P[1]_I2_R2_C2_M1_Ax_N2_T6_E12_H3	C2
JX965136	human/AUS/WAPC703/2010/G2P4	2010-06-14	2	C	Australia	G2_P[4]_I2_R2_C2_M2_A2_N2_T2_E2_H2	C2
KC834708	RVA/Human_wt/AUS/V203/2009/G2P4	2009-02-27	2	C	Australia	G2_P[4]_I2_R2_C2_M2_A2_N2_T2_E2_H2	C2
JX965137	human/AUS/RCH041/2010/G2P4	2010-11-04	2	C	Australia	G2_P[4]_I2_R2_C2_M2_A2_N2_T2_E2_H2	C2
KJ411433	RVA/Human_wt/US/2012841174/2012/G8P[14]	2012-04-17	2	C	USA	G8_P[14]_I2_R3_C2_M2_A3_N2_T6_E2_H3	C2
KC834709	RVA/Human_wt/AUS/336190/2004/G2P4	2004-02-28	2	C	Australia	G2_P[4]_I2_R2_C2_M2_A2_N2_T2_E2_H2	C2
KU059767	RVA/Human_wt/AUS/D388/2013/G3P[8]	2013-04-19	2	C	Australia	G3_P[8]_I2_R2_C2_M2_A2_N2_T2_E2_H2	C2
KT918843	RVA/Human_wt/USA/VU12_13_26/2013/G2P[4]	2013-02-11	2	C	USA	G2_P[4]_I2_R2_C2_M1_A2_N2_T2_E2_H2	C2
LC066640	RVA/Human_wt/THA/PCB_180/2013/G1P[8]	2013-04-XX	2	C	Thailand	G1_P[8]_I2_R2_C2_M2_A2_N2_T2_E2_H2	C2
KP007194	RVA/Human_wt/PHI/TGO12_016/2012/G1P[8]	2012-08-XX	2	C	Philippines	G1_P[8]_I2_R2_C2_M2_A2_N2_T2_E2_H2	C2
LC066651	RVA/Human_wt/THA/SKT_109/2013/G1P[8]	2013-02-XX	2	C	Thailand	G1_P[8]_I2_R2_C2_M2_A2_N2_T2_E2_H2	C2
KP007174	RVA/Human_wt/PHI/TGO12_007/2012/G2P[4]	2012-06-XX	2	C	Philippines	G2_P[4]_I2_R2_C2_M2_A2_N2_T2_E2_H2	C2
KP007185	RVA/Human_wt/PHI/TGO12_012/2012/G1P[8]	2012-07-XX	2	C	Philippines	G1_P[8]_I2_R2_C2_M2_A2_N2_Tx_E2_Hx	C2
KU059778	RVA/Human_wt/AUS/WAPC1740/2013/G3P[8]	2013-09-03	2	C	Australia	G3_P[8]_I2_R2_C2_M2_A2_N2_T2_E2_H2	C2
KP007152	RVA/Human_wt/PHI/TGO12_003/2012/G2P[4]	2012-06-XX	2	C	Philippines	G2_P[4]_I2_R2_C2_M2_A2_N2_T2_E2_H2	C2
KU059789	RVA/Human_wt/AUS/WAPC2016/2014/G3P[8]	2014-09-23	2	C	Australia	G3_P[8]_I2_R2_C2_M2_A2_N2_T2_E2_H2	C2
KP007163	RVA/Human_wt/PHI/TGO12_004/2012/G1P[8]	2012-06-XX	2	C	Philippines	G1_P[8]_I2_R2_C2_M2_A2_N2_T2_E2_H2	C2
KP007205	RVA/Human_wt/PHI/TGO12_045/2012/G1P[8]	2012-11-XX	2	C	Philippines	G1_P[8]_I2_R2_C2_M2_A2_N2_T2_E2_H2	C2
LC066662	RVA/Human_wt/THA/SSKT_41/2013/G1P[8]	2013-03-XX	2	C	Thailand	G1_P[8]_I2_R2_C2_M2_A2_N2_T2_E2_H2	C2
KT919448	RVA/Human_wt/USA/VU12_13_176/2013/G1G6P[8]_mixed_genotype	2013-11-20	2	C	USA	G1_G6_P[8]_I2_R2_C2_M1_A3_N2_T6_E2_H3_mixed_genotype	C2
KT918447	RVA/Human_wt/USA/VU12_13_145/2013/G2P[4]	2013-03-29	2	C	USA	G2_P[4]_I2_R2_C2_M2_A2_N2_T2_E2_H2	C2
KT936627	RVA/Human_wt/THA/CMHN49_12/2012/G12P[6]	2012-02-02	2	C	Thailand	G12_P[6]_I2_R2_C2_Mx_A2_N2_T2_E2_H2	C2
KU550269	RVA/Human_wt/ESP/SS61720845/2015/G3P[8]	2015-04-09	2	C	Spain	G3_P[8]_I2_R2_C2_M2_A2_N2_T2_E2_H2	C2
KX363247	RVA/Human_wt/VNM/12067_91/VP2_c2	2013-04-01	2	C	Viet_Nam	Gx_P[x]_Ix_Rx_C2_Mx_Ax_Nx_Tx_Ex_Hx	C2
KX362723	RVA/Human_wt/VNM/16020_77/VP2	2013-12-12	2	C	Viet_Nam	Gx_P[x]_Ix_Rx_C2_Mx_Ax_Nx_Tx_Ex_Hx	C2
KU550270	RVA/Human_wt/ESP/SS75915299/2015/G3P[8]	2015-04-16	2	C	Spain	G3_P[8]_I2_R2_C2_M2_A2_N2_T2_E2_H2	C2
KU550272	RVA/Human_wt/ESP/SS96217158/2015/G3P[8]	2015-04-13	2	C	Spain	G3_P[8]_I2_R2_C2_M2_A2_N2_T2_E2_H2	C2
KX362778	RVA/Human_wt/VNM/16020_91/VP2	2014-01-13	2	C	Viet_Nam	Gx_P[x]_Ix_Rx_C2_Mx_Ax_Nx_Tx_Ex_Hx	C2
KX362800	RVA/Human_wt/VNM/16020_93/VP2	2014-01-16	2	C	Viet_Nam	Gx_P[x]_Ix_Rx_C2_Mx_Ax_Nx_Tx_Ex_Hx	C2
KX362734	RVA/Human_wt/VNM/16020_80/VP2	2013-12-19	2	C	Viet_Nam	Gx_P[x]_Ix_Rx_C2_Mx_Ax_Nx_Tx_Ex_Hx	C2
KX362822	RVA/Human_wt/VNM/16020_96/VP2	2014-01-21	2	C	Viet_Nam	Gx_P[x]_Ix_Rx_C2_Mx_Ax_Nx_Tx_Ex_Hx	C2
KU550268	RVA/Human_wt/ESP/SS98242319/2015/G3P[8]	2015-03-23	2	C	Spain	G3_P[8]_I2_R2_C2_M2_A2_N2_T2_E2_H2	C2
KU128893	RVA/Human_wt/Bel/BEF06018/2014/G29P41	2013-08-27	2	C	Belgium	Gx_P[13]_I2_R2_C2_M2_A11_N2_T6_E2_H3	C2
KX362646	RVA/Human_wt/VNM/16020_44/VP2	2013-09-23	2	C	Viet_Nam	Gx_P[x]_Ix_Rx_C2_Mx_Ax_Nx_Tx_Ex_Hx	C2
KX363215	RVA/Human_wt/VNM/12067_87/VP2_c2	2013-02-26	2	C	Viet_Nam	Gx_P[x]_Ix_Rx_C2_Mx_Ax_Nx_Tx_Ex_Hx	C2
KX362581	RVA/Human_wt/VNM/16020_19/VP2	2013-07-18	2	C	Viet_Nam	Gx_P[x]_Ix_Rx_C2_Mx_Ax_Nx_Tx_Ex_Hx	C2
KX362712	RVA/Human_wt/VNM/16020_74/VP2	2013-11-29	2	C	Viet_Nam	Gx_P[x]_Ix_Rx_C2_Mx_Ax_Nx_Tx_Ex_Hx	C2
KX362701	RVA/Human_wt/VNM/16020_72/VP2	2013-11-22	2	C	Viet_Nam	Gx_P[x]_Ix_Rx_C2_Mx_Ax_Nx_Tx_Ex_Hx	C2
KX362570	RVA/Human_wt/VNM/16020_11/VP2	2013-07-02	2	C	Viet_Nam	Gx_P[x]_Ix_Rx_C2_Mx_Ax_Nx_Tx_Ex_Hx	C2
KX362635	RVA/Human_wt/VNM/16020_39/VP2	2013-09-10	2	C	Viet_Nam	Gx_P[x]_Ix_Rx_C2_Mx_Ax_Nx_Tx_Ex_Hx	C2
KX362745	RVA/Human_wt/VNM/16020_81/VP2	2013-12-20	2	C	Viet_Nam	Gx_P[x]_Ix_Rx_C2_Mx_Ax_Nx_Tx_Ex_Hx	C2
KX363194	RVA/Human_wt/VNM/12057_86/VP2_c2	2013-02-26	2	C	Viet_Nam	Gx_P[x]_Ix_Rx_C2_Mx_Ax_Nx_Tx_Ex_Hx	C2
KX362657	RVA/Human_wt/VNM/16020_45/VP2	2013-09-24	2	C	Viet_Nam	Gx_P[x]_Ix_Rx_C2_Mx_Ax_Nx_Tx_Ex_Hx	C2
KX363119	RVA/Human_wt/VNM/12056_79/VP2_c2	2013-01-31	2	C	Viet_Nam	Gx_P[x]_Ix_Rx_C2_Mx_Ax_Nx_Tx_Ex_Hx	C2
KX362613	RVA/Human_wt/VNM/16020_36/VP2	2013-08-28	2	C	Viet_Nam	Gx_P[x]_Ix_Rx_C2_Mx_Ax_Nx_Tx_Ex_Hx	C2
KX362789	RVA/Human_wt/VNM/16020_92/VP2	2014-01-14	2	C	Viet_Nam	Gx_P[x]_Ix_Rx_C2_Mx_Ax_Nx_Tx_Ex_Hx	C2
KX362668	RVA/Human_wt/VNM/16020_49/VP2	2013-10-03	2	C	Viet_Nam	Gx_P[x]_Ix_Rx_C2_Mx_Ax_Nx_Tx_Ex_Hx	C2
KU550273	RVA/Human_wt/ESP/SS98244047/2015/G3P[8]	2015-03-17	2	C	Spain	G3_P[8]_I2_R2_C2_M2_A2_N2_T2_E2_H2	C2
KU550271	RVA/Human_wt/ESP/SS61921417/2015/G3P[8]	2015-03-23	2	C	Spain	G3_P[8]_I2_R2_C2_M2_A2_N2_T2_E2_H2	C2
KX362833	RVA/Human_wt/VNM/12013_45/VP2	2012-10-31	2	C	Viet_Nam	Gx_P[x]_Ix_Rx_C2_Mx_Ax_Nx_Tx_Ex_Hx	C2
KU356597	RVA/Human_wt/BGN/M315/2013/G2P[4]	2013-08-07	2	C	Bangladesh	G2_P[4]_I2_R2_C2_M2_A2_N2_T2_E2_H2	C2
KU356630	RVA/Human_wt/BGN/M310/2013/G2P[4]	2013-08-02	2	C	Bangladesh	G2_P[4]_I2_R2_C2_M2_A2_N2_T2_E2_H2	C2
KU356663	RVA/Human_wt/BGN/M282/2013/G2P[4]	2013-11-27	2	C	Bangladesh	G2_P[4]_I2_R2_C2_M2_A2_N2_T2_E2_H2	C2
KU199282	RVA/Human_wt/BGN/M334/2013/G2P[4]	2013-09-21	2	C	Bangladesh	G2_P[4]_I2_R2_C2_M2_A2_N2_T2_E2_H2	C2
KU248406	RVA/Human_wt/BGN/J265/2010/G2P[4]	2010-01-XX	2	C	Bangladesh	G2_P[4]_I2_R2_C2_M2_A2_N2_T2_E2_H2	C2
KU199271	RVA/Human_wt/BGN/J306/2010/G2P[4]	2010-02-XX	2	C	Bangladesh	G2_P[4]_I2_R2_C2_M2_A2_N2_T2_E2_H2	C2
KU248417	RVA/Human_wt/BGN/J263/2010/G2P[4]	2010-01-XX	2	C	Bangladesh	G2_P[4]_I2_R2_C2_M2_A2_N2_T2_E2_H2	C2
KU356575	RVA/Human_wt/BGN/J253/2010/G2P[4]	2010-01-XX	2	C	Bangladesh	G2_P[4]_I2_R2_C2_M2_A2_N2_T2_E2_H2	C2
KU356652	RVA/Human_wt/BGN/M289/2013/G2P[4]	2013-11-30	2	C	Bangladesh	G2_P[4]_I2_R2_C2_M2_A2_N2_T2_E2_H2	C2
KU356619	RVA/Human_wt/BGN/M312/2013/G2P[4]	2013-08-05	2	C	Bangladesh	G2_P[4]_I2_R2_C2_M2_A2_N2_T2_E2_H2	C2
KU356586	RVA/Human_wt/BGN/J251/2010/G2P[4]	2010-01-XX	2	C	Bangladesh	G2_P[4]_I2_R2_C2_M2_A2_N2_T2_E2_H2	C2
KU356608	RVA/Human_wt/BGN/M313/2013/G2P[4]	2013-08-05	2	C	Bangladesh	G2_P[4]_I2_R2_C2_M2_A2_N2_T2_E2_H2	C2
KU356641	RVA/Human_wt/BGN/M292/2013/G2P[4]	2013-12-04	2	C	Bangladesh	G2_P[4]_I2_R2_C2_M2_A2_N2_T2_E2_H2	C2
KU248395	RVA/Human_wt/BGN/J266/2010/G2P[4]	2010-01-XX	2	C	Bangladesh	G2_P[4]_I2_R2_C2_M2_A2_N2_T2_E2_H2	C2
KU248373	RVA/Human_wt/BGN/J303/2010/G2P[4]	2010-02-XX	2	C	Bangladesh	G2_P[4]_I2_R2_C2_M2_A2_N2_T2_E2_H2	C2
KU248428	RVA/Human_wt/BGN/J331/2010/G2P[4]	2010-02-XX	2	C	Bangladesh	G2_P[4]_I2_R2_C2_M1_A2_N2_T2_E2_H1	C2
KU248384	RVA/Human_wt/BGN/J300/2010/G2P[4]	2010-02-XX	2	C	Bangladesh	G2_P[4]_I2_R2_C2_M2_A2_N2_T2_E2_H2	C2
KY634815	VN_0558/G26P19/VP2/C2	2013-01-XX	2	C	Viet_Nam	Gx_P[x]_Ix_Rx_C2_Mx_Ax_Nx_Tx_Ex_Hx	C2
KY634804	VN_0365/G1P8/VP2/C2	2014-03-XX	2	C	Viet_Nam	Gx_P[x]_Ix_Rx_C2_Mx_Ax_Nx_Tx_Ex_Hx	C2
KY634793	VN_0341/G1P8/VP2/C2	2014-02-XX	2	C	Viet_Nam	Gx_P[x]_Ix_Rx_C2_Mx_Ax_Nx_Tx_Ex_Hx	C2
KY634778	VN_0326/mixedG1G2_P4P8/VP2/C2	2014-02-XX	2	C	Viet_Nam	Gx_P[x]_Ix_Rx_C2_Mx_Ax_Nx_Tx_Ex_Hx	C2
KY634750	VN_0321/G2P4/VP2/C2	2014-02-XX	2	C	Viet_Nam	Gx_P[x]_Ix_Rx_C2_Mx_Ax_Nx_Tx_Ex_Hx	C2
KY634739	VN_0299/G1P8/VP2/C2	2014-01-XX	2	C	Viet_Nam	Gx_P[x]_Ix_Rx_C2_Mx_Ax_Nx_Tx_Ex_Hx	C2
KY634728	VN_0222/G2P4/VP2/C2	2013-09-XX	2	C	Viet_Nam	Gx_P[x]_Ix_Rx_C2_Mx_Ax_Nx_Tx_Ex_Hx	C2
KY634687	VN_0186/G2P4/VP2/C2	2013-07-XX	2	C	Viet_Nam	Gx_P[x]_Ix_Rx_C2_Mx_Ax_Nx_Tx_Ex_Hx	C2
KY634702	VN_0196/mixedG3G9_P4P8/VP2/C2	2014-04-XX	2	C	Viet_Nam	Gx_P[x]_Ix_Rx_C2_Mx_Ax_Nx_Tx_Ex_Hx	C2
KY634676	VN_0181/G1P4/VP2/C2	2013-07-XX	2	C	Viet_Nam	Gx_P[x]_Ix_Rx_C2_Mx_Ax_Nx_Tx_Ex_Hx	C2
KY634665	VN_0175/G2P4/VP2/C2	2013-07-XX	2	C	Viet_Nam	Gx_P[x]_Ix_Rx_C2_Mx_Ax_Nx_Tx_Ex_Hx	C2
KY634830	VN_1221/mixedG2G3_P4P8/VP2/C2	2014-06-XX	2	C	Viet_Nam	Gx_P[x]_Ix_Rx_C2_Mx_Ax_Nx_Tx_Ex_Hx	C2
KY634856	VN_3096/G1P4/VP2/C2	2014-04-XX	2	C	Viet_Nam	Gx_P[x]_Ix_Rx_C2_Mx_Ax_Nx_Tx_Ex_Hx	C2
KY634845	VN_1604/G2P4/VP2/C2	2014-05-XX	2	C	Viet_Nam	Gx_P[x]_Ix_Rx_C2_Mx_Ax_Nx_Tx_Ex_Hx	C2
KY634643	VN_0140/G1P8/VP2/C2	2014-02-XX	2	C	Viet_Nam	Gx_P[x]_Ix_Rx_C2_Mx_Ax_Nx_Tx_Ex_Hx	C2
KY634628	VN_0132/mixedG2G3_P4P8/VP2/C2	2014-02-XX	2	C	Viet_Nam	Gx_P[x]_Ix_Rx_C2_Mx_Ax_Nx_Tx_Ex_Hx	C2
MF168164	RVA/Human_wt/USA/VU12_13_30/2013/G2P[4]	2013-02-21	2	C	USA	G2_P[4]_I2_R2_C2_M1_A2_N2_T2_E2_H2	C2
MF167966	RVA/Human_wt/USA/VU12_13_27/2013/G2P[4]	2013-02-11	2	C	USA	G2_P[4]_I2_R2_C2_M2_A2_N2_T2_E2_H2	C2
MF168272	RVA/Human_wt/USA/VU12_13_14/2013/G2P[4]	2013-01-17	2	C	USA	G2_P[4]_I2_Rx_C2_M2_A2_N2_T2_E2_H2	C2
KY972329	RVA/Human_wt/SVN/SI_2987/09/2009/G8P[14]	2009-11-09	2	C	Slovenia	G8_P[14]_Ix_R2_C2_M2_A3_N2_Tx_E2_H3	C2
KX655507	RVA/Human_wt/UGA/MSK_13_048/2013/G9P[8]	2013-04-15	2	C	Uganda	G9_P[8]_I2_R2_C2_M2_A2_N2_T2_E2_H2	C2
KX655474	RVA/Human_wt/UGA/MUL_12_117/2012/G3P[6]	2012-11-26	2	C	Uganda	G3_P[6]_I2_R2_C2_M2_A2_N2_T2_E2_H2	C2
KX655496	RVA/Human_wt/UGA/MUL_13_160/2013/G8P[4]	2013-01-04	2	C	Uganda	G8_P[4]_I2_R2_C2_M2_A2_N2_T2_E2_H2	C2
KX655463	RVA/Human_wt/UGA/MUL_13_496/2013/G8P[4]	2013-08-29	2	C	Uganda	G8_P[4]_I2_R2_C2_M2_A2_N2_T2_E2_H2	C2
KX655518	RVA/Human_wt/UGA/MUL_13_427/2013/G8P[4]	2013-07-05	2	C	Uganda	G8_P[4]_I2_R2_C2_M2_A2_N2_T2_E2_H2	C2
KX655452	RVA/Human_wt/UGA/MUL_13_204/2013/G8P[6]	2013-01-24	2	C	Uganda	G8_P[6]_I2_R2_C2_M2_A2_N2_T2_E2_H2	C2
KX655439	RVA/Human_wt/UGA/MUL_13_171/2013/G3P[6]	2013-01-10	2	C	Uganda	G3_P[6]_I2_R2_C2_M2_A2_N2_T2_E2_H2	C2
KX632343	RVA/Human_wt/UGA/MUL_13_157/2013/G1P[8]	2013-01-04	2	C	Uganda	G1_P[8]_I1_R1_C2_M1_A1_N1_T1_E1_H1	C2
KX632332	RVA/Human_wt/UGA/MUL_12_104/2012/G3P[6]	2012-11-15	2	C	Uganda	G3_P[6]_I2_R2_C2_M2_A2_N2_T2_E2_H2	C2
KX632277	RVA/Human_wt/UGA/MUL_13_166/2013/G3P[6]	2013-01-05	2	C	Uganda	G3_P[6]_I2_R2_C2_M2_A2_N2_T2_E2_H2	C2
KX632255	RVA/Human_wt/UGA/MUL_13_308/2013/G8P[6]	2013-03-21	2	C	Uganda	G8_P[6]_I2_R2_C2_M2_A2_N2_T2_E2_H2	C2
MF469136	RVA/Human_wt/USA/SSCRTV_00011/2013/G2P[4]	2013-04-05	2	C	USA	G2_P[4]_I2_R2_C2_M2_A2_N2_T2_E2_Hx	C2
MF469341	RVA/Human__lab/USA/Rotateq_SSCRTV_00091/2016/G1G4P[5]	2016-06-18	2	C	USA	G1_G4_P[5]_I2_Rx_C2_M1_Ax_N2_T6_E2_H3_mixed_genotype	C2
MF469336	RVA/Human_wt/USA/SSCRTV_00059/2014/GXP[X]	2014-11-11	2	C	USA	Gx_P[x]_Ix_Rx_C2_Mx_Ax_Nx_Tx_Ex_Hx	C2
KX880429	RVA/Human_wt/DEU/GER34_16/2016/G3P[8]	2016-05-XX	2	C	Germany	G3_P[8]_I2_R2_C2_M2_A2_N2_T2_E2_H2	C2
KY000550	RVA/Human_wt/DEU/GER37_16/2016/G3P[8]	2016-09-XX	2	C	Germany	G3_P[8]_I2_R2_C2_M2_A2_N1_T2_E2_H2	C2
KX880418	RVA/Human_wt/DEU/GER33_15/2015/G3P[8]	2015-03-XX	2	C	Germany	G3_P[8]_I2_R2_C2_M2_A2_N2_T2_E2_H2	C2
KY113333	12034	2012-10-15	2	C	China	G10_P[15]_I10_R2_C2_M2_A11_N2_T6_Ex_H3	C2
KY113338	12059	2012-10-15	2	C	China	G10_P[15]_I10_R2_C2_M2_Ax_N2_T6_E2_H3	C2
KU714456	RVA/Human_wt/MWI/MW2_181_B/2000/G1P[8]	2000-02-04	2	C	Malawi	G6_P[14]_I2_R2_C2_M2_A11_N2_T6_E2_H3	C2
KX880440	RVA/Human_wt/DEU/GER29_14/2014/G6P[9]	2014-09-XX	2	C	Germany	G6_P[9]_I2_R2_C2_M2_A3_N2_T3_E2_H3	C2
MG181723	RVA/Human_wt/MWI/BID2MT/2014/G1P[8]	2014-03-19	2	C	Malawi	G1_P[8]_I2_R2_C2_M2_A2_N2_T2_E2_H2	C2
MG181734	RVA/Human_wt/MWI/BID2Q3/2014/G1P[8]	2014-01-22	2	C	Malawi	G1_P[8]_I2_R2_C2_M2_A2_N2_T2_E2_H2	C2
MG181745	RVA/Human_wt/MWI/BID2Q6/2014/G1P[8]	2014-01-23	2	C	Malawi	G1_P[8]_I2_R2_C2_M2_A2_N2_T2_E2_H2	C2
MG181668	RVA/Human_wt/MWI/BID2DE/2013/G1P[8]	2013-08-23	2	C	Malawi	G1_P[8]_I2_R2_C2_M2_A2_N2_T2_E2_H2	C2
MG181679	RVA/Human_wt/MWI/BID2FT/2013/G1P[8]	2013-09-17	2	C	Malawi	G1_P[8]_I2_R2_C2_M2_A2_N2_T2_E2_H2	C2
MG181690	RVA/Human_wt/MWI/BID1ZF/2014/G1P[8]	2014-03-10	2	C	Malawi	G1_P[8]_I2_R2_C2_M2_A2_N2_T2_E2_H2	C2
MG181701	RVA/Human_wt/MWI/BID230/2014/G1P[8]	2014-06-03	2	C	Malawi	G1_P[8]_I2_R2_C2_M2_A2_N2_T1_E2_H2	C2
MG181712	RVA/Human_wt/MWI/BID263/2014/G1P[8]	2014-04-22	2	C	Malawi	G1_P[8]_I2_R2_C2_M2_A2_N2_T2_E2_H2	C2
MG181316	RVA/Human_wt/MWI/BID1JK/2013/G2P[4]	2013-04-17	2	C	Malawi	G2_P[4]_I2_R2_C2_M2_A2_N2_T2_E2_H2	C2
MG181569	RVA/Human_wt/MWI/BID1KS/2013/G1P[8]	2013-07-23	2	C	Malawi	G1_P[8]_I2_R2_C2_M2_A2_N2_T2_E2_H2	C2
MG181580	RVA/Human_wt/MWI/BID1KY/2013/G1P[8]	2013-07-30	2	C	Malawi	G1_P[8]_I2_R2_C2_M2_A2_N2_T2_E2_H2	C2
MG181591	RVA/Human_wt/MWI/BID1LN/2013/G1P[8]	2013-06-28	2	C	Malawi	G1_P[8]_I2_R1_C2_M2_A2_N2_T2_E2_H2	C2
MG181602	RVA/Human_wt/MWI/BID1LW/2013/G1P[8]	2013-07-04	2	C	Malawi	G1_P[8]_I2_R2_C2_M2_A2_N2_T2_E2_H2	C2
MG181613	RVA/Human_wt/MWI/BID1PU/2013/G1P[8]	2013-05-16	2	C	Malawi	G1_P[8]_I2_R2_C2_M2_A2_N2_T2_E2_H2	C2
MG181624	RVA/Human_wt/MWI/BID225/2013/G1P[8]	2013-10-29	2	C	Malawi	G1_P[8]_I2_R2_C2_M2_A2_N2_T2_E2_H2	C2
MG181635	RVA/Human_wt/MWI/BID2AW/2013/G1P[8]	2013-06-07	2	C	Malawi	G1_P[8]_I2_R2_C2_M2_A2_N2_T2_E2_H2	C2
MG181646	RVA/Human_wt/MWI/BID2BB/2013/G1P[8]	2013-06-04	2	C	Malawi	G1_P[8]_I2_R2_C2_M2_A2_N2_T2_E2_H2	C2
MG181657	RVA/Human_wt/MWI/BID2BS/2013/G1P[8]	2013-06-17	2	C	Malawi	G1_P[8]_I2_R2_C2_M2_A2_N2_T2_E2_H2	C2
MG181778	RVA/Human_wt/MWI/BID124/2012/G2P[4]	2012-01-17	2	C	Malawi	G2_P[4]_I2_R2_C2_M2_A2_N2_T2_E2_H2	C2
MG181789	RVA/Human_wt/MWI/BID11V/2012/G2P[4]	2012-02-11	2	C	Malawi	G2_P[4]_I2_R2_C2_M2_A2_N2_T2_E2_H2	C2
MG181800	RVA/Human_wt/MWI/BID11D/2012/G2P[4]	2012-02-13	2	C	Malawi	G2_P[4]_I2_R2_C2_M2_A2_N2_T2_E2_H2	C2
MG181811	RVA/Human_wt/MWI/BID115/2012/G2P[4]	2012-02-13	2	C	Malawi	G2_P[4]_I2_R2_C2_M2_A2_N2_T2_E2_H2	C2
MG181822	RVA/Human_wt/MWI/BID11E/2012/G2P[4]	2012-03-01	2	C	Malawi	G2_P[4]_I2_R2_C2_M2_A2_N2_T2_E2_H2	C2
MG181833	RVA/Human_wt/MWI/BID19T/2012/G2P[4]	2012-03-14	2	C	Malawi	G2_P[4]_I2_R2_C2_M2_A2_N2_T2_E2_H2	C2
MG181844	RVA/Human_wt/MWI/BID1AW/2012/G2P[6]	2012-04-03	2	C	Malawi	G2_P[6]_I2_R2_C2_M2_A2_N2_T2_E2_H2	C2
MG181855	RVA/Human_wt/MWI/BID14Z/2012/G2P[4]	2012-04-27	2	C	Malawi	G2_P[4]_I2_R2_C2_M2_A2_N2_T2_E2_H2	C2
MG181866	RVA/Human_wt/MWI/BID1B8/2012/G2P[4]	2012-05-12	2	C	Malawi	G2_P[4]_I2_R2_C2_M2_A2_N2_T2_E2_H2	C2
MG181877	RVA/Human_wt/MWI/BID15I/2012/G2P[6]	2012-06-06	2	C	Malawi	G2_P[6]_I2_R2_C2_M2_A2_N2_T2_E2_H2	C2
MG181888	RVA/Human_wt/MWI/BID1BI/2012/G2P[4]	2012-06-11	2	C	Malawi	G2_P[6]_I2_R2_C2_M2_A2_N2_T2_E2_H2	C2
MG181899	RVA/Human_wt/MWI/BID1B9/2012/G8P[4]	2012-03-29	2	C	Malawi	G8_P[4]_I2_R2_C2_M2_A2_N2_T2_E2_H2	C2
MG181910	RVA/Human_wt/MWI/BID15V/2012/G2P[4]	2012-06-15	2	C	Malawi	G2_P[4]_I2_R2_C2_M2_A2_N2_T2_E2_H2	C2
MG181921	RVA/Human_wt/MWI/BID1CT/2012/G2P[4]	2012-06-25	2	C	Malawi	G2_P[4]_I2_R2_C2_M2_A2_N2_T2_E2_H2	C2
MG181756	RVA/Human_wt/MWI/BID2QJ/2014/G1P[8]	2014-06-02	2	C	Malawi	G1_P[8]_I2_R2_C2_M2_A2_N2_T2_E2_H2	C2
MG181767	RVA/Human_wt/MWI/BID11S/2012/G2P[4]	2012-06-05	2	C	Malawi	G2_P[6]_I2_R2_C2_M2_A2_N2_T2_E2_H2	C2
KY657726	G2P4_1	2016-11-20	2	C	China	G2_P[6]_I2_R2_C2_M2_A2_N2_T2_E2_H2	C2
KY657727	G2P4_1_10	2016-11-30	2	C	China	G2_P[6]_I2_R2_C2_M2_A2_N2_T2_Ex_H2	C2
KY657728	G2P4_1_20	2016-12-10	2	C	China	G2_P[6]_I2_R2_C2_M2_A2_N2_T2_Ex_H2	C2
KY657729	G2P4_1_30	2016-12-20	2	C	China	G2_P[6]_I2_R2_C2_M2_A2_N2_T2_Ex_H2	C2
KY657730	G2P4_1_40	2016-12-30	2	C	China	G2_P[6]_I2_R2_C2_M2_A2_N2_T2_Ex_H2	C2
KY657731	G2P4_1_50	2017-01-10	2	C	China	G2_P[6]_I2_R2_C2_M2_A2_N2_T2_Ex_H2	C2
KY657732	G2P4_2	2016-11-20	2	C	China	G2_P[4]_I2_R2_C2_M2_A2_N2_T2_E2_H2	C2
KY657733	G2P4_2_10	2016-11-30	2	C	China	G2_P[4]_I2_R2_C2_M2_A2_N2_T2_E2_H2	C2
KY657734	G2P4_2_20	2016-12-10	2	C	China	G2_P[4]_I2_R2_C2_M2_A2_N2_T2_Ex_H2	C2
KY657735	G2P4_2_30	2016-12-20	2	C	China	G2_P[4]_I2_R2_C2_M2_A2_N2_T2_Ex_H2	C2
KY657736	G2P4_2_40	2016-12-30	2	C	China	G2_P[4]_I2_R2_C2_M2_A2_N2_T2_Ex_H2	C2
KY657737	G2P4_2_50	2017-01-10	2	C	China	G2_P[4]_I2_R2_C2_M2_A2_N2_T2_Ex_H2	C2
KY657738	G2P4_3	2017-01-10	2	C	China	G2_P[4]_I2_R2_C2_M2_A2_N2_T2_E2_H2	C2
KY657739	G2P4_3_10	2017-01-10	2	C	China	G2_P[4]_I2_R2_C2_M2_A2_N2_T2_E2_H2	C2
KY657740	G2P4_3_20	2017-01-10	2	C	China	G2_P[4]_I2_R2_C2_M2_A2_N2_T2_E2_H2	C2
KY657741	G2P4_3_30	2017-01-10	2	C	China	G2_P[4]_I2_R2_C2_M2_A2_N2_T2_Ex_H2	C2
KY657742	G2P4_3_40	2017-01-10	2	C	China	G2_P[4]_I2_R2_C2_M2_A2_N2_T2_Ex_H2	C2
KY657743	G2P4_3_50	2017-01-10	2	C	China	G2_P[4]_I2_R2_C2_M2_A2_N2_T2_Ex_H2	C2
LC336592	RVA/Human_wt/JPN/Tokyo/12_1375/2012/G8P[14]	2012-08-XX	2	C	Japan	G8_P[14]_I2_R2_C2_M2_A3_N2_T6_E2_H3	C2
MH704721	RVA/Human_wt/IDN/D009617g/2015/G3P[8]	2015-07-10	2	C	Indonesia	G3_P[8]_I2_R2_C2_M2_A2_N2_T2_E2_H2	C2
MH704720	RVA/Human_wt/IDN/D006389b/2014/G3P[8]	2014-03-17	2	C	Indonesia	G3_P[8]_I2_R2_C2_M2_A2_N2_T2_E2_H2	C2
LC406787	RVA/Human_wt/KEN/KDH1951/2014/G3P[6]	2014-07-20	2	C	Kenya	G3_P[6]_I2_R2_C2_M2_A2_N2_T2_E2_H2	C2
LC406831	RVA/Human_wt/KEN/KDH1629/2013/G8P[4]	2013-06-17	2	C	Kenya	G8_P[4]_I2_R2_C2_M2_A2_N2_T2_E2_H2	C2
LC406809	RVA/Human_wt/KEN/KDH1111/2011/G8P[4]	2011-09-16	2	C	Kenya	G8_P[4]_I2_R2_C2_M2_A2_N2_T2_E2_H2	C2
LC406820	RVA/Human_wt/KEN/KDH1255/2012/G8P[4]	2012-03-21	2	C	Kenya	G8_P[4]_I2_R2_C2_M2_A2_N2_T2_E2_H2	C2
LC406798	RVA/Human_wt/KEN/KDH1968/2014/G3P[6]	2014-12-08	2	C	Kenya	G3_P[6]_I2_R2_C2_M2_A2_N2_T2_E2_H2	C2
LC384331	RVA/Human_wt/JPN/HKD0825/2016/G1P[8]	2016-08-XX	2	C	Japan	G1_P[8]_I2_R2_C2_M2_A3_N2_T6_E2_H3	C2
LC173149	RVA/Human/JPN/SP011/2013/G2P[4]	2013-04-XX	2	C	Japan	G2_P[4]_I2_R2_C2_M2_A2_N2_T2_E2_H2	C2
LC173150	RVA/Human/JPN/SP012/2013/G2P[4]	2013-04-XX	2	C	Japan	G2_P[4]_I2_R2_C2_M2_A2_N2_T2_E2_H2	C2
LC173151	RVA/Human/JPN/SP013/2013/G1P[8]	2013-04-XX	2	C	Japan	G1_P[8]_I2_R2_C2_M2_A2_N2_T2_E2_H2	C2
LC173153	RVA/Human/JPN/SP015/2013/G2P[4]	2013-04-XX	2	C	Japan	G2_P[4]_I2_R2_C2_M2_A2_N2_T2_E2_H2	C2
LC173154	RVA/Human/JPN/SP016/2013/G1P[8]	2013-04-XX	2	C	Japan	G1_P[8]_I2_R2_C2_M2_A2_N2_T2_E2_H2	C2
LC173155	RVA/Human/JPN/SP017/2013/G1P[8]	2013-04-XX	2	C	Japan	G1_P[8]_I2_R2_C2_M2_A2_N2_T2_E2_H2	C2
LC173156	RVA/Human/JPN/SP019/2013/G1P[8]	2013-04-XX	2	C	Japan	G1_P[8]_I2_R2_C2_M2_A2_N2_T2_E2_H2	C2
LC173158	RVA/Human/JPN/SP022/2013/G1P[8]	2013-05-XX	2	C	Japan	G1_P[8]_I2_R2_C2_M2_A2_N2_T2_E2_H2	C2
LC173159	RVA/Human/JPN/SP023/2013/G1P[8]	2013-05-XX	2	C	Japan	G1_P[8]_I2_R2_C2_M2_A2_N2_T2_E2_H2	C2
LC173161	RVA/Human/JPN/SP025/2013/G1P[8]	2013-05-XX	2	C	Japan	G1_P[8]_I2_R2_C2_M2_A2_N2_T2_E2_H2	C2
LC173163	RVA/Human/JPN/SP027/2013/G1P[8]	2013-05-XX	2	C	Japan	G1_P[8]_I2_R2_C2_M2_A2_N2_T2_E2_H2	C2
LC173164	RVA/Human/JPN/SP028/2013/G2P[4]	2013-05-XX	2	C	Japan	G2_P[4]_I2_R2_C2_M2_A2_N2_T2_E2_H2	C2
LC173102	RVA/Human/JPN/KN145/2013/G1P[8]	2013-04-XX	2	C	Japan	G1_P[8]_I2_R2_C2_M2_A2_N2_T2_E2_H2	C2
LC173103	RVA/Human/JPN/KN146/2013/G1P[8]	2013-04-XX	2	C	Japan	G1_P[8]_I2_R2_C2_M2_A2_N2_T2_E2_H2	C2
LC173104	RVA/Human/JPN/KN147/2013/G1P[8]	2013-04-XX	2	C	Japan	G1_P[8]_I2_R2_C2_M2_A2_N2_T2_E2_H2	C2
LC173105	RVA/Human/JPN/KN149/2013/G1P[8]	2013-04-XX	2	C	Japan	G1_P[8]_I2_R2_C2_M2_A2_N2_T2_E2_H2	C2
LC173106	RVA/Human/JPN/KN150/2013/G1P[8]	2013-04-XX	2	C	Japan	G1_P[8]_I2_R2_C2_M2_A2_N2_T2_E2_H2	C2
LC173107	RVA/Human/JPN/KN151/2013/G1P[8]	2013-04-XX	2	C	Japan	G1_P[8]_I2_R2_C2_M2_A2_N2_T2_E2_H2	C2
LC173108	RVA/Human/JPN/KN152/2013/G1P[8]	2013-04-XX	2	C	Japan	G1_P[8]_I2_R2_C2_M2_A2_N2_T2_E2_H2	C2
LC173109	RVA/Human/JPN/KN153/2013/G1P[8]	2013-04-XX	2	C	Japan	G1_P[8]_I2_R2_C2_M2_A2_N2_T2_E2_H2	C2
LC173110	RVA/Human/JPN/KN154/2013/G1P[8]	2013-05-XX	2	C	Japan	G1_P[8]_I2_R2_C2_M2_A2_N2_T2_E2_H2	C2
LC173111	RVA/Human/JPN/KN155/2013/G1P[8]	2013-05-XX	2	C	Japan	G1_P[8]_I2_R2_C2_M2_A2_N2_T2_E2_H2	C2
LC173112	RVA/Human/JPN/KN156/2013/G1P[8]	2013-05-XX	2	C	Japan	G1_P[8]_I2_R2_C2_M2_A2_N2_T2_E2_H2	C2
LC173166	RVA/Human/JPN/SP030/2013/G1P[8]	2013-05-XX	2	C	Japan	G1_P[8]_I2_R2_C2_M2_A2_N2_T2_E2_H2	C2
LC173167	RVA/Human/JPN/SP031/2013/G1P[8]	2013-06-XX	2	C	Japan	G1_P[8]_I2_R2_C2_M2_A2_N2_T2_E2_H2	C2
LC173168	RVA/Human/JPN/SP032/2013/G1P[8]	2013-06-XX	2	C	Japan	G1_P[8]_I2_R2_C2_M2_A2_N2_T2_E2_H2	C2
LC173170	RVA/Human/JPN/SP034/2013/G1P[8]	2013-06-XX	2	C	Japan	G1_P[8]_I2_R2_C2_M2_A2_N2_T2_E2_H2	C2
LC173171	RVA/Human/JPN/SP035/2013/G1P[8]	2013-06-XX	2	C	Japan	G1_P[8]_I2_R2_C2_M2_A2_N2_T2_E2_H2	C2
LC173183	RVA/Human/JPN/YM036/2013/G1P[8]	2013-04-XX	2	C	Japan	G1_P[8]_I2_R2_C2_M2_A2_N2_T2_E2_H2	C2
LC173113	RVA/Human/JPN/KN157/2013/G1P[8]	2013-05-XX	2	C	Japan	G1_P[8]_I2_R2_C2_M2_A2_N2_T2_E2_H2	C2
LC173114	RVA/Human/JPN/KN158/2013/G1P[8]	2013-05-XX	2	C	Japan	G1_P[8]_I2_R2_C2_M2_A2_N2_T2_E2_H2	C2
LC173115	RVA/Human/JPN/OT006/2013/G1P[8]	2013-03-XX	2	C	Japan	G1_P[8]_I2_R2_C2_M2_A2_N2_T2_E2_H2	C2
LC173119	RVA/Human/JPN/OT011/2013/G2P[4]	2013-03-XX	2	C	Japan	G2_P[4]_I2_R2_C2_M2_A2_N2_T2_E2_H2	C2
LC173120	RVA/Human/JPN/OT012/2013/G2P[4]	2013-04-XX	2	C	Japan	G2_P[4]_I2_R2_C2_M2_A2_N2_T2_E2_H2	C2
LC173191	RVA/Human/JPN/YM056/2013/G1P[8]	2013-04-XX	2	C	Japan	G1_P[8]_I2_R2_C2_M2_A2_N2_T2_E2_H2	C2
LC173192	RVA/Human/JPN/YR115/2013/G2P[4]	2013-02-XX	2	C	Japan	G2_P[4]_I2_R2_C2_M2_A2_N2_T2_E2_H2	C2
LC173193	RVA/Human/JPN/YR116/2013/G2P[4]	2013-02-XX	2	C	Japan	G2_P[4]_I2_R2_C2_M2_A2_N2_T2_E2_H2	C2
LC173194	RVA/Human/JPN/YR119/2013/G1P[8]	2013-04-XX	2	C	Japan	G1_P[8]_I2_R2_C2_M2_A2_N2_T2_E2_H2	C2
LC173195	RVA/Human/JPN/YR124/2013/G1P[8]	2013-04-XX	2	C	Japan	G1_P[8]_I2_R2_C2_M2_A2_N2_T2_E2_H2	C2
LC173196	RVA/Human/JPN/YR125/2013/G1P[8]	2013-05-XX	2	C	Japan	G1_P[8]_I2_R2_C2_M2_A2_N2_T2_E2_H2	C2
LC173198	RVA/Human/JPN/KN161/2014/G2P[4]	2014-01-XX	2	C	Japan	G2_P[4]_I2_R2_C2_M2_A2_N2_T2_E2_H2	C2
LC173199	RVA/Human/JPN/KN162/2014/G2P[4]	2014-01-XX	2	C	Japan	G2_P[4]_I2_R2_C2_M2_A2_N2_T2_E2_H2	C2
LC173200	RVA/Human/JPN/KN163/2014/G2P[4]	2014-01-XX	2	C	Japan	G2_P[4]_I2_R2_C2_M2_A2_N2_T2_E2_H2	C2
LC173025	RVA/Human/JPN/NT039/2013/G1P[8]	2013-03-XX	2	C	Japan	G1_P[8]_I2_R2_C2_M2_A2_N2_T2_E2_H2	C2
LC173026	RVA/Human/JPN/NT041/2013/G1P[8]	2013-03-XX	2	C	Japan	G1_P[8]_I2_R2_C2_M2_A2_N2_T2_E2_H2	C2
LC173043	RVA/Human/JPN/KN068/2013/G1P[8]	2013-01-XX	2	C	Japan	G1_P[8]_I2_R2_C2_M2_A2_N2_T2_E2_H2	C2
LC173044	RVA/Human/JPN/KN070/2013/G1P[8]	2013-01-XX	2	C	Japan	G1_P[8]_I2_R2_C2_M2_A2_N2_T2_E2_H2	C2
LC173045	RVA/Human/JPN/KN071/2013/G1P[8]	2013-01-XX	2	C	Japan	G1_P[8]_I2_R2_C2_M2_A2_N2_T2_E2_H2	C2
LC173046	RVA/Human/JPN/KN072/2013/G1P[8]	2013-01-XX	2	C	Japan	G1_P[8]_I2_R2_C2_M2_A2_N2_T2_E2_H2	C2
LC173047	RVA/Human/JPN/KN073/2013/G1P[8]	2013-01-XX	2	C	Japan	G1_P[8]_I2_R2_C2_M2_A2_N2_T2_E2_H2	C2
LC173048	RVA/Human/JPN/KN074/2013/G1P[8]	2013-01-XX	2	C	Japan	G1_P[8]_I2_R2_C2_M2_A2_N2_T2_E2_H2	C2
LC173049	RVA/Human/JPN/KN075/2013/G1P[8]	2013-01-XX	2	C	Japan	G1_P[8]_I2_R2_C2_M2_A2_N2_T2_E2_H2	C2
LC173050	RVA/Human/JPN/KN076/2013/G1P[8]	2013-01-XX	2	C	Japan	G1_P[8]_I2_R2_C2_M2_A2_N2_T2_E2_H2	C2
LC173051	RVA/Human/JPN/KN079/2013/G1P[8]	2013-01-XX	2	C	Japan	G1_P[8]_I2_R2_C2_M2_A2_N2_T2_E2_H2	C2
LC173052	RVA/Human/JPN/KN081/2013/G1P[8]	2013-01-XX	2	C	Japan	G1_P[8]_I2_R2_C2_M2_A2_N2_T2_E2_H2	C2
LC173053	RVA/Human/JPN/KN082/2013/G1P[8]	2013-01-XX	2	C	Japan	G1_P[8]_I2_R2_C2_M2_A2_N2_T2_E2_H2	C2
LC173054	RVA/Human/JPN/KN085/2013/G1P[8]	2013-02-XX	2	C	Japan	G1_P[8]_I2_R2_C2_M2_A2_N2_T2_E2_H2	C2
LC173055	RVA/Human/JPN/KN086/2013/G1P[8]	2013-02-XX	2	C	Japan	G1_P[8]_I2_R2_C2_M2_A2_N2_T2_E2_H2	C2
LC173056	RVA/Human/JPN/KN090/2013/G1P[8]	2013-02-XX	2	C	Japan	G1_P[8]_I2_R2_C2_M2_A2_N2_T2_E2_H2	C2
LC173057	RVA/Human/JPN/KN092/2013/G1P[8]	2013-02-XX	2	C	Japan	G1_P[8]_I2_R2_C2_M2_A2_N2_T2_E2_H2	C2
LC173058	RVA/Human/JPN/KN093/2013/G1P[8]	2013-02-XX	2	C	Japan	G1_P[8]_I2_R2_C2_M2_A2_N2_T2_E2_H2	C2
LC173059	RVA/Human/JPN/KN094/2013/G1P[8]	2013-02-XX	2	C	Japan	G1_P[8]_I2_R2_C2_M2_A2_N2_T2_E2_H2	C2
LC173060	RVA/Human/JPN/KN095/2013/G1P[8]	2013-02-XX	2	C	Japan	G1_P[8]_I2_R2_C2_M2_A2_N2_T2_E2_H2	C2
LC173061	RVA/Human/JPN/KN096/2013/G1P[8]	2013-02-XX	2	C	Japan	G1_P[8]_I2_R2_C2_M2_A2_N2_T2_E2_H2	C2
LC173062	RVA/Human/JPN/KN097/2013/G1P[8]	2013-02-XX	2	C	Japan	G1_P[8]_I2_R2_C2_M2_A2_N2_T2_E2_H2	C2
LC173063	RVA/Human/JPN/KN098/2013/G1P[8]	2013-02-XX	2	C	Japan	G1_P[8]_I2_R2_C2_M2_A2_N2_T2_E2_H2	C2
LC173064	RVA/Human/JPN/KN099/2013/G1P[8]	2013-02-XX	2	C	Japan	G1_P[8]_I2_R2_C2_M2_A2_N2_T2_E2_H2	C2
LC173065	RVA/Human/JPN/KN100/2013/G1P[8]	2013-02-XX	2	C	Japan	G1_P[8]_I2_R2_C2_M2_A2_N2_T2_E2_H2	C2
LC173066	RVA/Human/JPN/KN102/2013/G1P[8]	2013-02-XX	2	C	Japan	G1_P[8]_I2_R2_C2_M2_A2_N2_T2_E2_H2	C2
LC173067	RVA/Human/JPN/KN103/2013/G1P[8]	2013-02-XX	2	C	Japan	G1_P[8]_I2_R2_C2_M2_A2_N2_T2_E2_H2	C2
LC173068	RVA/Human/JPN/KN104/2013/G1P[8]	2013-02-XX	2	C	Japan	G1_P[8]_I2_R2_C2_M2_A2_N2_T2_E2_H2	C2
LC173070	RVA/Human/JPN/KN106/2013/G1P[8]	2013-02-XX	2	C	Japan	G1_P[8]_I2_R2_C2_M2_A2_N2_T2_E2_H2	C2
LC173071	RVA/Human/JPN/KN108/2013/G1P[8]	2013-02-XX	2	C	Japan	G1_P[8]_I2_R2_C2_M2_A2_N2_T2_E2_H2	C2
LC173072	RVA/Human/JPN/KN109/2013/G1P[8]	2013-02-XX	2	C	Japan	G1_P[8]_I2_R2_C2_M2_A2_N2_T2_E2_H2	C2
LC173073	RVA/Human/JPN/KN110/2013/G1P[8]	2013-02-XX	2	C	Japan	G1_P[8]_I2_R2_C2_M2_A2_N2_T2_E2_H2	C2
LC173074	RVA/Human/JPN/KN111/2013/G1P[8]	2013-02-XX	2	C	Japan	G1_P[8]_I2_R2_C2_M2_A2_N2_T2_E2_H2	C2
LC173075	RVA/Human/JPN/KN113/2013/G1P[8]	2013-03-XX	2	C	Japan	G1_P[8]_I2_R2_C2_M2_A2_N2_T2_E2_H2	C2
LC173076	RVA/Human/JPN/KN114/2013/G1P[8]	2013-03-XX	2	C	Japan	G1_P[8]_I2_R2_C2_M2_A2_N2_T2_E2_H2	C2
LC173077	RVA/Human/JPN/KN115/2013/G1P[8]	2013-03-XX	2	C	Japan	G1_P[8]_I2_R2_C2_M2_A2_N2_T2_E2_H2	C2
LC173078	RVA/Human/JPN/KN116/2013/G1P[8]	2013-03-XX	2	C	Japan	G1_P[8]_I2_R2_C2_M2_A2_N2_T2_E2_H2	C2
LC173079	RVA/Human/JPN/KN117/2013/G1P[8]	2013-03-XX	2	C	Japan	G1_P[8]_I2_R2_C2_M2_A2_N2_T2_E2_H2	C2
LC173080	RVA/Human/JPN/KN118/2013/G1P[8]	2013-03-XX	2	C	Japan	G1_P[8]_I2_R2_C2_M2_A2_N2_T2_E2_H2	C2
LC173081	RVA/Human/JPN/KN119/2013/G1P[8]	2013-03-XX	2	C	Japan	G1_P[8]_I2_R2_C2_M2_A2_N2_T2_E2_H2	C2
LC173082	RVA/Human/JPN/KN120/2013/G1P[8]	2013-03-XX	2	C	Japan	G1_P[8]_I2_R2_C2_M2_A2_N2_T2_E2_H2	C2
LC173083	RVA/Human/JPN/KN121/2013/G1P[8]	2013-03-XX	2	C	Japan	G1_P[8]_I2_R2_C2_M2_A2_N2_T2_E2_H2	C2
LC173084	RVA/Human/JPN/KN122/2013/G1P[8]	2013-03-XX	2	C	Japan	G1_P[8]_I2_R2_C2_M2_A2_N2_T2_E2_H2	C2
LC173085	RVA/Human/JPN/KN123/2013/G1P[8]	2013-03-XX	2	C	Japan	G1_P[8]_I2_R2_C2_M2_A2_N2_T2_E2_H2	C2
LC173086	RVA/Human/JPN/KN124/2013/G1P[8]	2013-03-XX	2	C	Japan	G1_P[8]_I2_R2_C2_M2_A2_N2_T2_E2_H2	C2
LC173087	RVA/Human/JPN/KN125/2013/G1P[8]	2013-03-XX	2	C	Japan	G1_P[8]_I2_R2_C2_M2_A2_N2_T2_E2_H2	C2
LC173088	RVA/Human/JPN/KN128/2013/G1P[8]	2013-03-XX	2	C	Japan	G1_P[8]_I2_R2_C2_M2_A2_N2_T2_E2_H2	C2
LC173089	RVA/Human/JPN/KN130/2013/G1P[8]	2013-03-XX	2	C	Japan	G1_P[8]_I2_R2_C2_M2_A2_N2_T2_E2_H2	C2
LC173090	RVA/Human/JPN/KN131/2013/G1P[8]	2013-03-XX	2	C	Japan	G1_P[8]_I2_R2_C2_M2_A2_N2_T2_E2_H2	C2
LC173091	RVA/Human/JPN/KN132/2013/G1P[8]	2013-03-XX	2	C	Japan	G1_P[8]_I2_R2_C2_M2_A2_N2_T2_E2_H2	C2
LC173092	RVA/Human/JPN/KN133/2013/G1P[8]	2013-03-XX	2	C	Japan	G1_P[8]_I2_R2_C2_M2_A2_N2_T2_E2_H2	C2
LC173093	RVA/Human/JPN/KN135/2013/G1P[8]	2013-03-XX	2	C	Japan	G1_P[8]_I2_R2_C2_M2_A2_N2_T2_E2_H2	C2
LC173094	RVA/Human/JPN/KN137/2013/G1P[8]	2013-03-XX	2	C	Japan	G1_P[8]_I2_R2_C2_M2_A2_N2_T2_E2_H2	C2
LC173095	RVA/Human/JPN/KN138/2013/G1P[8]	2013-03-XX	2	C	Japan	G1_P[8]_I2_R2_C2_M2_A2_N2_T2_E2_H2	C2
LC173096	RVA/Human/JPN/KN139/2013/G1P[8]	2013-03-XX	2	C	Japan	G1_P[8]_I2_R2_C2_M2_A2_N2_T2_E2_H2	C2
LC173097	RVA/Human/JPN/KN140/2013/G1P[8]	2013-03-XX	2	C	Japan	G1_P[8]_I2_R2_C2_M2_A2_N2_T2_E2_H2	C2
LC173098	RVA/Human/JPN/KN141/2013/G1P[8]	2013-03-XX	2	C	Japan	G1_P[8]_I2_R2_C2_M2_A2_N2_T2_E2_H2	C2
LC173099	RVA/Human/JPN/KN142/2013/G1P[8]	2013-03-XX	2	C	Japan	G1_P[8]_I2_R2_C2_M2_A2_N2_T2_E2_H2	C2
LC173100	RVA/Human/JPN/KN143/2013/G1P[8]	2013-04-XX	2	C	Japan	G1_P[8]_I2_R2_C2_M2_A2_N2_T2_E2_H2	C2
LC173122	RVA/Human/JPN/OT015/2013/G2P[4]	2013-04-XX	2	C	Japan	G2_P[4]_I2_R2_C2_M2_A2_N2_T2_E2_H2	C2
LC173126	RVA/Human/JPN/OT020/2013/G2P[4]	2013-04-XX	2	C	Japan	G2_P[4]_I2_R2_C2_M2_A2_N2_T2_E2_H2	C2
LC173136	RVA/Human/JPN/OT031/2013/G1P[8]	2013-05-XX	2	C	Japan	G1_P[8]_I2_R2_C2_M2_A2_N2_T2_E2_H2	C2
LC173146	RVA/Human/JPN/OT047/2013/G1P[8]	2013-07-XX	2	C	Japan	G1_P[8]_I2_R2_C2_M2_A2_N2_T2_E2_H2	C2
LC173147	RVA/Human/JPN/SP009/2013/G1P[8]	2013-03-XX	2	C	Japan	G1_P[8]_I2_R2_C2_M2_A2_N2_T2_E2_H2	C2
LC173206	RVA/Human/JPN/YM086/2014/G2P[4]	2014-03-XX	2	C	Japan	G2_P[4]_I2_R2_C2_M2_A2_N2_T2_E2_H2	C2
LC173207	RVA/Human/JPN/YM088/2014/G2P[4]	2014-03-XX	2	C	Japan	G2_P[4]_I2_R2_C2_M2_A2_N2_T2_E2_H2	C2
LC173208	RVA/Human/JPN/YM090/2014/G2P[4]	2014-03-XX	2	C	Japan	G2_P[4]_I2_R2_C2_M2_A2_N2_T2_E2_H2	C2
LC173205	RVA/Human/JPN/YM079/2014/G2P[4]	2014-03-XX	2	C	Japan	G2_P[4]_I2_R2_C2_M2_A2_N2_T2_E2_H2	C2
LC173027	RVA/Human/JPN/NT042/2013/G1P[8]	2013-03-XX	2	C	Japan	G1_P[8]_I2_R2_C2_M2_A2_N2_T2_E2_H2	C2
LC173028	RVA/Human/JPN/NT045/2013/G1P[8]	2013-03-XX	2	C	Japan	G1_P[8]_I2_R2_C2_M2_A2_N2_T2_E2_H2	C2
LC173031	RVA/Human/JPN/NT049/2013/G1P[8]	2013-04-XX	2	C	Japan	G1_P[8]_I2_R2_C2_M2_A2_N2_T2_E2_H2	C2
LC173032	RVA/Human/JPN/NT050/2013/G1P[8]	2013-04-XX	2	C	Japan	G1_P[8]_I2_R2_C2_M2_A2_N2_T2_E2_H2	C2
LC173034	RVA/Human/JPN/NT055/2013/G1P[8]	2013-05-XX	2	C	Japan	G1_P[8]_I2_R2_C2_M2_A2_N2_T2_E2_H2	C2
LC173036	RVA/Human/JPN/NT058/2013/G1P[8]	2013-05-XX	2	C	Japan	G1_P[8]_I2_R2_C2_M2_A2_N2_T2_E2_H2	C2
LC105229	RVA/Human_wt/JPN/MU14_22/2014/G2P[4]	2014-07-03	2	C	Japan	G2_P[4]_I2_R2_C2_M2_A2_N2_T2_E2_H2	C2
LC102910	RVA/Human_wt/JPN/To14_14/2014/G8P[8]	2014-04-24	2	C	Japan	G8_P[8]_I2_R2_C2_M2_A2_N2_T2_E2_H2	C2
LC103020	RVA/Human_wt/JPN/UR14_29/2014/G8P[8]	2014-07-05	2	C	Japan	G8_P[8]_I2_R2_C2_M2_A2_N2_T2_E2_H2	C2
LC105103	RVA/Human_wt/JPN/MU14_11/2014/G2P[4]	2014-05-30	2	C	Japan	G2_P[4]_I2_R2_C2_M2_A2_N2_T2_E2_H2	C2
LC103031	RVA/Human_wt/JPN/N14_22/2014/G8P[8]	2014-05-11	2	C	Japan	G8_P[8]_I2_R2_C2_M2_A2_N2_T2_E2_H2	C2
LC103042	RVA/Human_wt/JPN/HK14_2/2014/G8P[8]	2014-05-20	2	C	Japan	G8_P[8]_I2_R2_C2_M2_A2_N2_T2_E2_H2	C2
LC105249	RVA/Human_wt/JPN/To14_4/2014/G1P[8]	2014-04-14	2	C	Japan	G1_P[8]_I2_R2_C2_M2_A2_N2_T2_E2_H2	C2
LC102932	RVA/Human_wt/JPN/TKC14_6/2014/G8P[8]	2014-04-08	2	C	Japan	Gx_P[8]_I2_R2_C2_M2_A2_N2_T2_E2_H2	C2
LC105026	RVA/Human_wt/JPN/HK14_6/2014/G2P[4]	2014-05-29	2	C	Japan	G2_P[4]_I2_R2_C2_M2_A2_N2_T2_E2_H2	C2
LC105081	RVA/Human_wt/JPN/MU14_6/2014/G2P[4]	2014-05-20	2	C	Japan	G2_P[4]_I2_R2_C2_M2_A2_N2_T2_E2_H2	C2
LC105004	RVA/Human_wt/JPN/HK14_3/2014/G1P[8]	2014-05-20	2	C	Japan	G1_P[8]_I2_R2_C2_M2_A2_N2_T2_E2_H2	C2
LC105070	RVA/Human_wt/JPN/MU14_1/2014/G2P[4]	2014-05-14	2	C	Japan	G2_P[4]_I2_R2_C2_M2_A2_N2_T2_E2_H2	C2
LC105156	RVA/Human_wt/JPN/MU14_15/2014/G2P[4]	2014-06-08	2	C	Japan	Gx_P[4]_I2_R2_C2_M2_A2_N2_T2_E2_H2	C2
LC105167	RVA/Human_wt/JPN/MU14_16/2014/G2P[4]	2014-06-12	2	C	Japan	G2_P[4]_I2_R2_C2_M2_A2_N2_T2_E2_H2	C2
LC105285	RVA/Human_wt/JPN/To14_24/2014/G2P[4]	2014-04-29	2	C	Japan	G2_P[4]_I2_R2_C2_M2_A2_N2_T2_E2_H2	C2
LC105134	RVA/Human_wt/JPN/MU14_13/2014/G2P[4]	2014-06-02	2	C	Japan	G2_P[4]_I2_R2_C2_M2_A2_N2_T2_E2_H2	C2
LC105145	RVA/Human_wt/JPN/MU14_14/2014/G2P[4]	2014-06-07	2	C	Japan	G2_P[4]_I2_R2_C2_M2_A2_N2_T2_E2_H2	C2
LC105427	RVA/Human_wt/JPN/To14_41/2014/G1P[8]	2014-06-09	2	C	Japan	G1_P[8]_I2_R2_C2_M2_A2_N2_T2_E2_H2	C2
LC102888	RVA/Human_wt/JPN/To14_0/2014/G8P[8]	2014-03-14	2	C	Japan	G8_P[8]_I2_R2_C2_M2_A2_N2_T2_E2_H2	C2
LC102899	RVA/Human_wt/JPN/To14_2/2014/G8P[8]	2014-04-04	2	C	Japan	G8_P[8]_I2_R2_C2_M2_A2_N2_T2_E2_H2	C2
LC102921	RVA/Human_wt/JPN/To14_36/2014/G8P[8]	2014-06-01	2	C	Japan	G8_P[8]_I2_R2_C2_M2_A2_N2_T2_E2_H2	C2
LC102943	RVA/Human_wt/JPN/TKC14_16/2014/G8P[8]	2014-04-24	2	C	Japan	G8_P[8]_I2_R2_C2_M2_A2_N2_T2_E2_H2	C2
LC102954	RVA/Human_wt/JPN/TKC14_37/2014/G8P[8]	2014-05-27	2	C	Japan	G8_P[8]_I2_R2_C2_M2_A2_N2_T2_E2_H2	C2
LC102987	RVA/Human_wt/JPN/MU14_3/2014/G8P[8]	2014-05-16	2	C	Japan	G8_P[8]_I2_R2_C2_M2_A2_N2_T2_E2_H2	C2
LC102998	RVA/Human_wt/JPN/UR14_10/2014/G8P[8]	2014-03-14	2	C	Japan	G8_P[8]_I2_R2_C2_M2_A2_N2_T2_E2_H2	C2
LC103009	RVA/Human_wt/JPN/UR14_14/2014/G8P[8]	2014-03-25	2	C	Japan	G8_P[8]_I2_R2_C2_M2_A2_N2_T2_E2_H2	C2
LC102965	RVA/Human_wt/JPN/MU14_0/2014/G8P[8]	2014-05-08	2	C	Japan	G8_P[8]_I2_R2_C2_M2_A2_N2_T2_E2_H2	C2
LC102976	RVA/Human_wt/JPN/MU14_2/2014/G8P[8]	2014-05-14	2	C	Japan	G8_P[8]_I2_R2_C2_M2_A2_N2_T2_E2_H2	C2
MF044077	RVA/Human_wt/TWN/2016/08_102_689219_25_6/G3P8	2016-09-XX	2	C	Taiwan	G3_P[8]_I2_R2_C2_M2_A2_N2_T2_E2_H2	C2
MF044088	RVA/Human_wt/TWN/2016/08_102_689221_25_7/G3P8	2016-09-XX	2	C	Taiwan	G3_P[8]_I2_R2_C2_M2_A2_N2_T2_E2_H2	C2
MF044099	RVA/Human_wt/TWN/2016/104_415_1_5100662/G3P8	2016-10-XX	2	C	Taiwan	G3_P[8]_I2_R2_C2_M2_A2_N2_T2_E2_H2	C2
MF044110	RVA/Human_wt/TWN/2013/03_102s_176/G1P8	2013-10-XX	2	C	Taiwan	G1_P[8]_I2_R2_C2_M2_A2_N2_T2_E2_H2	C2
MF044121	RVA/Human_wt/TWN/2015/104_009_D019/G3P8	2015-03-XX	2	C	Taiwan	G3_P[8]_I2_R2_C2_M2_A2_N2_T2_E2_H2	C2
MF044132	RVA/Human_wt/TWN/2014/103_701_D166/G1P8	2014-10-XX	2	C	Taiwan	G1_P[8]_I2_R2_C2_M2_A2_N2_T2_E2_H2	C2
MF044143	RVA/Human_wt/TWN/2015/104_701_D020/G1P8	2015-01-XX	2	C	Taiwan	G1_P[8]_I2_R2_C2_M2_A2_N2_T2_E2_H2	C2
MF044154	RVA/Human_wt/TWN/2014/103_701_D022/G3P8	2014-04-XX	2	C	Taiwan	G3_P[8]_I2_R2_C2_M2_A2_N2_T2_E2_H2	C2
MF044165	RVA/Human_wt/TWN/2016/105_701_D073/G3P8	2016-04-XX	2	C	Taiwan	G3_P[8]_I2_R2_C2_M2_A2_N2_T2_E2_H2	C2
MN066764	RVA/Human_wt/IND/CMC_00053/2010/G10P[X]	2010-11-16	2	C	India	G10_P[x]_I2_Rx_C2_Mx_A1_N1_T1_E2_Hx	C2
MN066784	RVA/Human_wt/IND/CMC_00024/2012/G2P[X]	2012-02-09	2	C	India	G2_P[x]_I2_R2_C2_M2_A2_N2_T2_E2_H2	C2
MN066793	RVA/Human_wt/IND/CMC_00025/2012/G2P[8]	2012-02-17	2	C	India	G2_P[x]_I2_Rx_C2_Mx_A2_N2_T2_E2_H2	C2
MN067144	RVA/Human_wt/IND/CMC_00027/2012/G2P[8]	2012-03-16	2	C	India	G2_P[8]_I2_R2_C2_M2_A2_N2_T2_E2_H2	C2
MN067165	RVA/Human_wt/IND/CMC_00026/2012/G2P[X]	2012-02-18	2	C	India	G2_P[x]_I2_Rx_C2_Mx_A2_N2_T2_E6_H2	C2
MN067174	RVA/Human_wt/IND/CMC_00006/2011/G9P[X]	2011-01-08	2	C	India	G9_P[x]_I2_R2_C2_M2_A2_N2_T2_E6_H2	C2
MN067190	RVA/Human_wt/IND/CMC_00023/2012/G2P[X]	2012-02-07	2	C	India	G2_P[x]_I2_Rx_C2_Mx_A2_N2_T2_E2_H2	C2
MN066845	RVA/Human_wt/IND/CMC_00003/2011/G9P[X]	2011-01-03	2	C	India	G9_P[x]_I2_R2_C2_M2_A2_N2_T2_E6_H2	C2
MN066875	RVA/Human_wt/IND/CMC_00014/2011/G6P[X]	2011-11-16	2	C	India	G6_P[x]_I2_Rx_C2_Mx_Ax_N2_T6_E2_H3	C2
MN066890	RVA/Human_wt/IND/CMC_00043/2012/G2P[X]	2012-04-05	2	C	India	G2_P[x]_I2_R2_C2_Mx_A2_N2_T2_E2_H2	C2
MN066899	RVA/Human_wt/IND/CMC_00008/2011/G2P[X]	2011-03-10	2	C	India	G2_P[x]_I2_Rx_C2_Mx_A2_N2_T2_E2_H2	C2
MN066925	RVA/Human_wt/IND/CMC_00004/2011/G2P[X]	2011-01-05	2	C	India	G2_P[x]_I2_R2_C2_Mx_A2_N2_T2_E2_H2	C2
MN066932	RVA/Human_wt/IND/CMC_00009/2011/G2P[X]	2011-03-16	2	C	India	G2_P[x]_I2_Rx_C2_Mx_A2_N2_T2_Ex_H2	C2
MN066957	RVA/Human_wt/IND/CMC_00022/2012/GXP[14]	2012-01-30	2	C	India	Gx_P[14]_I2_R2_C2_M2_Ax_N2_T6_E2_H3	C2
MN066973	RVA/Human_wt/IND/CMC_00002/2010/G9P[X]	2010-12-28	2	C	India	G9_P[x]_I2_Rx_C2_Mx_A2_N2_T2_E2_H2	C2
MN066994	RVA/Human_wt/IND/CMC_00005/2011/G9P[X]	2011-01-07	2	C	India	G9_P[x]_I2_R2_C2_Mx_A2_N2_T2_E6_H2	C2
MN067002	RVA/Human_wt/IND/CMC_00041/2012/G9P[X]	2012-02-27	2	C	India	G9_P[x]_I2_Rx_C2_Mx_A2_N2_T2_E2_H2	C2
MN067020	RVA/Human_wt/IND/CMC_00020/2012/G2P[X]	2012-01-20	2	C	India	G2_P[x]_I2_Rx_C2_Mx_A2_N2_T2_E2_H2	C2
MN067028	RVA/Human_wt/IND/CMC_00019/2012/G2P[X]	2012-01-02	2	C	India	G2_P[x]_I2_Rx_C2_Mx_A2_N2_T2_E2_H2	C2
MN067092	RVA/Human_wt/IND/CMC_00016/2011/G2P[X]	2011-12-09	2	C	India	G2_P[x]_I2_R2_C2_Mx_A2_N2_T2_E2_H2	C2
MN067101	RVA/Human_wt/IND/CMC_00040/2012/G2P[X]	2012-02-06	2	C	India	G2_P[x]_I2_R2_C2_M2_A2_N2_T2_E2_H2	C2
MH166406	RVA/Human_wt/PAK419/2016/G3P4	2016-01-07	2	C	Pakistan	G3_P[4]_I2_R2_C2_M2_A2_N2_T1_E2_H2	C2
MH166407	RVA/Human_wt/PAK585/2016/G1P8	2016-09-02	2	C	Pakistan	G1_P[x]_I2_R2_C2_M2_A2_N2_T2_E2_H2	C2
MH166409	RVA/Human_wt/PAK663/2016/G3P4	2016-10-30	2	C	Pakistan	G3_P[4]_I2_R2_C2_M2_A2_N2_T2_E2_H2	C2
MH769711	NAG/13	2018-02-16	2	C	India	G3_P[2]_I2_Rx_C2_M5_A5_N5_T5_Ex_H2	C2
LC386077	RVA/Human_wt/JPN/K9_17/2017/G3P[8]	2017-05-XX	2	C	Japan	G3_P[8]_I2_R2_C2_M2_A2_N2_T2_E2_H2	C2
MN401290	RVA/Human_wt/CZE/H366/2017/G8P[8]	2017-05-XX	2	C	Czech_Republic	G8_P[8]_I2_R2_C2_M2_A2_N2_T2_E2_H2	C2
LC386066	RVA/Human_wt/JPN/SO1162/2017/G8P[8]	2017-03-XX	2	C	Japan	G8_P[8]_I2_R2_C2_M2_A2_N2_T2_E2_H2	C2
LC462855	RVA/Human_wt/JPN/EnRo1810/2013/G1P[8]	2013-02-XX	2	C	Japan	G1_P[8]_I2_R2_C2_M2_A2_N2_T2_E2_H2	C2
LC463203	RVA/Human_wt/JPN/EnRo1819/2013/G1P[8]	2013-02-XX	2	C	Japan	G1_P[8]_I2_R2_C2_M2_A2_N2_T2_E2_H2	C2
LC463260	RVA/Human_wt/JPN/EnRo1845/2013/G1P[8]	2013-02-XX	2	C	Japan	G1_P[8]_I2_R2_C2_M2_A2_N2_T2_E2_H2	C2
LC463271	RVA/Human_wt/JPN/EnRo1858/2013/G1P[8]	2013-03-XX	2	C	Japan	G1_P[8]_I2_R2_C2_M2_A2_N2_T2_E2_H2	C2
LC463282	RVA/Human_wt/JPN/EnRo1931/2013/G1P[8]	2013-05-XX	2	C	Japan	G1_P[8]_I2_R2_C2_M2_A2_N2_T2_E2_H2	C2
LC463293	RVA/Human_wt/JPN/EnRo2275/2014/G1P[8]	2014-04-XX	2	C	Japan	G1_P[8]_I2_R2_C2_M2_A2_N2_T2_E2_H2	C2
LC465242	RVA/Human_wt/JPN/Ro1802/2013/G1P[8]	2013-02-XX	2	C	Japan	G1_P[8]_I2_R2_C2_M2_A2_N2_T2_E2_H2	C2
LC465253	RVA/Human_wt/JPN/Ro1821/2013/G1P[8]	2013-02-XX	2	C	Japan	G1_P[8]_I2_R2_C2_M2_A2_N2_T2_E2_H2	C2
LC465264	RVA/Human_wt/JPN/Ro1829/2013/G1P[8]	2013-02-XX	2	C	Japan	G1_P[8]_I2_R2_C2_M2_A2_N2_T2_E2_H2	C2
LC465275	RVA/Human_wt/JPN/Ro1830/2013/G1P[8]	2013-02-XX	2	C	Japan	G1_P[8]_I2_R2_C2_M2_A2_N2_T2_E2_H2	C2
LC465286	RVA/Human_wt/JPN/Ro1850/2013/G1P[8	2013-03-XX	2	C	Japan	G1_P[8]_I2_R2_C2_M2_A2_N2_T2_E2_H2	C2
LC465297	RVA/Human_wt/JPN/Ro1865/2013/G1P[8]	2013-03-XX	2	C	Japan	G1_P[8]_I2_R2_C2_M2_A2_N2_T2_E2_H2	C2
LC465818	RVA/Human_wt/JPN/Ro1885/2013/G1P[8]	2013-03-XX	2	C	Japan	G1_P[8]_I2_R2_C2_M2_A2_N2_T2_E2_H2	C2
LC468236	RVA/Human_wt/JPN/Ro2940/2014/G1P[8]	2014-05-XX	2	C	Japan	G1_P[8]_I2_R2_C2_M2_A2_N2_T2_E2_H2	C2
MT005288	RVA/Human_wt/CZE/H186/2018/G9P[4]	2018-03-XX	2	C	Czech_Republic	G9_P[4]_I2_R2_C2_M2_A2_N1_T2_E2_H2	C2
MT005299	RVA/Human_wt/CZE/H187/2018/G9P[4]	2018-03-XX	2	C	Czech_Republic	G9_P[4]_I2_R2_C2_M2_A2_N1_T2_E2_H2	C2
LC542299	RVA/Human_wt/JPN/SU17_11/2017/G3P[8]	2017-04-XX	2	C	Japan	G3_P[8]_I2_R2_C2_M2_Ax_N2_T2_E2_H2	C2
LC542309	RVA/Human_wt/JPN/SU17_12/2017/G3P[8]	2017-04-XX	2	C	Japan	G3_P[8]_I2_R2_C2_M2_A2_N2_T2_E2_H2	C2
LC542320	RVA/Human_wt/JPN/SU17_13/2017/G3P[8]	2017-04-XX	2	C	Japan	G3_P[8]_I2_R2_C2_M2_A2_N2_T2_E2_H2	C2
LC542331	RVA/Human_wt/JPN/SU17_14/2017/G3P[8]	2017-04-XX	2	C	Japan	G3_P[8]_I2_R2_C2_M2_A2_N2_T2_E2_H2	C2
LC542342	RVA/Human_wt/JPN/SU17_15/2017/G3P[8]	2017-04-XX	2	C	Japan	G3_P[8]_I2_R2_C2_M2_A2_N2_T2_E2_H2	C2
LC542353	RVA/Human_wt/JPN/SU17_16/2017/G3P[8]	2017-04-XX	2	C	Japan	G3_P[8]_I2_R2_C2_M2_A2_N2_T2_E2_H2	C2
LC542364	RVA/Human_wt/JPN/SU17_18/2017/G3P[8]	2017-04-XX	2	C	Japan	G3_P[8]_I2_R2_C2_M2_A2_N2_T2_E2_H2	C2
LC542375	RVA/Human_wt/JPN/SU17_20/2017/G3P[8]	2017-04-XX	2	C	Japan	G3_P[8]_I2_R2_C2_M2_A2_N2_T2_E2_H2	C2
LC542386	RVA/Human_wt/JPN/SU17_21/2017/G3P[8]	2017-04-XX	2	C	Japan	G3_P[8]_I2_R2_C2_M2_A2_N2_T2_E2_H2	C2
LC542397	RVA/Human_wt/JPN/SU17_22/2017/G3P[8]	2017-05-XX	2	C	Japan	G3_P[8]_I2_R2_C2_M2_A2_N2_T2_E2_H2	C2
LC542419	RVA/Human_wt/JPN/SU17_24/2017/G3P[8]	2017-05-XX	2	C	Japan	G3_P[8]_I2_R2_C2_M2_A2_N2_T2_E2_H2	C2
LC542430	RVA/Human_wt/JPN/SU17_25/2017/G3P[8]	2017-05-XX	2	C	Japan	G3_P[8]_I2_R2_C2_M2_A2_N2_T2_E2_H2	C2
LC542441	RVA/Human_wt/JPN/RU17_01/2017/G3P[8]	2017-04-XX	2	C	Japan	G3_P[8]_I2_R2_C2_M2_A2_N2_T2_E2_H2	C2
LC542452	RVA/Human_wt/JPN/RU17_06/2017/G3P[8]	2017-05-XX	2	C	Japan	G3_P[8]_I2_R2_C2_M2_A2_N2_T2_E2_H2	C2
LC542463	RVA/Human_wt/JPN/NS17_02/2017/G3P[8]	2017-04-XX	2	C	Japan	G3_P[8]_I2_R2_C2_M2_A2_N2_T2_E2_H2	C2
LC542474	RVA/Human_wt/JPN/NS17_06/2017/G3P[8]	2017-04-XX	2	C	Japan	G3_P[8]_I2_R2_C2_M2_A2_N2_T2_E2_H2	C2
LC542485	RVA/Human_wt/JPN/NS17_07/2017/G3P[8]	2017-04-XX	2	C	Japan	G3_P[8]_I2_R2_C2_M2_A2_N2_T2_E2_H2	C2
LC542496	RVA/Human_wt/JPN/TA16_04/2016/G3P[8]	2016-09-XX	2	C	Japan	G3_P[8]_I2_R2_C2_M2_A2_N2_T2_E2_H2	C2
LC542507	RVA/Human_wt/JPN/TA17_01/2017/G3P[8]	2017-04-XX	2	C	Japan	G3_P[8]_I2_R2_C2_M2_A2_N2_T2_E2_H2	C2
LC542518	RVA/Human_wt/JPN/TA17_02/2017/G3P[8]	2017-04-XX	2	C	Japan	G3_P[8]_I2_R2_C2_M2_A2_N2_T2_E2_H2	C2
LC542206	RVA/Human_wt/JPN/SU17_02/2017/G3P[8]	2017-03-XX	2	C	Japan	G3_P[8]_I2_R2_C2_M2_A2_N2_T2_E2_H2	C2
LC542217	RVA/Human_wt/JPN/SU17_03/2017/G3P[8]	2017-03-XX	2	C	Japan	G3_P[8]_I2_R2_C2_M2_A2_N2_T2_E2_H2	C2
LC542228	RVA/Human_wt/JPN/SU17_04/2017/G3P[8]	2017-04-XX	2	C	Japan	G3_P[8]_I2_R2_C2_M2_A2_N2_T2_E2_H2	C2
LC542244	RVA/Human_wt/JPN/SU17_06/2017/G3P[8]	2017-04-XX	2	C	Japan	G3_P[8]_I2_R2_C2_M2_A2_N2_T2_E2_H2	C2
LC542255	RVA/Human_wt/JPN/SU17_07/2017/G3P[8]	2017-04-XX	2	C	Japan	G3_P[8]_I2_R2_C2_M2_A2_N2_T2_E2_H2	C2
LC542266	RVA/Human_wt/JPN/SU17_08/2017/G3P[8]	2017-04-XX	2	C	Japan	G3_P[8]_I2_R2_C2_M2_A2_N2_T2_E2_H2	C2
LC542277	RVA/Human_wt/JPN/SU17_09/2017/G3P[8]	2017-04-XX	2	C	Japan	G3_P[8]_I2_R2_C2_M2_A2_N2_T2_E2_H2	C2
LC542288	RVA/Human_wt/JPN/SU17_10/2017/G3P[8]	2017-04-XX	2	C	Japan	G3_P[8]_I2_R2_C2_M2_A2_N2_T2_E2_H2	C2
LC541931	RVA/Human_wt/JPN/To16_01/2016/G3P[8]	2016-02-XX	2	C	Japan	G3_P[8]_I2_R2_C2_M2_A2_N2_T2_E2_H2	C2
LC541942	RVA/Human_wt/JPN/To16_05/2016/G3P[8]	2016-02-XX	2	C	Japan	G3_P[8]_I2_R2_C2_M2_A2_N2_T2_E2_H2	C2
LC541953	RVA/Human_wt/JPN/To16_07/2016/G3P[8]	2016-03-XX	2	C	Japan	G3_P[8]_I2_R2_C2_M2_A2_N2_T2_E2_H2	C2
LC541964	RVA/Human_wt/JPN/To16_08/2016/G3P[8]	2016-03-XX	2	C	Japan	G3_P[8]_I2_R2_C2_M2_A2_N2_T2_E2_H2	C2
LC541975	RVA/Human_wt/JPN/To16_10/2016/G3P[8]	2016-03-XX	2	C	Japan	G3_P[8]_I2_R2_C2_M2_A2_N2_T2_E2_H2	C2
LC541986	RVA/Human_wt/JPN/To16_12/2016/G3P[8]	2016-03-XX	2	C	Japan	G3_P[8]_I2_R2_C2_M2_A2_N2_T2_E2_H2	C2
LC541997	RVA/Human_wt/JPN/To16_13/2016/G3P[8]	2016-03-XX	2	C	Japan	G3_P[8]_I2_R2_C2_M2_A2_N2_T2_E2_H2	C2
LC542008	RVA/Human_wt/JPN/To16_15/2016/G3P[8]	2016-03-XX	2	C	Japan	G3_P[8]_I2_R2_C2_M2_A2_N2_T2_E2_H2	C2
LC542019	RVA/Human_wt/JPN/To16_17/2016/G3P[8]	2016-03-XX	2	C	Japan	G3_P[8]_I2_R2_C2_M2_A2_N2_T2_E2_H2	C2
LC542030	RVA/Human_wt/JPN/To16_18/2016/G3P[8]	2016-03-XX	2	C	Japan	G3_P[8]_I2_R2_C2_M2_A2_N2_T2_E2_H2	C2
LC542041	RVA/Human_wt/JPN/To16_19/2016/G3P[8]	2016-03-XX	2	C	Japan	G3_P[8]_I2_R2_C2_M2_A2_N2_T2_E2_H2	C2
LC542052	RVA/Human_wt/JPN/To16_20/2016/G3P[8]	2016-03-XX	2	C	Japan	G27_P[8]_I2_R2_C2_M2_A2_N2_T2_E2_H2	C2
LC542085	RVA/Human_wt/JPN/To16_26/2016/G3P[8]	2016-04-XX	2	C	Japan	G3_P[8]_I2_R2_C2_M2_A2_N2_T2_E2_H2	C2
LC542096	RVA/Human_wt/JPN/To16_27/2016/G3P[8]	2016-04-XX	2	C	Japan	G3_P[8]_I2_R2_C2_M2_A2_N2_T2_E2_H2	C2
LC542107	RVA/Human_wt/JPN/To16_28/2016/G3P[8]	2016-04-XX	2	C	Japan	G3_P[8]_I2_R2_C2_M2_A2_N2_T2_E2_H2	C2
LC542118	RVA/Human_wt/JPN/To16_30/2016/G3P[8]	2016-05-XX	2	C	Japan	G3_P[8]_I2_R2_C2_M2_A2_N2_T2_E2_H2	C2
LC542529	RVA/Human_wt/JPN/TA17_03/2017/G3P[8]	2017-04-XX	2	C	Japan	G3_P[8]_I2_R2_C2_M2_A2_N2_T2_E2_H2	C2
LC542540	RVA/Human_wt/JPN/TA17_04/2017/G3P[8]	2017-04-XX	2	C	Japan	G3_P[8]_I2_R2_C2_M2_A2_N2_T2_E2_H2	C2
LC542551	RVA/Human_wt/JPN/TA17_05/2017/G3P[8]	2017-05-XX	2	C	Japan	G3_P[8]_I2_R2_C2_M2_A2_N2_T2_E2_H2	C2
LC542562	RVA/Human_wt/JPN/TA17_06/2017/G3P[8]	2017-05-XX	2	C	Japan	G3_P[8]_I2_R2_C2_M2_A2_N2_T2_E2_H2	C2
LC542573	RVA/Human_wt/JPN/TA17_07/2017/G3P[8]	2017-05-XX	2	C	Japan	G3_P[8]_I2_R2_C2_M2_A2_N2_T2_E2_H2	C2
LC542584	RVA/Human_wt/JPN/TA17_08/2017/G3P[8]	2017-05-XX	2	C	Japan	G3_P[8]_I2_R2_C2_M2_A2_N2_T2_E2_H2	C2
LC542707	RVA/Human_wt/JPN/TKC17_6/2017/G3P[8]	2017-04-XX	2	C	Japan	G3_P[8]_I2_R2_C2_M2_A2_N2_T2_E2_H2	C2
LC542718	RVA/Human_wt/JPN/TKC17_7/2017/G3P[8]	2017-04-XX	2	C	Japan	G3_P[8]_I2_R2_C2_M2_A2_N2_T2_E2_H2	C2
LC542184	RVA/Human_wt/JPN/To17_02/2017/G3P[8]	2017-04-XX	2	C	Japan	G3_P[8]_I2_R2_C2_M2_A2_N2_T2_E2_H2	C2
LC542195	RVA/Human_wt/JPN/SU17_01/2017/G3P[8]	2017-03-XX	2	C	Japan	G3_P[8]_I2_R2_C2_M2_A2_N2_T2_E2_H2	C2
MW275261	RVA/Human_wt/AUS/WAPC2784/2017/G2P[4]	2017-05-17	2	C	Australia	G2_P[4]_I2_R2_C2_M2_A2_N2_T2_E2_H2	C2
MW292230	RVA/Human_wt/JPN/Ni17_46/2017/G15P[14]	2017-11-14	2	C	Japan	G15_P[14]_I2_R2_C2_M2_A13_N2_T9_E2_H3	C2
MZ094852	RVA/Human_wt/KEN/KLF0673/2013/G2P[4]	2013-08-10	2	C	Kenya	G2_P[4]_I2_R2_C2_M2_A2_N2_T2_E2_H2	C2
MZ095148	RVA/Human_wt/KEN/KLF0712/2014/G2P[4]	2014-05-07	2	C	Kenya	G2_P[4]_I2_R2_C2_M2_A2_N2_T2_E2_H2	C2
MZ095158	RVA/Human_wt/KEN/KLF0713/2014/G2P[4]	2014-05-24	2	C	Kenya	G2_P[4]_I2_R2_C2_M2_Ax_N2_T2_E2_H2	C2
MZ095192	RVA/Human_wt/KEN/KLF0722/2014/G2P[4]	2014-06-16	2	C	Kenya	G2_P[4]_I2_R2_C2_M2_A2_N2_T2_E2_H2	C2
MZ093983	RVA/Human_wt/KEN/KLF0569/2012/G2P[4]	2012-06-13	2	C	Kenya	G2_P[4]_I2_R2_C2_M2_A2_N2_T2_E2_H2	C2
MZ093994	RVA/Human_wt/KEN/KLF0573/2012/G8P[4]	2012-06-18	2	C	Kenya	G8_P[4]_I2_R2_C2_M2_A2_N2_T2_E2_H2	C2
MZ094005	RVA/Human_wt/KEN/KLF0575/2012/G2P[4]	2012-06-19	2	C	Kenya	G2_P[4]_I2_R2_C2_M2_A2_N2_T2_E2_H2	C2
MZ094014	RVA/Human_wt/KEN/KLF0576/2012/G8P[4]	2012-06-22	2	C	Kenya	G8_P[4]_I2_R2_C2_M2_Ax_N2_Tx_E2_H2	C2
MZ094023	RVA/Human_wt/KEN/KLF0579/2012/G8P[4]	2012-06-27	2	C	Kenya	G8_P[4]_I2_R2_C2_M2_A2_N2_T2_Ex_Hx	C2
MZ094034	RVA/Human_wt/KEN/KLF0580/2012/G2P[4]	2012-06-27	2	C	Kenya	G2_P[4]_I2_R2_C2_M2_A2_N2_T2_E2_H2	C2
MZ094044	RVA/Human_wt/KEN/KLF0581/2012/G8P[4]	2012-06-27	2	C	Kenya	G8_P[4]_I2_R2_C2_M2_A2_N2_T2_Ex_H2	C2
MZ094055	RVA/Human_wt/KEN/KLF0584/2012/G8P[4]	2012-07-10	2	C	Kenya	G8_P[4]_I2_Rx_C2_M2_A2_N2_T2_E2_H2	C2
MZ094066	RVA/Human_wt/KEN/KLF0585/2012/G2P[4]	2012-07-11	2	C	Kenya	G2_P[4]_I2_R2_C2_M2_A2_N2_T2_E2_H2	C2
MZ094077	RVA/Human_wt/KEN/KLF0586/2012/G8P[4]	2012-07-11	2	C	Kenya	G8_P[4]_I2_R2_C2_M2_A2_N2_T2_E2_H2	C2
MZ094088	RVA/Human_wt/KEN/KLF0587/2012/G8P[4]	2012-07-13	2	C	Kenya	G8_P[4]_I2_R2_C2_M2_A2_N2_T2_E2_H2	C2
MZ094099	RVA/Human_wt/KEN/KLF0588/2012/G8P[4]	2012-07-14	2	C	Kenya	G8_P[4]_I2_R2_C2_M2_A2_N2_T2_Ex_H2	C2
MZ094110	RVA/Human_wt/KEN/KLF0590/2012/G8P[4]	2012-07-17	2	C	Kenya	G8_P[4]_I2_R2_C2_M2_A2_N2_T2_E2_H2	C2
MZ094127	RVA/Human_wt/KEN/KLF0593/2012/G2P[4]	2012-07-18	2	C	Kenya	G2_P[4]_I2_R2_C2_M2_A2_N2_T2_E2_H2	C2
MZ094138	RVA/Human_wt/KEN/KLF0595/2012/G8P[4]	2012-07-09	2	C	Kenya	G8_P[4]_I2_R2_C2_M2_A2_N2_T2_E2_H2	C2
MZ094149	RVA/Human_wt/KEN/KLF0596/2012/G8P[4]	2012-06-20	2	C	Kenya	G8_P[4]_I2_R2_C2_M2_A2_N2_T2_E2_H2	C2
MZ094160	RVA/Human_wt/KEN/KLF0597/2012/G8P[4]	2012-07-21	2	C	Kenya	G8_P[4]_I2_R2_C2_M2_A2_N2_T2_E2_H2	C2
MZ094171	RVA/Human_wt/KEN/KLF0598/2012/G8P[4]	2012-07-20	2	C	Kenya	G8_P[4]_I2_R2_C2_M2_A2_N2_T2_E2_H2	C2
MZ094182	RVA/Human_wt/KEN/KLF0600/2012/G8P[4]	2012-07-22	2	C	Kenya	G8_P[4]_I2_R2_C2_M2_A2_N2_T2_E2_H2	C2
MZ094193	RVA/Human_wt/KEN/KLF0601/2012/G2P[4]	2012-07-21	2	C	Kenya	G2_P[4]_I2_R2_C2_M2_A2_N2_T2_E2_H2	C2
MZ094204	RVA/Human_wt/KEN/KLF0602/2012/G2P[4]	2012-07-24	2	C	Kenya	G2_P[4]_I2_R2_C2_M2_A2_N2_T2_Ex_H2	C2
MZ094215	RVA/Human_wt/KEN/KLF0603/2012/G8P[4]	2012-07-24	2	C	Kenya	G8_P[4]_I2_R2_C2_M2_A2_N2_T2_Ex_H2	C2
MZ094225	RVA/Human_wt/KEN/KLF0604/2012/G8P[4]	2012-07-25	2	C	Kenya	G8_P[4]_I2_R2_C2_M2_A2_N2_T2_Ex_H2	C2
MZ094236	RVA/Human_wt/KEN/KLF0607/2012/G2P[4]	2012-07-31	2	C	Kenya	G2_P[4]_I2_R2_C2_M2_A2_N2_T2_E2_H2	C2
MZ094247	RVA/Human_wt/KEN/KLF0608/2012/G2P[4]	2012-08-02	2	C	Kenya	G2_P[4]_I2_R2_C2_M2_A2_N2_T2_E2_H2	C2
MZ094258	RVA/Human_wt/KEN/KLF0610/2012/G2P[4]	2012-08-03	2	C	Kenya	G2_P[4]_I2_R2_C2_M2_A2_N2_T2_Ex_H2	C2
MZ094264	RVA/Human_wt/KEN/KLF0611/2012/G8P[4]	2012-08-04	2	C	Kenya	G8_P[4]_Ix_R2_C2_M2_Ax_Nx_Tx_Ex_Hx	C2
MZ094274	RVA/Human_wt/KEN/KLF0612/2012/G2P[4]	2012-08-04	2	C	Kenya	G2_P[4]_I2_R2_C2_M2_A2_N2_T2_E2_H2	C2
MZ094285	RVA/Human_wt/KEN/KLF0613/2012/G8P[4]	2012-08-08	2	C	Kenya	G8_P[4]_I2_R2_C2_M2_A2_N2_T2_Ex_H2	C2
MZ094296	RVA/Human_wt/KEN/KLF0614/2012/G8P[4]	2012-08-08	2	C	Kenya	G8_P[4]_I2_R2_C2_M2_A2_N2_T2_E2_H2	C2
MZ094307	RVA/Human_wt/KEN/KLF0615/2012/G8P[4]	2012-08-09	2	C	Kenya	G8_P[4]_I2_R2_C2_M2_A2_N2_T2_E2_H2	C2
MZ094318	RVA/Human_wt/KEN/KLF0616/2012/G2P[4]	2012-08-09	2	C	Kenya	G2_P[4]_I2_R2_C2_M2_A2_N2_T2_Ex_H2	C2
MZ094329	RVA/Human_wt/KEN/KLF0617/2012/G8P[4]	2012-08-09	2	C	Kenya	G8_P[4]_I2_R2_C2_M2_A2_N2_T2_Ex_H2	C2
MZ094340	RVA/Human_wt/KEN/KLF0618/2012/G8P[4]	2012-08-10	2	C	Kenya	G8_P[4]_I2_R2_C2_M2_A2_N2_T2_E2_H2	C2
MZ094349	RVA/Human_wt/KEN/KLF0619/2012/G8P[4]	2012-08-12	2	C	Kenya	G8_P[4]_I2_R2_C2_M2_A2_N2_Tx_Ex_H2	C2
MZ094360	RVA/Human_wt/KEN/KLF0621/2012/G8P[4]	2012-08-15	2	C	Kenya	G8_P[4]_I2_R2_C2_M2_A2_N2_T2_E2_H2	C2
MZ094371	RVA/Human_wt/KEN/KLF0623/2012/G2P[4]	2012-08-22	2	C	Kenya	G2_P[4]_I2_R2_C2_M2_A2_N2_T2_E2_H2	C2
MZ094382	RVA/Human_wt/KEN/KLF0625/2012/G8P[4]	2012-08-25	2	C	Kenya	G8_P[x]_I2_R2_C2_M2_A2_N2_T2_E2_H2	C2
MZ094392	RVA/Human_wt/KEN/KLF0626/2012/G8P[4]	2012-09-08	2	C	Kenya	G8_P[4]_I2_R2_C2_M2_A2_N2_T2_E2_H2	C2
MZ094403	RVA/Human_wt/KEN/KLF0628/2012/G8P[4]	2012-09-18	2	C	Kenya	G8_P[4]_I2_R2_C2_M2_A2_N2_T2_E2_H2	C2
MZ094414	RVA/Human_wt/KEN/KLF0629/2012/G2P[4]	2012-10-21	2	C	Kenya	G2_P[4]_I2_R2_C2_M2_A2_N2_T2_E2_H2	C2
MZ094425	RVA/Human_wt/KEN/KLF0630/2013/G2P[4]	2013-01-15	2	C	Kenya	G2_P[4]_I2_R2_C2_M2_A2_N2_T2_E2_H2	C2
MZ093636	RVA/Human_wt/KEN/KLF0317/2010/G8P[4]	2012-07-28	2	C	Kenya	G8_P[4]_I2_R2_C2_M2_A2_N2_T2_Ex_H2	C2
MZ093647	RVA/Human_wt/KEN/KLF0320/2010/G8P[4]	2012-07-31	2	C	Kenya	G8_P[4]_I2_R2_C2_M2_A2_N2_T2_Ex_H2	C2
MZ093678	RVA/Human_wt/KEN/KLF0541/2012/G8P[4]	2012-01-05	2	C	Kenya	G8_P[4]_Ix_R2_C2_M2_A2_Nx_T2_Ex_Hx	C2
MZ093732	RVA/Human_wt/KEN/KLF0547/2012/G8P[4]	2012-02-10	2	C	Kenya	G8_P[4]_I2_R2_C2_M2_A2_N2_T2_E2_H2	C2
MZ093772	RVA/Human_wt/KEN/KLF0550/2012/G2P[4]	2012-02-16	2	C	Kenya	G2_P[4]_I2_R2_C2_M2_A2_N2_T2_E2_H2	C2
MZ093783	RVA/Human_wt/KEN/KLF0551/2012/G2P[4]	2012-03-02	2	C	Kenya	G2_P[4]_I2_R2_C2_M2_A2_N2_T2_E2_H2	C2
MZ093794	RVA/Human_wt/KEN/KLF0553/2012/G2P[4]	2012-03-03	2	C	Kenya	G2_P[4]_I2_R2_C2_M2_A2_N2_T2_E2_H2	C2
MZ093837	RVA/Human_wt/KEN/KLF0558/2012/G2P[4]	2012-03-24	2	C	Kenya	G2_P[4]_I2_R2_C2_M2_A2_N2_T2_E2_H2	C2
MZ093890	RVA/Human_wt/KEN/KLF0563/2012/G8P[4]	2012-05-04	2	C	Kenya	G8_P[4]_I2_R2_C2_M2_A2_N2_Tx_E2_H2	C2
MZ093910	RVA/Human_wt/KEN/KLF0564/2012/G8P[4]	2012-05-11	2	C	Kenya	G8_P[4]_I2_R2_C2_M2_A2_N2_T2_E2_H2	C2
MZ093930	RVA/Human_wt/KEN/KLF0565/2012/G8P[4]	2012-05-15	2	C	Kenya	G8_P[4]_I2_R2_C2_M2_A2_N2_T2_Ex_H2	C2
MZ093961	RVA/Human_wt/KEN/KLF0567/2012/G8P[4]	2012-06-05	2	C	Kenya	G8_P[4]_I2_R2_C2_M2_A2_N2_Tx_Ex_H2	C2
MZ093972	RVA/Human_wt/KEN/KLF0568/2012/G8P[4]	2012-06-09	2	C	Kenya	G8_P[4]_I2_R2_C2_M2_A2_N2_T2_E2_H2	C2
MZ094524	RVA/Human_wt/KEN/KLF0640/2013/G2P[4]	2013-05-22	2	C	Kenya	G2_P[4]_I2_R2_C2_M2_A2_N2_T2_E2_H2	C2
MZ094711	RVA/Human_wt/KEN/KLF0657/2013/G2P[4]	2013-06-18	2	C	Kenya	G2_P[4]_I2_R2_C2_M2_A2_N2_T2_E2_H2	C2
MZ097169	RVA/Human_wt/KEN/KLF1054/2012/G8P[4]	2012-01-02	2	C	Kenya	G8_P[4]_I2_R2_C2_M2_A2_N2_T2_E2_H2	C2
MZ097180	RVA/Human_wt/KEN/KLF1055/2012/G8P[4]	2012-08-01	2	C	Kenya	G8_P[4]_I2_R2_C2_M2_A2_N2_T2_E2_H2	C2
MZ097191	RVA/Human_wt/KEN/KLF1056/2012/G8P[4]	2012-03-21	2	C	Kenya	G8_P[4]_I2_R2_C2_M2_A2_N2_T2_E2_H2	C2
MZ097201	RVA/Human_wt/KEN/KLF1057/2012/G8P[4]	2012-09-21	2	C	Kenya	G8_P[4]_I2_R2_C2_M2_A2_N2_Tx_E2_H2	C2
MZ097212	RVA/Human_wt/KEN/KLF1058/2012/G8P[4]	2012-06-05	2	C	Kenya	G8_P[4]_I2_R2_C2_M2_A2_N2_T2_E2_H2	C2
MZ097223	RVA/Human_wt/KEN/KLF1059/2012/G8P[4]	2012-03-25	2	C	Kenya	G8_P[4]_I2_R2_C2_M2_A2_N2_T2_E2_H2	C2
MZ097243	RVA/Human_wt/KEN/KLF1062/2013/G8P[4]	2012-06-01	2	C	Kenya	G8_P[x]_I2_R2_C2_M2_A2_N2_T2_Ex_H2	C2
MZ097253	RVA/Human_wt/KEN/KLF1064/2012/G2P[4]	2012-02-17	2	C	Kenya	G2_P[4]_I2_R2_C2_M2_A2_N2_T2_E2_H2	C2
MZ097264	RVA/Human_wt/KEN/KLF1065/2012/G2P[4]	2012-08-05	2	C	Kenya	G2_P[4]_I2_R2_C2_M2_A2_N2_T2_Ex_H2	C2
MZ096002	RVA/Human_wt/KEN/KLF0831/2016/G2P[4]	2016-06-01	2	C	Kenya	G2_P[4]_I2_R2_C2_M2_A2_N2_T2_E2_H2	C2
MZ096024	RVA/Human_wt/KEN/KLF0833/2016/G2P[4]	2016-06-21	2	C	Kenya	G2_P[4]_I2_R2_C2_M2_A2_N2_T2_E2_H2	C2
MZ096046	RVA/Human_wt/KEN/KLF0836/2016/G2P[4]	2016-07-17	2	C	Kenya	G2_P[4]_I2_R2_C2_M2_A2_N2_T2_E2_H2	C2
MZ096068	RVA/Human_wt/KEN/KLF0841/2016/G2P[4]	2016-07-30	2	C	Kenya	G2_P[4]_I2_R2_C2_M2_A2_N2_T2_E2_H2	C2
MZ096079	RVA/Human_wt/KEN/KLF0844/2016/G2P[4]	2016-08-15	2	C	Kenya	G2_P[4]_I2_R2_C2_M2_A2_N2_T2_E2_H2	C2
MZ096090	RVA/Human_wt/KEN/KLF0845/2016/G2P[4]	2016-08-19	2	C	Kenya	G2_P[4]_I2_R2_C2_M2_A2_N2_T2_E2_H2	C2
MZ096101	RVA/Human_wt/KEN/KLF0848/2016/G2P[4]	2016-09-01	2	C	Kenya	G2_P[4]_I2_R2_C2_M2_A2_N2_T2_E2_H2	C2
MZ096112	RVA/Human_wt/KEN/KLF0849/2016/G2P[4]	2016-09-02	2	C	Kenya	G2_P[4]_I2_R2_C2_M2_A2_N2_T2_E2_H2	C2
MZ096123	RVA/Human_wt/KEN/KLF0850/2016/G2P[4]	2016-09-03	2	C	Kenya	G2_P[4]_I2_R2_C2_M2_A2_N2_T2_E2_H2	C2
MZ096134	RVA/Human_wt/KEN/KLF0852/2016/G2P[4]	2016-09-08	2	C	Kenya	G2_P[4]_I2_R2_C2_M2_A2_N2_T2_E2_H2	C2
MZ096145	RVA/Human_wt/KEN/KLF0853/2016/G2P[4]	2016-09-10	2	C	Kenya	G2_P[4]_I2_R2_C2_M2_A2_N2_T2_E2_H2	C2
MZ096156	RVA/Human_wt/KEN/KLF0856/2016/G2P[4]	2016-09-16	2	C	Kenya	G2_P[4]_I2_R2_C2_M2_A2_N2_T2_E2_H2	C2
MZ096465	RVA/Human_wt/KEN/KLF0918/2018/G3P[8]	2019-12-25	2	C	Kenya	G3_P[8]_I2_R2_C2_M2_A2_N2_T2_E2_H2	C2
MZ096476	RVA/Human_wt/KEN/KLF0919/2018/G3P[8]	2019-12-27	2	C	Kenya	G3_P[8]_I2_R2_C2_M2_A2_N2_T2_E2_H2	C2
MZ096553	RVA/Human_wt/KEN/KLF0927/2019/G8P[4]	2019-07-11	2	C	Kenya	G8_P[4]_I2_R2_C2_M2_A2_N2_T2_E2_H2	C2
MZ096586	RVA/Human_wt/KEN/KLF0930/2019/G8P[4]	2019-07-11	2	C	Kenya	G8_P[4]_I2_R2_C2_M2_A2_N2_T2_E2_H2	C2
MZ096916	RVA/Human_wt/KEN/KLF1012/2016/G2P[4]	2016-07-02	2	C	Kenya	G2_P[4]_I2_R2_C2_M2_A2_N2_T2_E2_H2	C2
MZ096927	RVA/Human_wt/KEN/KLF1014/2016/G2P[4]	2016-07-31	2	C	Kenya	G2_P[4]_I2_R2_C2_M2_A2_N2_T2_E2_H2	C2
MZ096938	RVA/Human_wt/KEN/KLF1016/2016/G2P[4]	2016-08-01	2	C	Kenya	G2_P[4]_I2_R2_C2_M2_A2_N2_T2_E2_H2	C2
MZ096949	RVA/Human_wt/KEN/KLF1021/2016/G2P[4]	2016-09-29	2	C	Kenya	G2_P[4]_I2_R2_C2_M2_A2_N2_T2_E2_H2	C2
MZ096960	RVA/Human_wt/KEN/KLF1026/2017/G2P[4]	2017-12-22	2	C	Kenya	G2_P[4]_I2_R2_C2_M2_A2_N2_T2_E2_H2	C2
MZ096971	RVA/Human_wt/KEN/KLF1033/2018/G2P[4]	2018-08-29	2	C	Kenya	G2_P[4]_I2_R2_C2_M2_A2_N2_T2_E2_H2	C2
OK349179	RVA/Human_wt/CHN/GZ_0005/2021/G8P[8]	2021-02-XX	2	C	China	G8_P[8]_I2_R2_C2_M2_A2_N2_T2_E2_H2	C2
OK349190	RVA/Human_wt/CHN/GZ_0013/2021/G8P[8]	2021-02-XX	2	C	China	G8_P[8]_I2_R2_C2_M2_A2_N2_T2_E2_H2	C2
MT276807	CC425	1998-02-06	2	C	USA	G3_P[9]_I2_R2_C2_M2_A3_N2_T1_E2_H3	C2
MT339198	PH158	1998-01-26	2	C	USA	G9_P[6]_I2_R2_C2_M2_A2_N2_T2_E2_H2	C2
