virus,subtype,virus_and_subtype,gene,adaptive_subs_per_codon_per_year,lower_95ci,upper_95ci,ci,len_in_codons,adaptive_muts_per_year,lower_95ci_mutspergene,upper_95ci_mutspergene,legible_name,virus_family,color,rna_dna,genome_type,enveloped,transmission,cellular_receptor,fusion_protein_class,legible_rate_per_codon,legible_rate_per_gene,standard_gene,legible_gene_name
h3n2,,h3n2,HA1,3.898504661124469,2.9484743812918675,5.298891854155753,"[2.9484743812918675, 5.298891854155753]",329,1.2826080335099503,0.9700480714450244,1.7433354200172424,Influenza A/H3N2,Orthomyxovirus,#9F2A44,RNA,"Negative-sense RNA, segmented",True,Respiratory,Sialic acid,Class I,3.9×10⁻³ muts per codon per year,1.28 muts per year,receptor_binding,HA1 (Receptor-Binding)
h3n2,,h3n2,HA2,0.8033590849790735,0.2681217737478106,1.3906873162631403,"[0.2681217737478106, 1.3906873162631403]",221,0.17754235778037525,0.05925491199826614,0.307341896894154,Influenza A/H3N2,Orthomyxovirus,#9F2A44,RNA,"Negative-sense RNA, segmented",True,Respiratory,Sialic acid,Class I,0.8×10⁻³ muts per codon per year,0.18 muts per year,False,HA2
h3n2,,h3n2,NA,2.210773423217525,1.5578043103251331,3.060141932270529,"[1.5578043103251331, 3.060141932270529]",469,1.0368527354890194,0.7306102215424874,1.435206566234878,Influenza A/H3N2,Orthomyxovirus,#9F2A44,RNA,"Negative-sense RNA, segmented",True,Respiratory,Sialic acid,Class I,2.21×10⁻³ muts per codon per year,1.04 muts per year,False,NA
h3n2,,h3n2,NP,0.6689883836080732,0.3118547381870782,1.0981100053064463,"[0.3118547381870782, 1.0981100053064463]",499,0.33382520342042854,0.15561551435535204,0.5479568926479167,Influenza A/H3N2,Orthomyxovirus,#9F2A44,RNA,"Negative-sense RNA, segmented",True,Respiratory,Sialic acid,Class I,0.67×10⁻³ muts per codon per year,0.33 muts per year,False,NP
h3n2,,h3n2,PA,0.43142906868208225,0.21752406265046867,0.7625585488471789,"[0.21752406265046867, 0.7625585488471789]",717,0.30933464224505297,0.15596475292038603,0.5467544795234273,Influenza A/H3N2,Orthomyxovirus,#9F2A44,RNA,"Negative-sense RNA, segmented",True,Respiratory,Sialic acid,Class I,0.43×10⁻³ muts per codon per year,0.31 muts per year,False,PA
h3n2,,h3n2,PB1,0.3766366936727955,0.21699818274332774,0.558040146880419,"[0.21699818274332774, 0.558040146880419]",758,0.285490613803979,0.16448462251944243,0.42299443133535763,Influenza A/H3N2,Orthomyxovirus,#9F2A44,RNA,"Negative-sense RNA, segmented",True,Respiratory,Sialic acid,Class I,0.38×10⁻³ muts per codon per year,0.29 muts per year,polymerase,PB1 (Polymerase)
h3n2,,h3n2,PB2,0.37266852929624067,0.21816787143127717,0.580398434411902,"[0.21816787143127717, 0.580398434411902]",760,0.2832280822651429,0.16580758228777065,0.4411028101530455,Influenza A/H3N2,Orthomyxovirus,#9F2A44,RNA,"Negative-sense RNA, segmented",True,Respiratory,Sialic acid,Class I,0.37×10⁻³ muts per codon per year,0.28 muts per year,False,PB2
h1n1pdm,,h1n1pdm,HA1,3.219679667857635,1.4684420732961403,6.400207020752558,"[1.4684420732961403, 6.400207020752558]",327,1.0528352513894468,0.4801805579678379,2.0928676957860866,Influenza A/H1N1pdm,Orthomyxovirus,#CC415A,RNA,"Negative-sense RNA, segmented",True,Respiratory,Sialic acid,Class I,3.22×10⁻³ muts per codon per year,1.05 muts per year,receptor_binding,HA1 (Receptor-Binding)
h1n1pdm,,h1n1pdm,HA2,0.5689255351836264,0.0,2.022570696989094,"[0.0, 2.022570696989094]",222,0.12630146881076507,0.0,0.4490106947315789,Influenza A/H1N1pdm,Orthomyxovirus,#CC415A,RNA,"Negative-sense RNA, segmented",True,Respiratory,Sialic acid,Class I,0.57×10⁻³ muts per codon per year,0.13 muts per year,False,HA2
h1n1pdm,,h1n1pdm,NA,3.8018953530486717,2.4016024400236167,5.903310058275602,"[2.4016024400236167, 5.903310058275602]",470,1.7868908159328756,1.1287531468110998,2.774555727389533,Influenza A/H1N1pdm,Orthomyxovirus,#CC415A,RNA,"Negative-sense RNA, segmented",True,Respiratory,Sialic acid,Class I,3.8×10⁻³ muts per codon per year,1.79 muts per year,False,NA
h1n1pdm,,h1n1pdm,NP,0.7072880019082438,0.019694308281758777,1.7753273834665735,"[0.019694308281758777, 1.7753273834665735]",499,0.3529367129522136,0.009827459832597628,0.8858883643498202,Influenza A/H1N1pdm,Orthomyxovirus,#CC415A,RNA,"Negative-sense RNA, segmented",True,Respiratory,Sialic acid,Class I,0.71×10⁻³ muts per codon per year,0.35 muts per year,False,NP
h1n1pdm,,h1n1pdm,PA,0.26615177771860377,-0.02870383601389914,1.0473871180997145,"[-0.02870383601389914, 1.0473871180997145]",717,0.1908308246242389,-0.020580650421965684,0.7509765636774953,Influenza A/H1N1pdm,Orthomyxovirus,#CC415A,RNA,"Negative-sense RNA, segmented",True,Respiratory,Sialic acid,Class I,0.27×10⁻³ muts per codon per year,0.19 muts per year,False,PA
h1n1pdm,,h1n1pdm,PB1,0.2579977225161696,0.00011188686378259515,0.5514758267754997,"[0.00011188686378259515, 0.5514758267754997]",758,0.19556227366725656,8.481024274720712e-05,0.41801867669582876,Influenza A/H1N1pdm,Orthomyxovirus,#CC415A,RNA,"Negative-sense RNA, segmented",True,Respiratory,Sialic acid,Class I,0.26×10⁻³ muts per codon per year,0.2 muts per year,polymerase,PB1 (Polymerase)
h1n1pdm,,h1n1pdm,PB2,1.1623143447086834,0.3709755634958223,2.3332774670947725,"[0.3709755634958223, 2.3332774670947725]",760,0.8833589019785995,0.28194142825682494,1.773290874992027,Influenza A/H1N1pdm,Orthomyxovirus,#CC415A,RNA,"Negative-sense RNA, segmented",True,Respiratory,Sialic acid,Class I,1.16×10⁻³ muts per codon per year,0.88 muts per year,False,PB2
vic,,vic,HA1,1.2607485982316637,0.7379359239836074,1.8500012114821807,"[0.7379359239836074, 1.8500012114821807]",346,0.4362190149881557,0.2553258296983282,0.6401004191728346,Influenza B/Vic,Orthomyxovirus,#E06E85,RNA,"Negative-sense RNA, segmented",True,Respiratory,Sialic acid,Class I,1.26×10⁻³ muts per codon per year,0.44 muts per year,receptor_binding,HA1 (Receptor-Binding)
vic,,vic,HA2,0.39181431902185065,0.0031889703816042336,0.9137998411639052,"[0.0031889703816042336, 0.9137998411639052]",225,0.08815822177991639,0.0007175183358609527,0.20560496426187866,Influenza B/Vic,Orthomyxovirus,#E06E85,RNA,"Negative-sense RNA, segmented",True,Respiratory,Sialic acid,Class I,0.39×10⁻³ muts per codon per year,0.09 muts per year,False,HA2
vic,,vic,NA,0.961594504704135,0.43439009417767344,1.5733040456782805,"[0.43439009417767344, 1.5733040456782805]",467,0.44906463369683103,0.20286017398097347,0.734732989331757,Influenza B/Vic,Orthomyxovirus,#E06E85,RNA,"Negative-sense RNA, segmented",True,Respiratory,Sialic acid,Class I,0.96×10⁻³ muts per codon per year,0.45 muts per year,False,NA
vic,,vic,NP,0.0,0.0,0.0,"[0.0, 0.0]",561,0.0,0.0,0.0,Influenza B/Vic,Orthomyxovirus,#E06E85,RNA,"Negative-sense RNA, segmented",True,Respiratory,Sialic acid,Class I,0.0×10⁻³ muts per codon per year,0.0 muts per year,False,NP
vic,,vic,PA,0.45208382049369134,0.06022294574242768,0.9470626345367595,"[0.06022294574242768, 0.9470626345367595]",727,0.32866493749891357,0.043782081554744924,0.6885145353082242,Influenza B/Vic,Orthomyxovirus,#E06E85,RNA,"Negative-sense RNA, segmented",True,Respiratory,Sialic acid,Class I,0.45×10⁻³ muts per codon per year,0.33 muts per year,False,PA
vic,,vic,PB1,0.15221731366235564,-0.0047389255622350196,0.3519768196890038,"[-0.0047389255622350196, 0.3519768196890038]",753,0.11461963718775381,-0.0035684109483629695,0.2650385452258199,Influenza B/Vic,Orthomyxovirus,#E06E85,RNA,"Negative-sense RNA, segmented",True,Respiratory,Sialic acid,Class I,0.15×10⁻³ muts per codon per year,0.11 muts per year,polymerase,PB1 (Polymerase)
vic,,vic,PB2,0.12051047890977845,0.0,0.36099794113440126,"[0.0, 0.36099794113440126]",771,0.09291357923943919,0.0,0.27832941261462335,Influenza B/Vic,Orthomyxovirus,#E06E85,RNA,"Negative-sense RNA, segmented",True,Respiratory,Sialic acid,Class I,0.12×10⁻³ muts per codon per year,0.09 muts per year,False,PB2
yam,,yam,HA1,1.4247924445806526,0.586924600214763,2.5285339967416203,"[0.586924600214763, 2.5285339967416203]",346,0.49297818582490577,0.20307591167430802,0.8748727628726005,Influenza B/Yam,Orthomyxovirus,#ED9AB0,RNA,"Negative-sense RNA, segmented",True,Respiratory,Sialic acid,Class I,1.42×10⁻³ muts per codon per year,0.49 muts per year,receptor_binding,HA1 (Receptor-Binding)
yam,,yam,HA2,0.061887048927902755,-0.22942881467633452,0.5056943939640962,"[-0.22942881467633452, 0.5056943939640962]",224,0.013862698959850218,-0.05139205448749894,0.11327554424795756,Influenza B/Yam,Orthomyxovirus,#ED9AB0,RNA,"Negative-sense RNA, segmented",True,Respiratory,Sialic acid,Class I,0.06×10⁻³ muts per codon per year,0.01 muts per year,False,HA2
yam,,yam,NA,0.9190342638485649,0.39152274501544315,1.7411530136720572,"[0.39152274501544315, 1.7411530136720572]",467,0.4291890012172798,0.18284112192221197,0.8131184573848508,Influenza B/Yam,Orthomyxovirus,#ED9AB0,RNA,"Negative-sense RNA, segmented",True,Respiratory,Sialic acid,Class I,0.92×10⁻³ muts per codon per year,0.43 muts per year,False,NA
yam,,yam,NP,0.3373864385154047,0.039257708605218794,0.768807071155998,"[0.039257708605218794, 0.768807071155998]",561,0.189273792007142,0.022023574527527744,0.4313007669185149,Influenza B/Yam,Orthomyxovirus,#ED9AB0,RNA,"Negative-sense RNA, segmented",True,Respiratory,Sialic acid,Class I,0.34×10⁻³ muts per codon per year,0.19 muts per year,False,NP
yam,,yam,PA,0.1081482694410594,-0.10863681190967889,0.5134293204551902,"[-0.10863681190967889, 0.5134293204551902]",727,0.07862379188365018,-0.07897896225833655,0.37326311597092326,Influenza B/Yam,Orthomyxovirus,#ED9AB0,RNA,"Negative-sense RNA, segmented",True,Respiratory,Sialic acid,Class I,0.11×10⁻³ muts per codon per year,0.08 muts per year,False,PA
yam,,yam,PB1,0.10391206806778398,0.004773948652859584,0.25038424132036374,"[0.004773948652859584, 0.25038424132036374]",753,0.07824578725504135,0.003594783335603267,0.1885393337142339,Influenza B/Yam,Orthomyxovirus,#ED9AB0,RNA,"Negative-sense RNA, segmented",True,Respiratory,Sialic acid,Class I,0.1×10⁻³ muts per codon per year,0.08 muts per year,polymerase,PB1 (Polymerase)
yam,,yam,PB2,0.004001539913921455,-0.05853833102631453,0.09981211628123617,"[-0.05853833102631453, 0.09981211628123617]",771,0.003085187273633442,-0.04513305322128851,0.07695514165283308,Influenza B/Yam,Orthomyxovirus,#ED9AB0,RNA,"Negative-sense RNA, segmented",True,Respiratory,Sialic acid,Class I,0.0×10⁻³ muts per codon per year,0.0 muts per year,False,PB2
influenzaC,Yamagata,influenzaC_Yamagata,PB2,3.9299430080522795e-05,0.0,0.002588194445758424,"[0.0, 0.002588194445758424]",775,3.0457058312405167e-05,0.0,0.0020058506954627785,Influenza C/Yamagata,Orthomyxovirus,#eb0076,RNA,"Negative-sense RNA, segmented",True,Respiratory,Sialic acid,Class I,0.0×10⁻³ muts per codon per year,0.0 muts per year,False,PB2
influenzaC,Yamagata,influenzaC_Yamagata,PB1,0.10826260167388382,0.0,0.25713114146965943,"[0.0, 0.25713114146965943]",755,0.08173826426378229,0.0,0.19413401180959286,Influenza C/Yamagata,Orthomyxovirus,#eb0076,RNA,"Negative-sense RNA, segmented",True,Respiratory,Sialic acid,Class I,0.11×10⁻³ muts per codon per year,0.08 muts per year,polymerase,PB1 (Polymerase)
influenzaC,Yamagata,influenzaC_Yamagata,P3,0.034979189535528026,-0.0022648546712769647,0.1050890972434229,"[-0.0022648546712769647, 0.1050890972434229]",710,0.024835224570224898,-0.0016080468166066448,0.07461325904283027,Influenza C/Yamagata,Orthomyxovirus,#eb0076,RNA,"Negative-sense RNA, segmented",True,Respiratory,Sialic acid,Class I,0.03×10⁻³ muts per codon per year,0.02 muts per year,False,P3
influenzaC,Yamagata,influenzaC_Yamagata,HEF1,0.17695096398800103,-0.013813518443148076,0.45388671256726804,"[-0.013813518443148076, 0.45388671256726804]",432,0.07644281644281645,-0.005967439967439969,0.1960790598290598,Influenza C/Yamagata,Orthomyxovirus,#eb0076,RNA,"Negative-sense RNA, segmented",True,Respiratory,Sialic acid,Class I,0.18×10⁻³ muts per codon per year,0.08 muts per year,receptor_binding,HEF1 (Receptor-Binding)
influenzaC,Yamagata,influenzaC_Yamagata,HEF2,0.2699055330634278,0.0,0.8097165991902834,"[0.0, 0.8097165991902834]",209,0.05641025641025641,0.0,0.1692307692307692,Influenza C/Yamagata,Orthomyxovirus,#eb0076,RNA,"Negative-sense RNA, segmented",True,Respiratory,Sialic acid,Class I,0.27×10⁻³ muts per codon per year,0.06 muts per year,False,HEF2
influenzaC,Yamagata,influenzaC_Yamagata,NP,0.06339766891829883,-0.0031051755083861014,0.1864085321512906,"[-0.0031051755083861014, 0.1864085321512906]",566,0.03588308060775714,-0.0017575293377465333,0.10550722919763049,Influenza C/Yamagata,Orthomyxovirus,#eb0076,RNA,"Negative-sense RNA, segmented",True,Respiratory,Sialic acid,Class I,0.06×10⁻³ muts per codon per year,0.04 muts per year,False,NP
influenzaC,Yamagata,influenzaC_Yamagata,M,0.0,0.0,0.0,"[0.0, 0.0]",319,0.0,0.0,0.0,Influenza C/Yamagata,Orthomyxovirus,#eb0076,RNA,"Negative-sense RNA, segmented",True,Respiratory,Sialic acid,Class I,0.0×10⁻³ muts per codon per year,0.0 muts per year,False,M
influenzaC,Yamagata,influenzaC_Yamagata,NS,0.1334712938498898,-0.0006645009841259575,0.4178277375499015,"[-0.0006645009841259575, 0.4178277375499015]",247,0.03296740958092278,-0.0001641317430791115,0.10320345117482567,Influenza C/Yamagata,Orthomyxovirus,#eb0076,RNA,"Negative-sense RNA, segmented",True,Respiratory,Sialic acid,Class I,0.13×10⁻³ muts per codon per year,0.03 muts per year,False,NS
measles,,measles,N,0.00334268551607006,0.0,0.07112213675210444,"[0.0, 0.07112213675210444]",526,0.0017582525814528514,0.0,0.03741024393160693,Measles,Paramyxovirus,#F5AD52,RNA,Negative-sense RNA,True,Respiratory,"SLAMF1, Nectin-4",Class I,0.0×10⁻³ muts per codon per year,0.0 muts per year,False,N
measles,,measles,P,0.15186431243026824,0.0,0.4313001864894452,"[0.0, 0.4313001864894452]",508,0.07714707071457627,0.0,0.21910049473663815,Measles,Paramyxovirus,#F5AD52,RNA,Negative-sense RNA,True,Respiratory,"SLAMF1, Nectin-4",Class I,0.15×10⁻³ muts per codon per year,0.08 muts per year,False,P
measles,,measles,V,0.055373768544907845,0.0,0.2320593676769418,"[0.0, 0.2320593676769418]",300,0.01661213056347235,0.0,0.06961781030308253,Measles,Paramyxovirus,#F5AD52,RNA,Negative-sense RNA,True,Respiratory,"SLAMF1, Nectin-4",Class I,0.06×10⁻³ muts per codon per year,0.02 muts per year,False,V
measles,,measles,C,0.13259002250833096,0.0,0.4019021404432644,"[0.0, 0.4019021404432644]",187,0.024794334209057887,0.0,0.07515570026289044,Measles,Paramyxovirus,#F5AD52,RNA,Negative-sense RNA,True,Respiratory,"SLAMF1, Nectin-4",Class I,0.13×10⁻³ muts per codon per year,0.02 muts per year,False,C
measles,,measles,M,0.0,0.0,0.0,"[0.0, 0.0]",336,0.0,0.0,0.0,Measles,Paramyxovirus,#F5AD52,RNA,Negative-sense RNA,True,Respiratory,"SLAMF1, Nectin-4",Class I,0.0×10⁻³ muts per codon per year,0.0 muts per year,False,M
measles,,measles,F,0.023204988206857895,0.0,0.1267469147467929,"[0.0, 0.1267469147467929]",551,0.012785948501978698,0.0,0.06983755002548288,Measles,Paramyxovirus,#F5AD52,RNA,Negative-sense RNA,True,Respiratory,"SLAMF1, Nectin-4",Class I,0.02×10⁻³ muts per codon per year,0.01 muts per year,False,F
measles,,measles,H,0.06658684763252894,0.0,0.17027405481629548,"[0.0, 0.17027405481629548]",618,0.04115067183690288,0.0,0.10522936587647061,Measles,Paramyxovirus,#F5AD52,RNA,Negative-sense RNA,True,Respiratory,"SLAMF1, Nectin-4",Class I,0.07×10⁻³ muts per codon per year,0.04 muts per year,receptor_binding,H (Receptor-Binding)
measles,,measles,L,0.05754878002982296,0.0,0.11641075676668375,"[0.0, 0.11641075676668375]",2184,0.12568653558513335,0.0,0.2542410927784373,Measles,Paramyxovirus,#F5AD52,RNA,Negative-sense RNA,True,Respiratory,"SLAMF1, Nectin-4",Class I,0.06×10⁻³ muts per codon per year,0.13 muts per year,polymerase,L (Polymerase)
mumps,,mumps,NC,0.0,0.0,0.0,"[0.0, 0.0]",437,0.0,0.0,0.0,Mumps,Paramyxovirus,#eb520d,RNA,Negative-sense RNA,True,Respiratory,Sialic acid,Class I,0.0×10⁻³ muts per codon per year,0.0 muts per year,False,NC
mumps,,mumps,V,0.06397306397306399,0.0,0.19191919191919193,"[0.0, 0.19191919191919193]",225,0.014393939393939398,0.0,0.04318181818181819,Mumps,Paramyxovirus,#eb520d,RNA,Negative-sense RNA,True,Respiratory,Sialic acid,Class I,0.06×10⁻³ muts per codon per year,0.01 muts per year,False,V
mumps,,mumps,I,0.08368569415081041,0.0,0.25105708245243136,"[0.0, 0.25105708245243136]",172,0.01439393939393939,0.0,0.04318181818181819,Mumps,Paramyxovirus,#eb520d,RNA,Negative-sense RNA,True,Respiratory,Sialic acid,Class I,0.08×10⁻³ muts per codon per year,0.01 muts per year,False,I
mumps,,mumps,M,0.0,0.0,0.0,"[0.0, 0.0]",376,0.0,0.0,0.0,Mumps,Paramyxovirus,#eb520d,RNA,Negative-sense RNA,True,Respiratory,Sialic acid,Class I,0.0×10⁻³ muts per codon per year,0.0 muts per year,False,M
mumps,,mumps,F,0.1855287569573284,0.0,0.5565862708719852,"[0.0, 0.5565862708719852]",539,0.1,0.0,0.3,Mumps,Paramyxovirus,#eb520d,RNA,Negative-sense RNA,True,Respiratory,Sialic acid,Class I,0.19×10⁻³ muts per codon per year,0.1 muts per year,False,F
mumps,,mumps,SH,0.24817136886102398,0.0,0.7445141065830722,"[0.0, 0.7445141065830722]",58,0.01439393939393939,0.0,0.04318181818181818,Mumps,Paramyxovirus,#eb520d,RNA,Negative-sense RNA,True,Respiratory,Sialic acid,Class I,0.25×10⁻³ muts per codon per year,0.01 muts per year,False,SH
mumps,,mumps,HN,0.01771219184348429,0.0,0.08375614421642087,"[0.0, 0.08375614421642087]",583,0.010326207844751342,0.0,0.04882983207817337,Mumps,Paramyxovirus,#eb520d,RNA,Negative-sense RNA,True,Respiratory,Sialic acid,Class I,0.02×10⁻³ muts per codon per year,0.01 muts per year,receptor_binding,HN (Receptor-Binding)
mumps,,mumps,L,-0.0036394625647537962,-0.011686816009316748,0.016236636926292045,"[-0.011686816009316748, 0.016236636926292045]",2262,-0.008232464321473088,-0.026435577813074485,0.0367272727272726,Mumps,Paramyxovirus,#eb520d,RNA,Negative-sense RNA,True,Respiratory,Sialic acid,Class I,-0.0×10⁻³ muts per codon per year,-0.01 muts per year,polymerase,L (Polymerase)
parainfluenza,1,parainfluenza_1,N,0.029748333441903894,0.0,0.10486287538271097,"[0.0, 0.10486287538271097]",525,0.015617875056999544,0.0,0.05505300957592326,Parainfluenza-1,Paramyxovirus,#ff9000,RNA,Negative-sense RNA,True,Respiratory,Sialic acid,Class I,0.03×10⁻³ muts per codon per year,0.02 muts per year,False,N
parainfluenza,1,parainfluenza_1,P,0.19163498320129962,-0.11828746945419556,0.5682651149665133,"[-0.11828746945419556, 0.5682651149665133]",569,0.10904030544153949,-0.06730557011943727,0.32334285041594607,Parainfluenza-1,Paramyxovirus,#ff9000,RNA,Negative-sense RNA,True,Respiratory,Sialic acid,Class I,0.19×10⁻³ muts per codon per year,0.11 muts per year,False,P
parainfluenza,1,parainfluenza_1,C,-0.12572085125301175,-0.8798321162278195,0.5609809793349809,"[-0.8798321162278195, 0.5609809793349809]",205,-0.025772774506867407,-0.180365583826703,0.1150011007636711,Parainfluenza-1,Paramyxovirus,#ff9000,RNA,Negative-sense RNA,True,Respiratory,Sialic acid,Class I,-0.13×10⁻³ muts per codon per year,-0.03 muts per year,False,C
parainfluenza,1,parainfluenza_1,M,0.0,0.0,0.0,"[0.0, 0.0]",349,0.0,0.0,0.0,Parainfluenza-1,Paramyxovirus,#ff9000,RNA,Negative-sense RNA,True,Respiratory,Sialic acid,Class I,0.0×10⁻³ muts per codon per year,0.0 muts per year,False,M
parainfluenza,1,parainfluenza_1,F,0.11967118465874368,-0.02608682720190459,0.28472073518616575,"[-0.02608682720190459, 0.28472073518616575]",556,0.06653717867026149,-0.014504275924258953,0.15830472876350818,Parainfluenza-1,Paramyxovirus,#ff9000,RNA,Negative-sense RNA,True,Respiratory,Sialic acid,Class I,0.12×10⁻³ muts per codon per year,0.07 muts per year,False,F
parainfluenza,1,parainfluenza_1,HN,-0.031982438375573394,-0.4313910203051406,0.3581231904118228,"[-0.4313910203051406, 0.3581231904118228]",576,-0.01842188450433028,-0.24848122769576098,0.2062789576772099,Parainfluenza-1,Paramyxovirus,#ff9000,RNA,Negative-sense RNA,True,Respiratory,Sialic acid,Class I,-0.03×10⁻³ muts per codon per year,-0.02 muts per year,receptor_binding,HN (Receptor-Binding)
parainfluenza,1,parainfluenza_1,L,0.040551303570147884,-0.03509573839692516,0.09579490629066545,"[-0.03509573839692516, 0.09579490629066545]",2224,0.0901860991400089,-0.07805292219476156,0.21304787159043997,Parainfluenza-1,Paramyxovirus,#ff9000,RNA,Negative-sense RNA,True,Respiratory,Sialic acid,Class I,0.04×10⁻³ muts per codon per year,0.09 muts per year,polymerase,L (Polymerase)
parainfluenza,3,parainfluenza_3,N,0.0,0.0,0.0,"[0.0, 0.0]",516,0.0,0.0,0.0,Parainfluenza-3,Paramyxovirus,#ffb24e,RNA,Negative-sense RNA,True,Respiratory,Sialic acid,Class I,0.0×10⁻³ muts per codon per year,0.0 muts per year,False,N
parainfluenza,3,parainfluenza_3,P,0.0,0.0,0.0,"[0.0, 0.0]",603,0.0,0.0,0.0,Parainfluenza-3,Paramyxovirus,#ffb24e,RNA,Negative-sense RNA,True,Respiratory,Sialic acid,Class I,0.0×10⁻³ muts per codon per year,0.0 muts per year,False,P
parainfluenza,3,parainfluenza_3,C,0.0,0.0,0.0,"[0.0, 0.0]",200,0.0,0.0,0.0,Parainfluenza-3,Paramyxovirus,#ffb24e,RNA,Negative-sense RNA,True,Respiratory,Sialic acid,Class I,0.0×10⁻³ muts per codon per year,0.0 muts per year,False,C
parainfluenza,3,parainfluenza_3,M,0.0,0.0,0.0,"[0.0, 0.0]",354,0.0,0.0,0.0,Parainfluenza-3,Paramyxovirus,#ffb24e,RNA,Negative-sense RNA,True,Respiratory,Sialic acid,Class I,0.0×10⁻³ muts per codon per year,0.0 muts per year,False,M
parainfluenza,3,parainfluenza_3,F,0.0,0.0,0.0,"[0.0, 0.0]",540,0.0,0.0,0.0,Parainfluenza-3,Paramyxovirus,#ffb24e,RNA,Negative-sense RNA,True,Respiratory,Sialic acid,Class I,0.0×10⁻³ muts per codon per year,0.0 muts per year,False,F
parainfluenza,3,parainfluenza_3,HN,0.0,0.0,0.0,"[0.0, 0.0]",573,0.0,0.0,0.0,Parainfluenza-3,Paramyxovirus,#ffb24e,RNA,Negative-sense RNA,True,Respiratory,Sialic acid,Class I,0.0×10⁻³ muts per codon per year,0.0 muts per year,receptor_binding,HN (Receptor-Binding)
parainfluenza,3,parainfluenza_3,L,0.0,0.0,0.0,"[0.0, 0.0]",2234,0.0,0.0,0.0,Parainfluenza-3,Paramyxovirus,#ffb24e,RNA,Negative-sense RNA,True,Respiratory,Sialic acid,Class I,0.0×10⁻³ muts per codon per year,0.0 muts per year,polymerase,L (Polymerase)
rsv,A,rsv_A,NS1,0.15612818809474183,0.0,0.5577445963633363,"[0.0, 0.5577445963633363]",140,0.021857946333263857,0.0,0.07808424349086708,RSV-A,"Paramyxovirus, pneumovirus",#0B194C,RNA,Negative-sense RNA,True,Respiratory,"Heparan Sulfate, others",Class I,0.16×10⁻³ muts per codon per year,0.02 muts per year,False,NS1
rsv,A,rsv_A,NS2,0.21470034229545107,0.0,0.7119296197218334,"[0.0, 0.7119296197218334]",125,0.026837542786931384,0.0,0.08899120246522918,RSV-A,"Paramyxovirus, pneumovirus",#0B194C,RNA,Negative-sense RNA,True,Respiratory,"Heparan Sulfate, others",Class I,0.21×10⁻³ muts per codon per year,0.03 muts per year,False,NS2
rsv,A,rsv_A,N,0.055762815783030314,0.0,0.17198509708293525,"[0.0, 0.17198509708293525]",392,0.021859023786947884,0.0,0.06741815805651061,RSV-A,"Paramyxovirus, pneumovirus",#0B194C,RNA,Negative-sense RNA,True,Respiratory,"Heparan Sulfate, others",Class I,0.06×10⁻³ muts per codon per year,0.02 muts per year,False,N
rsv,A,rsv_A,P,0.10051747931035655,0.0,0.35083880535034023,"[0.0, 0.35083880535034023]",242,0.024325229993106285,0.0,0.08490299089478234,RSV-A,"Paramyxovirus, pneumovirus",#0B194C,RNA,Negative-sense RNA,True,Respiratory,"Heparan Sulfate, others",Class I,0.1×10⁻³ muts per codon per year,0.02 muts per year,False,P
rsv,A,rsv_A,M,0.0,0.0,0.0,"[0.0, 0.0]",257,0.0,0.0,0.0,RSV-A,"Paramyxovirus, pneumovirus",#0B194C,RNA,Negative-sense RNA,True,Respiratory,"Heparan Sulfate, others",Class I,0.0×10⁻³ muts per codon per year,0.0 muts per year,False,M
rsv,A,rsv_A,SH,0.33257015882026236,0.0,1.3717310101917948,"[0.0, 1.3717310101917948]",65,0.021617060323317054,0.0,0.08916251566246666,RSV-A,"Paramyxovirus, pneumovirus",#0B194C,RNA,Negative-sense RNA,True,Respiratory,"Heparan Sulfate, others",Class I,0.33×10⁻³ muts per codon per year,0.02 muts per year,False,SH
rsv,A,rsv_A,G,1.8518876007308192,1.2025561547184243,2.781657302058385,"[1.2025561547184243, 2.781657302058385]",298,0.5518625050177841,0.35836173410609046,0.8289338760133987,RSV-A,"Paramyxovirus, pneumovirus",#0B194C,RNA,Negative-sense RNA,True,Respiratory,"Heparan Sulfate, others",Class I,1.85×10⁻³ muts per codon per year,0.55 muts per year,receptor_binding,G (Receptor-Binding)
rsv,A,rsv_A,F,0.12612802781501503,0.010045173399848846,0.2867921128965583,"[0.010045173399848846, 0.2867921128965583]",575,0.07252361599363365,0.005775974704913087,0.16490546491552105,RSV-A,"Paramyxovirus, pneumovirus",#0B194C,RNA,Negative-sense RNA,True,Respiratory,"Heparan Sulfate, others",Class I,0.13×10⁻³ muts per codon per year,0.07 muts per year,False,F
rsv,A,rsv_A,L,0.17156366175709323,0.08110333003605077,0.26374687370408456,"[0.08110333003605077, 0.26374687370408456]",2166,0.37160689136586394,0.17566981285808597,0.5712757284430471,RSV-A,"Paramyxovirus, pneumovirus",#0B194C,RNA,Negative-sense RNA,True,Respiratory,"Heparan Sulfate, others",Class I,0.17×10⁻³ muts per codon per year,0.37 muts per year,polymerase,L (Polymerase)
rsv,B,rsv_B,NS1,0.4356321146767476,-0.06796346106110049,1.1121886509064258,"[-0.06796346106110049, 1.1121886509064258]",140,0.06098849605474467,-0.009514884548554068,0.15570641112689962,RSV-B,"Paramyxovirus, pneumovirus",#6C7593,RNA,Negative-sense RNA,True,Respiratory,"Heparan Sulfate, others",Class I,0.44×10⁻³ muts per codon per year,0.06 muts per year,False,NS1
rsv,B,rsv_B,NS2,0.08417541447841838,0.0,0.25252624343525515,"[0.0, 0.25252624343525515]",125,0.010521926809802297,0.0,0.031565780429406894,RSV-B,"Paramyxovirus, pneumovirus",#6C7593,RNA,Negative-sense RNA,True,Respiratory,"Heparan Sulfate, others",Class I,0.08×10⁻³ muts per codon per year,0.01 muts per year,False,NS2
rsv,B,rsv_B,N,0.09599685162272771,0.0,0.2715618956171128,"[0.0, 0.2715618956171128]",392,0.03763076583610926,0.0,0.10645226308190821,RSV-B,"Paramyxovirus, pneumovirus",#6C7593,RNA,Negative-sense RNA,True,Respiratory,"Heparan Sulfate, others",Class I,0.1×10⁻³ muts per codon per year,0.04 muts per year,False,N
rsv,B,rsv_B,P,0.1547942953632747,0.0002832525045878679,0.4373859844219631,"[0.0002832525045878679, 0.4373859844219631]",242,0.03746021947791247,6.854710611026403e-05,0.10584740823011507,RSV-B,"Paramyxovirus, pneumovirus",#6C7593,RNA,Negative-sense RNA,True,Respiratory,"Heparan Sulfate, others",Class I,0.15×10⁻³ muts per codon per year,0.04 muts per year,False,P
rsv,B,rsv_B,M,0.13066325714280777,0.0,0.39198977142842323,"[0.0, 0.39198977142842323]",257,0.0335804570857016,0.0,0.10074137125710476,RSV-B,"Paramyxovirus, pneumovirus",#6C7593,RNA,Negative-sense RNA,True,Respiratory,"Heparan Sulfate, others",Class I,0.13×10⁻³ muts per codon per year,0.03 muts per year,False,M
rsv,B,rsv_B,SH,0.49841431960065213,0.0,1.6270457394155937,"[0.0, 1.6270457394155937]",66,0.03289534509364304,0.0,0.10738501880142919,RSV-B,"Paramyxovirus, pneumovirus",#6C7593,RNA,Negative-sense RNA,True,Respiratory,"Heparan Sulfate, others",Class I,0.5×10⁻³ muts per codon per year,0.03 muts per year,False,SH
rsv,B,rsv_B,G,2.05271216446711,1.2477281968859393,3.252080638694645,"[1.2477281968859393, 3.252080638694645]",300,0.615813649340133,0.37431845906578176,0.9756241916083935,RSV-B,"Paramyxovirus, pneumovirus",#6C7593,RNA,Negative-sense RNA,True,Respiratory,"Heparan Sulfate, others",Class I,2.05×10⁻³ muts per codon per year,0.62 muts per year,receptor_binding,G (Receptor-Binding)
rsv,B,rsv_B,F,0.09206271151231564,0.0008619449977232502,0.3329639266752936,"[0.0008619449977232502, 0.3329639266752936]",575,0.0529360591195815,0.0004956183736908688,0.1914542578382938,RSV-B,"Paramyxovirus, pneumovirus",#6C7593,RNA,Negative-sense RNA,True,Respiratory,"Heparan Sulfate, others",Class I,0.09×10⁻³ muts per codon per year,0.05 muts per year,False,F
rsv,B,rsv_B,L,0.24274621364122578,0.13007785839443292,0.37374772982542065,"[0.13007785839443292, 0.37374772982542065]",2167,0.5260310449605363,0.2818787191407361,0.8099113305316865,RSV-B,"Paramyxovirus, pneumovirus",#6C7593,RNA,Negative-sense RNA,True,Respiratory,"Heparan Sulfate, others",Class I,0.24×10⁻³ muts per codon per year,0.53 muts per year,polymerase,L (Polymerase)
oc43,A,oc43_A,Orf1ab,0.12730412915783992,0.07174728365378674,0.18688008776648368,"[0.07174728365378674, 0.18688008776648368]",7096,0.9033501005040321,0.5091187248072707,1.3261011027909682,OC43-A,Coronavirus,#208288,RNA,Positive-sense RNA,True,Respiratory,Sialic acid,Class I,0.13×10⁻³ muts per codon per year,0.9 muts per year,False,Orf1ab
oc43,A,oc43_A,RdRp,0.04061669823866547,0.0,0.1327245440144168,"[0.0, 0.1327245440144168]",928,0.03769229596548155,0.0,0.12316837684537878,OC43-A,Coronavirus,#208288,RNA,Positive-sense RNA,True,Respiratory,Sialic acid,Class I,0.04×10⁻³ muts per codon per year,0.04 muts per year,polymerase,RdRp (Polymerase)
oc43,A,oc43_A,HE,0.39101712156623436,-0.02499878757570824,0.9515654785773636,"[-0.02499878757570824, 0.9515654785773636]",425,0.1661822766656496,-0.010624484719676001,0.4044153283953795,OC43-A,Coronavirus,#208288,RNA,Positive-sense RNA,True,Respiratory,Sialic acid,Class I,0.39×10⁻³ muts per codon per year,0.17 muts per year,False,HE
oc43,A,oc43_A,S1,1.620473358204486,1.0294429139477497,2.273579081801936,"[1.0294429139477497, 2.273579081801936]",753,1.220216438727978,0.7751705142026556,1.712005048596858,OC43-A,Coronavirus,#208288,RNA,Positive-sense RNA,True,Respiratory,Sialic acid,Class I,1.62×10⁻³ muts per codon per year,1.22 muts per year,receptor_binding,S1 (Receptor-Binding)
oc43,A,oc43_A,S2,0.030752761008034257,0.0,0.1006637025582058,"[0.0, 0.1006637025582058]",596,0.018328645560788417,0.0,0.059995566724690655,OC43-A,Coronavirus,#208288,RNA,Positive-sense RNA,True,Respiratory,Sialic acid,Class I,0.03×10⁻³ muts per codon per year,0.02 muts per year,False,S2
oc43,A,oc43_A,E,0.1993104934281404,0.0,0.7972419737125616,"[0.0, 0.7972419737125616]",85,0.016941391941391933,0.0,0.06776556776556773,OC43-A,Coronavirus,#208288,RNA,Positive-sense RNA,True,Respiratory,Sialic acid,Class I,0.2×10⁻³ muts per codon per year,0.02 muts per year,False,E
oc43,A,oc43_A,M,0.5960956015905526,0.15119615556907115,1.1970892995027889,"[0.15119615556907115, 1.1970892995027889]",231,0.13769808396741764,0.034926311936455436,0.2765276281851442,OC43-A,Coronavirus,#208288,RNA,Positive-sense RNA,True,Respiratory,Sialic acid,Class I,0.6×10⁻³ muts per codon per year,0.14 muts per year,False,M
oc43,A,oc43_A,N,0.29048802672272916,0.017255073967845036,0.7717455728568304,"[0.017255073967845036, 0.7717455728568304]",449,0.1304291239985054,0.007747528211562421,0.34651376221271685,OC43-A,Coronavirus,#208288,RNA,Positive-sense RNA,True,Respiratory,Sialic acid,Class I,0.29×10⁻³ muts per codon per year,0.13 muts per year,False,N
229e,,229e,Orf1ab,0.08785364666686998,0.04881650424708515,0.14312890478555007,"[0.04881650424708515, 0.14312890478555007]",6759,0.5938027978213742,0.3299507522060485,0.967408267445533,229E,Coronavirus,#76C7BE,RNA,Positive-sense RNA,True,Respiratory,Aminopeptidase N,Class I,0.09×10⁻³ muts per codon per year,0.59 muts per year,False,Orf1ab
229e,,229e,RdRp,0.13008294924374877,0.0,0.2625167558389346,"[0.0, 0.2625167558389346]",927,0.12058689394895511,0.0,0.24335303266269237,229E,Coronavirus,#76C7BE,RNA,Positive-sense RNA,True,Respiratory,Aminopeptidase N,Class I,0.13×10⁻³ muts per codon per year,0.12 muts per year,polymerase,RdRp (Polymerase)
229e,,229e,S1,1.4210340397305468,0.8439145945532585,1.9624755424469749,"[0.8439145945532585, 1.9624755424469749]",545,0.7744635516531481,0.45993345403152586,1.0695491706336013,229E,Coronavirus,#76C7BE,RNA,Positive-sense RNA,True,Respiratory,Aminopeptidase N,Class I,1.42×10⁻³ muts per codon per year,0.77 muts per year,receptor_binding,S1 (Receptor-Binding)
229e,,229e,S2,0.023336838292625672,0.0,0.16187217840371462,"[0.0, 0.16187217840371462]",614,0.014328818711672162,0.0,0.09938951753988078,229E,Coronavirus,#76C7BE,RNA,Positive-sense RNA,True,Respiratory,Aminopeptidase N,Class I,0.02×10⁻³ muts per codon per year,0.01 muts per year,False,S2
229e,,229e,Protein4a,0.0,0.0,0.0,"[0.0, 0.0]",134,0.0,0.0,0.0,229E,Coronavirus,#76C7BE,RNA,Positive-sense RNA,True,Respiratory,Aminopeptidase N,Class I,0.0×10⁻³ muts per codon per year,0.0 muts per year,False,Protein4a
229e,,229e,Protein4b,-0.041771226997689086,-0.14724357516685405,0.0,"[-0.14724357516685405, 0.0]",89,-0.003717639202794329,-0.01310467818985001,0.0,229E,Coronavirus,#76C7BE,RNA,Positive-sense RNA,True,Respiratory,Aminopeptidase N,Class I,-0.04×10⁻³ muts per codon per year,-0.0 muts per year,False,Protein4b
229e,,229e,E,0.0,0.0,0.0,"[0.0, 0.0]",78,0.0,0.0,0.0,229E,Coronavirus,#76C7BE,RNA,Positive-sense RNA,True,Respiratory,Aminopeptidase N,Class I,0.0×10⁻³ muts per codon per year,0.0 muts per year,False,E
229e,,229e,M,0.0,0.0,0.0,"[0.0, 0.0]",226,0.0,0.0,0.0,229E,Coronavirus,#76C7BE,RNA,Positive-sense RNA,True,Respiratory,Aminopeptidase N,Class I,0.0×10⁻³ muts per codon per year,0.0 muts per year,False,M
229e,,229e,N,0.260224510409734,0.0,0.6823572228199801,"[0.0, 0.6823572228199801]",390,0.10148755905979626,0.0,0.26611931689979224,229E,Coronavirus,#76C7BE,RNA,Positive-sense RNA,True,Respiratory,Aminopeptidase N,Class I,0.26×10⁻³ muts per codon per year,0.1 muts per year,False,N
nl63,,nl63,Orf1ab,0.03755762807756999,0.010242216467070036,0.07357449033571496,"[0.010242216467070036, 0.07357449033571496]",6730,0.252762836962046,0.06893011682338133,0.4951563199593617,NL63,Coronavirus,#BBE4D1,RNA,Positive-sense RNA,True,Respiratory,ACE2,Class I,0.04×10⁻³ muts per codon per year,0.25 muts per year,False,Orf1ab
nl63,,nl63,RdRp,0.0,0.0,0.0,"[0.0, 0.0]",927,0.0,0.0,0.0,NL63,Coronavirus,#BBE4D1,RNA,Positive-sense RNA,True,Respiratory,ACE2,Class I,0.0×10⁻³ muts per codon per year,0.0 muts per year,polymerase,RdRp (Polymerase)
nl63,,nl63,Protein3,0.0,0.0,0.0,"[0.0, 0.0]",226,0.0,0.0,0.0,NL63,Coronavirus,#BBE4D1,RNA,Positive-sense RNA,True,Respiratory,ACE2,Class I,0.0×10⁻³ muts per codon per year,0.0 muts per year,False,Protein3
nl63,,nl63,S1,0.10832089470097511,0.030639754483283668,0.3401949189631246,"[0.030639754483283668, 0.3401949189631246]",734,0.07950753671051573,0.02248957979073021,0.24970307051893345,NL63,Coronavirus,#BBE4D1,RNA,Positive-sense RNA,True,Respiratory,ACE2,Class I,0.11×10⁻³ muts per codon per year,0.08 muts per year,receptor_binding,S1 (Receptor-Binding)
nl63,,nl63,S2,0.03936175434419848,-0.0027430829060694404,0.17997668598186228,"[-0.0027430829060694404, 0.17997668598186228]",608,0.023931946641272676,-0.0016677944068902197,0.10942582507697227,NL63,Coronavirus,#BBE4D1,RNA,Positive-sense RNA,True,Respiratory,ACE2,Class I,0.04×10⁻³ muts per codon per year,0.02 muts per year,False,S2
nl63,,nl63,E,0.0,0.0,0.0,"[0.0, 0.0]",78,0.0,0.0,0.0,NL63,Coronavirus,#BBE4D1,RNA,Positive-sense RNA,True,Respiratory,ACE2,Class I,0.0×10⁻³ muts per codon per year,0.0 muts per year,False,E
nl63,,nl63,M,0.048063899556730016,0.012324076809417953,0.09736020679440184,"[0.012324076809417953, 0.09736020679440184]",227,0.010910505199377715,0.002797565435737875,0.022100766942329216,NL63,Coronavirus,#BBE4D1,RNA,Positive-sense RNA,True,Respiratory,ACE2,Class I,0.05×10⁻³ muts per codon per year,0.01 muts per year,False,M
nl63,,nl63,N,0.047442467479853506,0.0,0.1870304536647054,"[0.0, 0.1870304536647054]",378,0.017933252707384623,0.0,0.07069751148525864,NL63,Coronavirus,#BBE4D1,RNA,Positive-sense RNA,True,Respiratory,ACE2,Class I,0.05×10⁻³ muts per codon per year,0.02 muts per year,False,N
dengue,denv1_V,dengue_denv1_V,C,0.0,0.0,0.0,"[0.0, 0.0]",114,0.0,0.0,0.0,Dengue 1-V,Flavivirus,#0db0d6,RNA,Positive-sense RNA,True,Mosquito-borne,"Mannose-binding Receptor, DC-SIGN",Class II,0.0×10⁻³ muts per codon per year,0.0 muts per year,False,C
dengue,denv1_V,dengue_denv1_V,M,0.2739305628339858,0.0,0.8691434302238602,"[0.0, 0.8691434302238602]",166,0.04547247343044165,0.0,0.14427780941716078,Dengue 1-V,Flavivirus,#0db0d6,RNA,Positive-sense RNA,True,Mosquito-borne,"Mannose-binding Receptor, DC-SIGN",Class II,0.27×10⁻³ muts per codon per year,0.05 muts per year,False,M
dengue,denv1_V,dengue_denv1_V,E,0.0,0.0,0.0,"[0.0, 0.0]",495,0.0,0.0,0.0,Dengue 1-V,Flavivirus,#0db0d6,RNA,Positive-sense RNA,True,Mosquito-borne,"Mannose-binding Receptor, DC-SIGN",Class II,0.0×10⁻³ muts per codon per year,0.0 muts per year,receptor_binding,E (Receptor-Binding)
dengue,denv1_V,dengue_denv1_V,NS1,0.12192393072740941,0.0,0.4028857234596813,"[0.0, 0.4028857234596813]",352,0.04291722361604811,0.0,0.14181577465780784,Dengue 1-V,Flavivirus,#0db0d6,RNA,Positive-sense RNA,True,Mosquito-borne,"Mannose-binding Receptor, DC-SIGN",Class II,0.12×10⁻³ muts per codon per year,0.04 muts per year,False,NS1
dengue,denv1_V,dengue_denv1_V,Ns2a,0.052739126190604904,0.0,0.19199315402102216,"[0.0, 0.19199315402102216]",218,0.01149712950955187,0.0,0.04185450757658283,Dengue 1-V,Flavivirus,#0db0d6,RNA,Positive-sense RNA,True,Mosquito-borne,"Mannose-binding Receptor, DC-SIGN",Class II,0.05×10⁻³ muts per codon per year,0.01 muts per year,False,Ns2a
dengue,denv1_V,dengue_denv1_V,Ns2b,0.3705976161978417,0.0,1.1193865422128464,"[0.0, 1.1193865422128464]",130,0.04817769010571942,0.0,0.14552025048767003,Dengue 1-V,Flavivirus,#0db0d6,RNA,Positive-sense RNA,True,Mosquito-borne,"Mannose-binding Receptor, DC-SIGN",Class II,0.37×10⁻³ muts per codon per year,0.05 muts per year,False,Ns2b
dengue,denv1_V,dengue_denv1_V,Ns3,0.0,0.0,0.0,"[0.0, 0.0]",619,0.0,0.0,0.0,Dengue 1-V,Flavivirus,#0db0d6,RNA,Positive-sense RNA,True,Mosquito-borne,"Mannose-binding Receptor, DC-SIGN",Class II,0.0×10⁻³ muts per codon per year,0.0 muts per year,False,Ns3
dengue,denv1_V,dengue_denv1_V,Ns4a,0.0,0.0,0.0,"[0.0, 0.0]",127,0.0,0.0,0.0,Dengue 1-V,Flavivirus,#0db0d6,RNA,Positive-sense RNA,True,Mosquito-borne,"Mannose-binding Receptor, DC-SIGN",Class II,0.0×10⁻³ muts per codon per year,0.0 muts per year,False,Ns4a
dengue,denv1_V,dengue_denv1_V,Ns4b,0.0,0.0,0.0,"[0.0, 0.0]",249,0.0,0.0,0.0,Dengue 1-V,Flavivirus,#0db0d6,RNA,Positive-sense RNA,True,Mosquito-borne,"Mannose-binding Receptor, DC-SIGN",Class II,0.0×10⁻³ muts per codon per year,0.0 muts per year,False,Ns4b
dengue,denv1_V,dengue_denv1_V,Ns5,0.107255707257924,0.0,0.2977427200983128,"[0.0, 0.2977427200983128]",899,0.09642288082487367,0.0,0.2676707053683832,Dengue 1-V,Flavivirus,#0db0d6,RNA,Positive-sense RNA,True,Mosquito-borne,"Mannose-binding Receptor, DC-SIGN",Class II,0.11×10⁻³ muts per codon per year,0.1 muts per year,polymerase,Ns5 (Polymerase)
dengue,denv2_AA,dengue_denv2_AA,C,0.37625875779485574,0.0,1.3263121212268634,"[0.0, 1.3263121212268634]",114,0.04289349838861355,0.0,0.15119958181986243,Dengue 2-AA,Flavivirus,#2cccf2,RNA,Positive-sense RNA,True,Mosquito-borne,"Mannose-binding Receptor, DC-SIGN",Class II,0.38×10⁻³ muts per codon per year,0.04 muts per year,False,C
dengue,denv2_AA,dengue_denv2_AA,M,0.0,0.0,0.0,"[0.0, 0.0]",166,0.0,0.0,0.0,Dengue 2-AA,Flavivirus,#2cccf2,RNA,Positive-sense RNA,True,Mosquito-borne,"Mannose-binding Receptor, DC-SIGN",Class II,0.0×10⁻³ muts per codon per year,0.0 muts per year,False,M
dengue,denv2_AA,dengue_denv2_AA,E,0.3365434924294212,0.02897896448003694,0.9332985721611615,"[0.02897896448003694, 0.9332985721611615]",495,0.16658902875256348,0.014344587417618284,0.4619827932197749,Dengue 2-AA,Flavivirus,#2cccf2,RNA,Positive-sense RNA,True,Mosquito-borne,"Mannose-binding Receptor, DC-SIGN",Class II,0.34×10⁻³ muts per codon per year,0.17 muts per year,receptor_binding,E (Receptor-Binding)
dengue,denv2_AA,dengue_denv2_AA,NS1,0.003975818484135565,0.0,0.03022479576625212,"[0.0, 0.03022479576625212]",352,0.0013994881064157188,0.0,0.010639128109720746,Dengue 2-AA,Flavivirus,#2cccf2,RNA,Positive-sense RNA,True,Mosquito-borne,"Mannose-binding Receptor, DC-SIGN",Class II,0.0×10⁻³ muts per codon per year,0.0 muts per year,False,NS1
dengue,denv2_AA,dengue_denv2_AA,Ns2a,0.05180977576655109,0.0,0.1221445349335184,"[0.0, 0.1221445349335184]",218,0.011294531117108137,0.0,0.026627508615507015,Dengue 2-AA,Flavivirus,#2cccf2,RNA,Positive-sense RNA,True,Mosquito-borne,"Mannose-binding Receptor, DC-SIGN",Class II,0.05×10⁻³ muts per codon per year,0.01 muts per year,False,Ns2a
dengue,denv2_AA,dengue_denv2_AA,Ns2b,0.0,0.0,0.0,"[0.0, 0.0]",130,0.0,0.0,0.0,Dengue 2-AA,Flavivirus,#2cccf2,RNA,Positive-sense RNA,True,Mosquito-borne,"Mannose-binding Receptor, DC-SIGN",Class II,0.0×10⁻³ muts per codon per year,0.0 muts per year,False,Ns2b
dengue,denv2_AA,dengue_denv2_AA,Ns3,0.23255926466832166,0.03426221427817855,0.4617717073840254,"[0.03426221427817855, 0.4617717073840254]",618,0.1437216255650228,0.021174048423914342,0.2853749151633277,Dengue 2-AA,Flavivirus,#2cccf2,RNA,Positive-sense RNA,True,Mosquito-borne,"Mannose-binding Receptor, DC-SIGN",Class II,0.23×10⁻³ muts per codon per year,0.14 muts per year,False,Ns3
dengue,denv2_AA,dengue_denv2_AA,Ns4a,0.5098150078284875,0.016404995396180032,1.680289628934881,"[0.016404995396180032, 1.680289628934881]",127,0.06474650599421793,0.002083434415314864,0.21339678287472988,Dengue 2-AA,Flavivirus,#2cccf2,RNA,Positive-sense RNA,True,Mosquito-borne,"Mannose-binding Receptor, DC-SIGN",Class II,0.51×10⁻³ muts per codon per year,0.06 muts per year,False,Ns4a
dengue,denv2_AA,dengue_denv2_AA,Ns4b,0.013904338153503892,0.0,0.04171301446051168,"[0.0, 0.04171301446051168]",248,0.003448275862068965,0.0,0.010344827586206896,Dengue 2-AA,Flavivirus,#2cccf2,RNA,Positive-sense RNA,True,Mosquito-borne,"Mannose-binding Receptor, DC-SIGN",Class II,0.01×10⁻³ muts per codon per year,0.0 muts per year,False,Ns4b
dengue,denv2_AA,dengue_denv2_AA,Ns5,0.25648092942206846,0.059496464835146416,0.5127407808349158,"[0.059496464835146416, 0.5127407808349158]",900,0.2308328364798616,0.053546818351631775,0.46146670275142426,Dengue 2-AA,Flavivirus,#2cccf2,RNA,Positive-sense RNA,True,Mosquito-borne,"Mannose-binding Receptor, DC-SIGN",Class II,0.26×10⁻³ muts per codon per year,0.23 muts per year,polymerase,Ns5 (Polymerase)
dengue,denv3_III,dengue_denv3_III,C,0.0,0.0,0.0,"[0.0, 0.0]",114,0.0,0.0,0.0,Dengue 3-III,Flavivirus,#76def7,RNA,Positive-sense RNA,True,Mosquito-borne,"Mannose-binding Receptor, DC-SIGN",Class II,0.0×10⁻³ muts per codon per year,0.0 muts per year,False,C
dengue,denv3_III,dengue_denv3_III,M,0.0,0.0,0.0,"[0.0, 0.0]",166,0.0,0.0,0.0,Dengue 3-III,Flavivirus,#76def7,RNA,Positive-sense RNA,True,Mosquito-borne,"Mannose-binding Receptor, DC-SIGN",Class II,0.0×10⁻³ muts per codon per year,0.0 muts per year,False,M
dengue,denv3_III,dengue_denv3_III,E,0.04864323869016478,0.0,0.15454889621814658,"[0.0, 0.15454889621814658]",493,0.023981116674251235,0.0,0.07619260583554627,Dengue 3-III,Flavivirus,#76def7,RNA,Positive-sense RNA,True,Mosquito-borne,"Mannose-binding Receptor, DC-SIGN",Class II,0.05×10⁻³ muts per codon per year,0.02 muts per year,receptor_binding,E (Receptor-Binding)
dengue,denv3_III,dengue_denv3_III,NS1,0.29010545934806886,0.07067376143107049,0.6391028583854952,"[0.07067376143107049, 0.6391028583854952]",352,0.10211712169052024,0.02487716402373681,0.2249642061516943,Dengue 3-III,Flavivirus,#76def7,RNA,Positive-sense RNA,True,Mosquito-borne,"Mannose-binding Receptor, DC-SIGN",Class II,0.29×10⁻³ muts per codon per year,0.1 muts per year,False,NS1
dengue,denv3_III,dengue_denv3_III,Ns2a,0.05571600367679507,-0.11478388500661933,0.37450242624267743,"[-0.11478388500661933, 0.37450242624267743]",218,0.012146088801541326,-0.025022886931443014,0.08164152892090368,Dengue 3-III,Flavivirus,#76def7,RNA,Positive-sense RNA,True,Mosquito-borne,"Mannose-binding Receptor, DC-SIGN",Class II,0.06×10⁻³ muts per codon per year,0.01 muts per year,False,Ns2a
dengue,denv3_III,dengue_denv3_III,Ns2b,0.0612750155446479,0.0,0.2012463793365137,"[0.0, 0.2012463793365137]",130,0.007965752020804226,0.0,0.026162029313746782,Dengue 3-III,Flavivirus,#76def7,RNA,Positive-sense RNA,True,Mosquito-borne,"Mannose-binding Receptor, DC-SIGN",Class II,0.06×10⁻³ muts per codon per year,0.01 muts per year,False,Ns2b
dengue,denv3_III,dengue_denv3_III,Ns3,0.06802262250145841,0.0,0.1617179971554298,"[0.0, 0.1617179971554298]",619,0.04210600332840275,0.0,0.10010344023921106,Dengue 3-III,Flavivirus,#76def7,RNA,Positive-sense RNA,True,Mosquito-borne,"Mannose-binding Receptor, DC-SIGN",Class II,0.07×10⁻³ muts per codon per year,0.04 muts per year,False,Ns3
dengue,denv3_III,dengue_denv3_III,Ns4a,0.38000411052069843,-0.0014985512842584498,0.878833026306413,"[-0.0014985512842584498, 0.878833026306413]",127,0.0482605220361287,-0.0001903160131008231,0.11161179434091445,Dengue 3-III,Flavivirus,#76def7,RNA,Positive-sense RNA,True,Mosquito-borne,"Mannose-binding Receptor, DC-SIGN",Class II,0.38×10⁻³ muts per codon per year,0.05 muts per year,False,Ns4a
dengue,denv3_III,dengue_denv3_III,Ns4b,0.01332656262939711,0.0,0.039846350051824846,"[0.0, 0.039846350051824846]",248,0.0033049875320904833,0.0,0.009881894812852562,Dengue 3-III,Flavivirus,#76def7,RNA,Positive-sense RNA,True,Mosquito-borne,"Mannose-binding Receptor, DC-SIGN",Class II,0.01×10⁻³ muts per codon per year,0.0 muts per year,False,Ns4b
dengue,denv3_III,dengue_denv3_III,Ns5,0.18055260625324893,0.06779283188877855,0.36558289926836424,"[0.06779283188877855, 0.36558289926836424]",900,0.16249734562792403,0.06101354869990069,0.32902460934152783,Dengue 3-III,Flavivirus,#76def7,RNA,Positive-sense RNA,True,Mosquito-borne,"Mannose-binding Receptor, DC-SIGN",Class II,0.18×10⁻³ muts per codon per year,0.16 muts per year,polymerase,Ns5 (Polymerase)
dengue,denv4_II,dengue_denv4_II,C,0.037185112209117986,0.0,0.1202212748189054,"[0.0, 0.1202212748189054]",113,0.004201917679630332,0.0,0.01358500405453631,Dengue 4-II,Flavivirus,#adebfa,RNA,Positive-sense RNA,True,Mosquito-borne,"Mannose-binding Receptor, DC-SIGN",Class II,0.04×10⁻³ muts per codon per year,0.0 muts per year,False,C
dengue,denv4_II,dengue_denv4_II,M,0.0,0.0,0.0,"[0.0, 0.0]",166,0.0,0.0,0.0,Dengue 4-II,Flavivirus,#adebfa,RNA,Positive-sense RNA,True,Mosquito-borne,"Mannose-binding Receptor, DC-SIGN",Class II,0.0×10⁻³ muts per codon per year,0.0 muts per year,False,M
dengue,denv4_II,dengue_denv4_II,E,0.0854381164356964,0.0,0.1802522741957245,"[0.0, 0.1802522741957245]",495,0.04229186763566972,0.0,0.08922487572688363,Dengue 4-II,Flavivirus,#adebfa,RNA,Positive-sense RNA,True,Mosquito-borne,"Mannose-binding Receptor, DC-SIGN",Class II,0.09×10⁻³ muts per codon per year,0.04 muts per year,receptor_binding,E (Receptor-Binding)
dengue,denv4_II,dengue_denv4_II,NS1,0.1493675376742295,-0.041405503725657405,0.4659890996393977,"[-0.041405503725657405, 0.4659890996393977]",352,0.05257737326132878,-0.014574737311431406,0.164028163073068,Dengue 4-II,Flavivirus,#adebfa,RNA,Positive-sense RNA,True,Mosquito-borne,"Mannose-binding Receptor, DC-SIGN",Class II,0.15×10⁻³ muts per codon per year,0.05 muts per year,False,NS1
dengue,denv4_II,dengue_denv4_II,Ns2a,0.17166129722330004,-0.0007058618814085501,0.4216530347292799,"[-0.0007058618814085501, 0.4216530347292799]",218,0.03742216279467941,-0.00015387789014706393,0.09192036157098302,Dengue 4-II,Flavivirus,#adebfa,RNA,Positive-sense RNA,True,Mosquito-borne,"Mannose-binding Receptor, DC-SIGN",Class II,0.17×10⁻³ muts per codon per year,0.04 muts per year,False,Ns2a
dengue,denv4_II,dengue_denv4_II,Ns2b,0.0672488061549688,0.0,0.22670082435701325,"[0.0, 0.22670082435701325]",130,0.008742344800145943,0.0,0.02947110716641172,Dengue 4-II,Flavivirus,#adebfa,RNA,Positive-sense RNA,True,Mosquito-borne,"Mannose-binding Receptor, DC-SIGN",Class II,0.07×10⁻³ muts per codon per year,0.01 muts per year,False,Ns2b
dengue,denv4_II,dengue_denv4_II,Ns3,0.0,0.0,0.0,"[0.0, 0.0]",618,0.0,0.0,0.0,Dengue 4-II,Flavivirus,#adebfa,RNA,Positive-sense RNA,True,Mosquito-borne,"Mannose-binding Receptor, DC-SIGN",Class II,0.0×10⁻³ muts per codon per year,0.0 muts per year,False,Ns3
dengue,denv4_II,dengue_denv4_II,Ns4a,0.0,0.0,0.0,"[0.0, 0.0]",127,0.0,0.0,0.0,Dengue 4-II,Flavivirus,#adebfa,RNA,Positive-sense RNA,True,Mosquito-borne,"Mannose-binding Receptor, DC-SIGN",Class II,0.0×10⁻³ muts per codon per year,0.0 muts per year,False,Ns4a
dengue,denv4_II,dengue_denv4_II,Ns4b,0.0,0.0,0.0,"[0.0, 0.0]",245,0.0,0.0,0.0,Dengue 4-II,Flavivirus,#adebfa,RNA,Positive-sense RNA,True,Mosquito-borne,"Mannose-binding Receptor, DC-SIGN",Class II,0.0×10⁻³ muts per codon per year,0.0 muts per year,False,Ns4b
dengue,denv4_II,dengue_denv4_II,Ns5,0.0021394750011936837,-0.018062434821976423,0.03953395624928428,"[-0.018062434821976423, 0.03953395624928428]",900,0.0019255275010743153,-0.01625619133977878,0.035580560624355856,Dengue 4-II,Flavivirus,#adebfa,RNA,Positive-sense RNA,True,Mosquito-borne,"Mannose-binding Receptor, DC-SIGN",Class II,0.0×10⁻³ muts per codon per year,0.0 muts per year,polymerase,Ns5 (Polymerase)
rotavirusAg1p8,,rotavirusAg1p8,R,0.0,0.0,7.807600850391664e-05,"[0.0, 7.807600850391664e-05]",1089,0.0,0.0,8.502477326076521e-05,Rotavirus A/P[8],Reovirus,#1a3da6,RNA,"Double-stranded RNA, segmented",False,Fecal-Oral,"Sialic acid, others",N/A,0.0×10⁻³ muts per codon per year,0.0 muts per year,polymerase,R (Polymerase)
rotavirusAg1p8,,rotavirusAg1p8,C,0.00036167932262040154,0.0,0.002438551176775197,"[0.0, 0.002438551176775197]",883,0.00031936284187381454,0.0,0.002153240689092499,Rotavirus A/P[8],Reovirus,#1a3da6,RNA,"Double-stranded RNA, segmented",False,Fecal-Oral,"Sialic acid, others",N/A,0.0×10⁻³ muts per codon per year,0.0 muts per year,False,C
rotavirusAg1p8,,rotavirusAg1p8,M,0.11980716348752468,0.0,0.37479414570269054,"[0.0, 0.37479414570269054]",836,0.10015878867557063,0.0,0.3133279058074493,Rotavirus A/P[8],Reovirus,#1a3da6,RNA,"Double-stranded RNA, segmented",False,Fecal-Oral,"Sialic acid, others",N/A,0.12×10⁻³ muts per codon per year,0.1 muts per year,False,M
rotavirusAg1p8,,rotavirusAg1p8,P,0.046128858959979833,0.0,0.1384687823552438,"[0.0, 0.1384687823552438]",777,0.035842123411904334,0.0,0.10759024389002442,Rotavirus A/P[8],Reovirus,#1a3da6,RNA,"Double-stranded RNA, segmented",False,Fecal-Oral,"Sialic acid, others",N/A,0.05×10⁻³ muts per codon per year,0.04 muts per year,receptor_binding,P (Receptor-Binding)
rotavirusAg1p8,,rotavirusAg1p8,A,0.0,0.0,0.0,"[0.0, 0.0]",497,0.0,0.0,0.0,Rotavirus A/P[8],Reovirus,#1a3da6,RNA,"Double-stranded RNA, segmented",False,Fecal-Oral,"Sialic acid, others",N/A,0.0×10⁻³ muts per codon per year,0.0 muts per year,False,A
rotavirusAg1p8,,rotavirusAg1p8,I,0.0,0.0,0.0,"[0.0, 0.0]",398,0.0,0.0,0.0,Rotavirus A/P[8],Reovirus,#1a3da6,RNA,"Double-stranded RNA, segmented",False,Fecal-Oral,"Sialic acid, others",N/A,0.0×10⁻³ muts per codon per year,0.0 muts per year,False,I
rotavirusAg1p8,,rotavirusAg1p8,T,0.0,0.0,0.00015109825674995274,"[0.0, 0.00015109825674995274]",316,0.0,0.0,4.774704913298507e-05,Rotavirus A/P[8],Reovirus,#1a3da6,RNA,"Double-stranded RNA, segmented",False,Fecal-Oral,"Sialic acid, others",N/A,0.0×10⁻³ muts per codon per year,0.0 muts per year,False,T
rotavirusAg1p8,,rotavirusAg1p8,N,0.1313833088544713,0.0,0.5454452402332307,"[0.0, 0.5454452402332307]",318,0.04177989221572187,0.0,0.17345158639416738,Rotavirus A/P[8],Reovirus,#1a3da6,RNA,"Double-stranded RNA, segmented",False,Fecal-Oral,"Sialic acid, others",N/A,0.13×10⁻³ muts per codon per year,0.04 muts per year,False,N
rotavirusAg1p8,,rotavirusAg1p8,G,0.07240327201776642,0.0,0.3137955678535059,"[0.0, 0.3137955678535059]",327,0.02367586994980962,0.0,0.10261115068809643,Rotavirus A/P[8],Reovirus,#1a3da6,RNA,"Double-stranded RNA, segmented",False,Fecal-Oral,"Sialic acid, others",N/A,0.07×10⁻³ muts per codon per year,0.02 muts per year,False,G
rotavirusAg1p8,,rotavirusAg1p8,E,0.0,0.0,0.0,"[0.0, 0.0]",176,0.0,0.0,0.0,Rotavirus A/P[8],Reovirus,#1a3da6,RNA,"Double-stranded RNA, segmented",False,Fecal-Oral,"Sialic acid, others",N/A,0.0×10⁻³ muts per codon per year,0.0 muts per year,False,E
rotavirusAg1p4,,rotavirusAg1p4,R,0.0,0.0,2.6267791992246024e-05,"[0.0, 2.6267791992246024e-05]",1089,0.0,0.0,2.860562547955592e-05,Rotavirus A/P[4],Reovirus,#1f49c8,RNA,"Double-stranded RNA, segmented",False,Fecal-Oral,"Sialic acid, others",N/A,0.0×10⁻³ muts per codon per year,0.0 muts per year,polymerase,R (Polymerase)
rotavirusAg1p4,,rotavirusAg1p4,C,0.00036167932262040154,0.0,0.002438551176775197,"[0.0, 0.002438551176775197]",883,0.00031936284187381454,0.0,0.002153240689092499,Rotavirus A/P[4],Reovirus,#1f49c8,RNA,"Double-stranded RNA, segmented",False,Fecal-Oral,"Sialic acid, others",N/A,0.0×10⁻³ muts per codon per year,0.0 muts per year,False,C
rotavirusAg1p4,,rotavirusAg1p4,M,0.11980716348752468,0.0,0.37479414570269054,"[0.0, 0.37479414570269054]",836,0.10015878867557063,0.0,0.3133279058074493,Rotavirus A/P[4],Reovirus,#1f49c8,RNA,"Double-stranded RNA, segmented",False,Fecal-Oral,"Sialic acid, others",N/A,0.12×10⁻³ muts per codon per year,0.1 muts per year,False,M
rotavirusAg1p4,,rotavirusAg1p4,P,0.0,0.0,0.0,"[0.0, 0.0]",777,0.0,0.0,0.0,Rotavirus A/P[4],Reovirus,#1f49c8,RNA,"Double-stranded RNA, segmented",False,Fecal-Oral,"Sialic acid, others",N/A,0.0×10⁻³ muts per codon per year,0.0 muts per year,receptor_binding,P (Receptor-Binding)
rotavirusAg1p4,,rotavirusAg1p4,A,0.0,0.0,0.0,"[0.0, 0.0]",497,0.0,0.0,0.0,Rotavirus A/P[4],Reovirus,#1f49c8,RNA,"Double-stranded RNA, segmented",False,Fecal-Oral,"Sialic acid, others",N/A,0.0×10⁻³ muts per codon per year,0.0 muts per year,False,A
rotavirusAg1p4,,rotavirusAg1p4,I,0.0,0.0,0.0,"[0.0, 0.0]",398,0.0,0.0,0.0,Rotavirus A/P[4],Reovirus,#1f49c8,RNA,"Double-stranded RNA, segmented",False,Fecal-Oral,"Sialic acid, others",N/A,0.0×10⁻³ muts per codon per year,0.0 muts per year,False,I
rotavirusAg1p4,,rotavirusAg1p4,T,0.0,0.0,0.00015109825674995274,"[0.0, 0.00015109825674995274]",316,0.0,0.0,4.774704913298507e-05,Rotavirus A/P[4],Reovirus,#1f49c8,RNA,"Double-stranded RNA, segmented",False,Fecal-Oral,"Sialic acid, others",N/A,0.0×10⁻³ muts per codon per year,0.0 muts per year,False,T
rotavirusAg1p4,,rotavirusAg1p4,N,0.1313833088544713,0.0,0.5454452402332307,"[0.0, 0.5454452402332307]",318,0.04177989221572187,0.0,0.17345158639416738,Rotavirus A/P[4],Reovirus,#1f49c8,RNA,"Double-stranded RNA, segmented",False,Fecal-Oral,"Sialic acid, others",N/A,0.13×10⁻³ muts per codon per year,0.04 muts per year,False,N
rotavirusAg1p4,,rotavirusAg1p4,G,0.07240327201776642,0.0,0.3137955678535059,"[0.0, 0.3137955678535059]",327,0.02367586994980962,0.0,0.10261115068809643,Rotavirus A/P[4],Reovirus,#1f49c8,RNA,"Double-stranded RNA, segmented",False,Fecal-Oral,"Sialic acid, others",N/A,0.07×10⁻³ muts per codon per year,0.02 muts per year,False,G
rotavirusAg1p4,,rotavirusAg1p4,E,0.0,0.0,0.0,"[0.0, 0.0]",176,0.0,0.0,0.0,Rotavirus A/P[4],Reovirus,#1f49c8,RNA,"Double-stranded RNA, segmented",False,Fecal-Oral,"Sialic acid, others",N/A,0.0×10⁻³ muts per codon per year,0.0 muts per year,False,E
norovirus,,norovirus,P48,0.29653133319146285,0.05662689521150831,0.5882695518436276,"[0.05662689521150831, 0.5882695518436276]",332,0.09844840261956567,0.018800129210220756,0.19530549121208438,Norovirus GII.4,Caliciviridae,#5700bc,RNA,Positive-sense RNA,False,Fecal-oral,CD300lf (in mice),N/A,0.3×10⁻³ muts per codon per year,0.1 muts per year,False,P48
norovirus,,norovirus,Ntpase,0.47105048840727626,0.11154311206000217,0.8844362113928992,"[0.11154311206000217, 0.8844362113928992]",366,0.1724044787570631,0.040824779013960796,0.3237036533698011,Norovirus GII.4,Caliciviridae,#5700bc,RNA,Positive-sense RNA,False,Fecal-oral,CD300lf (in mice),N/A,0.47×10⁻³ muts per codon per year,0.17 muts per year,False,Ntpase
norovirus,,norovirus,P22,0.7847736778552554,0.35147845457235616,1.4681845510030225,"[0.35147845457235616, 1.4681845510030225]",177,0.13890494098038023,0.06221168645930704,0.25986866552753496,Norovirus GII.4,Caliciviridae,#5700bc,RNA,Positive-sense RNA,False,Fecal-oral,CD300lf (in mice),N/A,0.78×10⁻³ muts per codon per year,0.14 muts per year,False,P22
norovirus,,norovirus,Vpg,0.0,-0.20032297836691262,0.03880562719601242,"[-0.20032297836691262, 0.03880562719601242]",133,0.0,-0.026642956122799377,0.005161148417069651,Norovirus GII.4,Caliciviridae,#5700bc,RNA,Positive-sense RNA,False,Fecal-oral,CD300lf (in mice),N/A,0.0×10⁻³ muts per codon per year,0.0 muts per year,False,Vpg
norovirus,,norovirus,3CLpro,0.31551589767259164,-0.04041933090383448,0.8088876426399045,"[-0.04041933090383448, 0.8088876426399045]",181,0.057108377478739085,-0.007315898893594042,0.1464086633178227,Norovirus GII.4,Caliciviridae,#5700bc,RNA,Positive-sense RNA,False,Fecal-oral,CD300lf (in mice),N/A,0.32×10⁻³ muts per codon per year,0.06 muts per year,False,3CLpro
norovirus,,norovirus,RdRp,0.25732718479512096,0.020724375319142087,0.5687953511285609,"[0.020724375319142087, 0.5687953511285609]",510,0.13123686424551168,0.010569431412762465,0.2900856290755661,Norovirus GII.4,Caliciviridae,#5700bc,RNA,Positive-sense RNA,False,Fecal-oral,CD300lf (in mice),N/A,0.26×10⁻³ muts per codon per year,0.13 muts per year,polymerase,RdRp (Polymerase)
norovirus,,norovirus,VP1,1.7440432468784544,1.135071537342001,2.4124327464353064,"[1.135071537342001, 2.4124327464353064]",541,0.9435273965612438,0.6140737017020226,1.3051261158215006,Norovirus GII.4,Caliciviridae,#5700bc,RNA,Positive-sense RNA,False,Fecal-oral,CD300lf (in mice),N/A,1.74×10⁻³ muts per codon per year,0.94 muts per year,receptor_binding,VP1 (Receptor-Binding)
norovirus,,norovirus,VP2,0.6452483987094448,0.12032488924448288,1.4554529413914585,"[0.12032488924448288, 1.4554529413914585]",249,0.16066685127865177,0.02996089742187624,0.3624077824064732,Norovirus GII.4,Caliciviridae,#5700bc,RNA,Positive-sense RNA,False,Fecal-oral,CD300lf (in mice),N/A,0.65×10⁻³ muts per codon per year,0.16 muts per year,False,VP2
enterovirusd68,,enterovirusd68,VP4,0.002883391310148749,0.0,0.016531336828547023,"[0.0, 0.016531336828547023]",69,0.0001989540004002637,0.0,0.0011406622411697445,Enterovirus D68,Picornavirus,#9779bd,RNA,Positive-sense RNA,False,Respiratory,Sialic acid,N/A,0.0×10⁻³ muts per codon per year,0.0 muts per year,False,VP4
enterovirusd68,,enterovirusd68,VP2,0.3270381057831282,0.0,0.9155282254134379,"[0.0, 0.9155282254134379]",248,0.0811054502342158,0.0,0.2270509999025326,Enterovirus D68,Picornavirus,#9779bd,RNA,Positive-sense RNA,False,Respiratory,Sialic acid,N/A,0.33×10⁻³ muts per codon per year,0.08 muts per year,False,VP2
enterovirusd68,,enterovirusd68,VP3,0.09025414644066974,0.0,0.6867249946279941,"[0.0, 0.6867249946279941]",235,0.02120972441355739,0.0,0.1613803737375786,Enterovirus D68,Picornavirus,#9779bd,RNA,Positive-sense RNA,False,Respiratory,Sialic acid,N/A,0.09×10⁻³ muts per codon per year,0.02 muts per year,False,VP3
enterovirusd68,,enterovirusd68,VP1,1.3847942735202339,0.41290064557734424,2.328515785451782,"[0.41290064557734424, 2.328515785451782]",309,0.4279014305177523,0.12758629948339936,0.7195113777046007,Enterovirus D68,Picornavirus,#9779bd,RNA,Positive-sense RNA,False,Respiratory,Sialic acid,N/A,1.38×10⁻³ muts per codon per year,0.43 muts per year,receptor_binding,VP1 (Receptor-Binding)
enterovirusd68,,enterovirusd68,2A,0.3192170465046516,0.0,1.2138061627251095,"[0.0, 1.2138061627251095]",147,0.046924905836183785,0.0,0.17842950592059112,Enterovirus D68,Picornavirus,#9779bd,RNA,Positive-sense RNA,False,Respiratory,Sialic acid,N/A,0.32×10⁻³ muts per codon per year,0.05 muts per year,False,2A
enterovirusd68,,enterovirusd68,2B,0.00047709781741363505,0.0,0.005252770338809627,"[0.0, 0.005252770338809627]",99,4.7232683923949874e-05,0.0,0.0005200242635421532,Enterovirus D68,Picornavirus,#9779bd,RNA,Positive-sense RNA,False,Respiratory,Sialic acid,N/A,0.0×10⁻³ muts per codon per year,0.0 muts per year,False,2B
enterovirusd68,,enterovirusd68,2C,0.403241348080932,0.0029039074902655043,0.9918213306562222,"[0.0029039074902655043, 0.9918213306562222]",330,0.13306964486670755,0.0009582894717876164,0.32730103911655334,Enterovirus D68,Picornavirus,#9779bd,RNA,Positive-sense RNA,False,Respiratory,Sialic acid,N/A,0.4×10⁻³ muts per codon per year,0.13 muts per year,False,2C
enterovirusd68,,enterovirusd68,3A,0.0,0.0,0.0,"[0.0, 0.0]",89,0.0,0.0,0.0,Enterovirus D68,Picornavirus,#9779bd,RNA,Positive-sense RNA,False,Respiratory,Sialic acid,N/A,0.0×10⁻³ muts per codon per year,0.0 muts per year,False,3A
enterovirusd68,,enterovirusd68,3B,0.0,0.0,0.0,"[0.0, 0.0]",22,0.0,0.0,0.0,Enterovirus D68,Picornavirus,#9779bd,RNA,Positive-sense RNA,False,Respiratory,Sialic acid,N/A,0.0×10⁻³ muts per codon per year,0.0 muts per year,False,3B
enterovirusd68,,enterovirusd68,3C,0.10131494877906971,0.0,0.3159229510710625,"[0.0, 0.3159229510710625]",183,0.018540635626569758,0.0,0.05781390004600444,Enterovirus D68,Picornavirus,#9779bd,RNA,Positive-sense RNA,False,Respiratory,Sialic acid,N/A,0.1×10⁻³ muts per codon per year,0.02 muts per year,False,3C
enterovirusd68,,enterovirusd68,3D,0.42964024073788737,0.001221911889609028,0.9608763388881293,"[0.001221911889609028, 0.9608763388881293]",457,0.19634559001721452,0.0005584137335513257,0.4391204868718751,Enterovirus D68,Picornavirus,#9779bd,RNA,Positive-sense RNA,False,Respiratory,Sialic acid,N/A,0.43×10⁻³ muts per codon per year,0.2 muts per year,polymerase,3D (Polymerase)
hepatitisA_IA,,hepatitisA_IA,VP4,0.0,0.0,0.0,"[0.0, 0.0]",21,0.0,0.0,0.0,Hepatitis A-IA,Picornavirus,#b76ca9,RNA,Positive-sense RNA,Quasi-enveloped,"Fecal-oral, blood",HAVCR1,N/A,0.0×10⁻³ muts per codon per year,0.0 muts per year,False,VP4
hepatitisA_IA,,hepatitisA_IA,VP2,0.0,0.0,0.0,"[0.0, 0.0]",222,0.0,0.0,0.0,Hepatitis A-IA,Picornavirus,#b76ca9,RNA,Positive-sense RNA,Quasi-enveloped,"Fecal-oral, blood",HAVCR1,N/A,0.0×10⁻³ muts per codon per year,0.0 muts per year,False,VP2
hepatitisA_IA,,hepatitisA_IA,VP1,0.0,0.0,0.0,"[0.0, 0.0]",300,0.0,0.0,0.0,Hepatitis A-IA,Picornavirus,#b76ca9,RNA,Positive-sense RNA,Quasi-enveloped,"Fecal-oral, blood",HAVCR1,N/A,0.0×10⁻³ muts per codon per year,0.0 muts per year,receptor_binding,VP1 (Receptor-Binding)
hepatitisA_IA,,hepatitisA_IA,VP3,0.0,0.0,0.0,"[0.0, 0.0]",246,0.0,0.0,0.0,Hepatitis A-IA,Picornavirus,#b76ca9,RNA,Positive-sense RNA,Quasi-enveloped,"Fecal-oral, blood",HAVCR1,N/A,0.0×10⁻³ muts per codon per year,0.0 muts per year,False,VP3
hepatitisA_IA,,hepatitisA_IA,2A,0.0,0.0,0.0,"[0.0, 0.0]",189,0.0,0.0,0.0,Hepatitis A-IA,Picornavirus,#b76ca9,RNA,Positive-sense RNA,Quasi-enveloped,"Fecal-oral, blood",HAVCR1,N/A,0.0×10⁻³ muts per codon per year,0.0 muts per year,False,2A
hepatitisA_IA,,hepatitisA_IA,2B,0.0,0.0,0.0,"[0.0, 0.0]",107,0.0,0.0,0.0,Hepatitis A-IA,Picornavirus,#b76ca9,RNA,Positive-sense RNA,Quasi-enveloped,"Fecal-oral, blood",HAVCR1,N/A,0.0×10⁻³ muts per codon per year,0.0 muts per year,False,2B
hepatitisA_IA,,hepatitisA_IA,2C,0.0,0.0,0.0,"[0.0, 0.0]",335,0.0,0.0,0.0,Hepatitis A-IA,Picornavirus,#b76ca9,RNA,Positive-sense RNA,Quasi-enveloped,"Fecal-oral, blood",HAVCR1,N/A,0.0×10⁻³ muts per codon per year,0.0 muts per year,False,2C
hepatitisA_IA,,hepatitisA_IA,3A,0.0,0.0,0.0,"[0.0, 0.0]",74,0.0,0.0,0.0,Hepatitis A-IA,Picornavirus,#b76ca9,RNA,Positive-sense RNA,Quasi-enveloped,"Fecal-oral, blood",HAVCR1,N/A,0.0×10⁻³ muts per codon per year,0.0 muts per year,False,3A
hepatitisA_IA,,hepatitisA_IA,3B,0.0,0.0,0.0,"[0.0, 0.0]",23,0.0,0.0,0.0,Hepatitis A-IA,Picornavirus,#b76ca9,RNA,Positive-sense RNA,Quasi-enveloped,"Fecal-oral, blood",HAVCR1,N/A,0.0×10⁻³ muts per codon per year,0.0 muts per year,False,3B
hepatitisA_IA,,hepatitisA_IA,3C,0.0,0.0,0.0,"[0.0, 0.0]",219,0.0,0.0,0.0,Hepatitis A-IA,Picornavirus,#b76ca9,RNA,Positive-sense RNA,Quasi-enveloped,"Fecal-oral, blood",HAVCR1,N/A,0.0×10⁻³ muts per codon per year,0.0 muts per year,False,3C
hepatitisA_IA,,hepatitisA_IA,3D,0.0,0.0,0.0,"[0.0, 0.0]",489,0.0,0.0,0.0,Hepatitis A-IA,Picornavirus,#b76ca9,RNA,Positive-sense RNA,Quasi-enveloped,"Fecal-oral, blood",HAVCR1,N/A,0.0×10⁻³ muts per codon per year,0.0 muts per year,polymerase,3D (Polymerase)
hepatitisB,A2,hepatitisB_A2,Polymerase,-0.02099116251921918,-0.07103369777554487,0.0,"[-0.07103369777554487, 0.0]",846,-0.017758523491259424,-0.060094508318110966,0.0,Hepatitis B-A2,Hepadnavirus,#ffd8bc,DNA,"Partially-dsDNA, circular",True,Bodily fluids and blood-borne,Sodium Taurocholate Co-transporting Polypeptide (NTCP),Other,-0.02×10⁻³ muts per codon per year,-0.02 muts per year,polymerase,Polymerase (Polymerase)
hepatitisB,A2,hepatitisB_A2,Large,0.0,0.0,0.0,"[0.0, 0.0]",401,0.0,0.0,0.0,Hepatitis B-A2,Hepadnavirus,#ffd8bc,DNA,"Partially-dsDNA, circular",True,Bodily fluids and blood-borne,Sodium Taurocholate Co-transporting Polypeptide (NTCP),Other,0.0×10⁻³ muts per codon per year,0.0 muts per year,receptor_binding,Large (Receptor-Binding)
hepatitisB,A2,hepatitisB_A2,Middle,0.0,0.0,0.0,"[0.0, 0.0]",282,0.0,0.0,0.0,Hepatitis B-A2,Hepadnavirus,#ffd8bc,DNA,"Partially-dsDNA, circular",True,Bodily fluids and blood-borne,Sodium Taurocholate Co-transporting Polypeptide (NTCP),Other,0.0×10⁻³ muts per codon per year,0.0 muts per year,False,Middle
hepatitisB,A2,hepatitisB_A2,Small,0.0,0.0,0.0,"[0.0, 0.0]",227,0.0,0.0,0.0,Hepatitis B-A2,Hepadnavirus,#ffd8bc,DNA,"Partially-dsDNA, circular",True,Bodily fluids and blood-borne,Sodium Taurocholate Co-transporting Polypeptide (NTCP),Other,0.0×10⁻³ muts per codon per year,0.0 muts per year,False,Small
hepatitisB,A2,hepatitisB_A2,X,-0.07447826155186475,-0.23047163127512885,0.0,"[-0.23047163127512885, 0.0]",155,-0.011544130540539037,-0.035723102847644975,0.0,Hepatitis B-A2,Hepadnavirus,#ffd8bc,DNA,"Partially-dsDNA, circular",True,Bodily fluids and blood-borne,Sodium Taurocholate Co-transporting Polypeptide (NTCP),Other,-0.07×10⁻³ muts per codon per year,-0.01 muts per year,False,X
hepatitisB,A2,hepatitisB_A2,Core,0.0,0.0,0.0,"[0.0, 0.0]",186,0.0,0.0,0.0,Hepatitis B-A2,Hepadnavirus,#ffd8bc,DNA,"Partially-dsDNA, circular",True,Bodily fluids and blood-borne,Sodium Taurocholate Co-transporting Polypeptide (NTCP),Other,0.0×10⁻³ muts per codon per year,0.0 muts per year,False,Core
hepatitisB,D3,hepatitisB_D3,Polymerase,-0.003792719969516886,-0.11206948862650426,0.11454383287211847,"[-0.11206948862650426, 0.11454383287211847]",833,-0.003159335734607566,-0.09335388402587805,0.09541501278247469,Hepatitis B-D3,Hepadnavirus,#ffe9bc,DNA,"Partially-dsDNA, circular",True,Bodily fluids and blood-borne,Sodium Taurocholate Co-transporting Polypeptide (NTCP),Other,-0.0×10⁻³ muts per codon per year,-0.0 muts per year,polymerase,Polymerase (Polymerase)
hepatitisB,D3,hepatitisB_D3,Large,0.005407616415492349,-0.13126523192584572,0.12781359455724953,"[-0.13126523192584572, 0.12781359455724953]",390,0.0021089704020420164,-0.05119344045107983,0.04984730187732731,Hepatitis B-D3,Hepadnavirus,#ffe9bc,DNA,"Partially-dsDNA, circular",True,Bodily fluids and blood-borne,Sodium Taurocholate Co-transporting Polypeptide (NTCP),Other,0.01×10⁻³ muts per codon per year,0.0 muts per year,receptor_binding,Large (Receptor-Binding)
hepatitisB,D3,hepatitisB_D3,Middle,-0.0482504170194787,-0.1841504692803348,0.13034119052710672,"[-0.1841504692803348, 0.13034119052710672]",282,-0.013606617599492995,-0.05193043233705441,0.0367562157286441,Hepatitis B-D3,Hepadnavirus,#ffe9bc,DNA,"Partially-dsDNA, circular",True,Bodily fluids and blood-borne,Sodium Taurocholate Co-transporting Polypeptide (NTCP),Other,-0.05×10⁻³ muts per codon per year,-0.01 muts per year,False,Middle
hepatitisB,D3,hepatitisB_D3,Small,-0.1339295549290872,-0.3374864839224395,0.0,"[-0.3374864839224395, 0.0]",227,-0.030402008968902793,-0.07660943185039377,0.0,Hepatitis B-D3,Hepadnavirus,#ffe9bc,DNA,"Partially-dsDNA, circular",True,Bodily fluids and blood-borne,Sodium Taurocholate Co-transporting Polypeptide (NTCP),Other,-0.13×10⁻³ muts per codon per year,-0.03 muts per year,False,Small
hepatitisB,D3,hepatitisB_D3,X,-0.13328602118225996,-0.6373969206573082,0.275872704098231,"[-0.6373969206573082, 0.275872704098231]",155,-0.020659333283250293,-0.09879652270188277,0.0427602691352258,Hepatitis B-D3,Hepadnavirus,#ffe9bc,DNA,"Partially-dsDNA, circular",True,Bodily fluids and blood-borne,Sodium Taurocholate Co-transporting Polypeptide (NTCP),Other,-0.13×10⁻³ muts per codon per year,-0.02 muts per year,False,X
hepatitisB,D3,hepatitisB_D3,Core,-0.006054467829814838,-0.01816340348944451,0.0,"[-0.01816340348944451, 0.0]",184,-0.0011140220806859303,-0.0033420662420577904,0.0,Hepatitis B-D3,Hepadnavirus,#ffe9bc,DNA,"Partially-dsDNA, circular",True,Bodily fluids and blood-borne,Sodium Taurocholate Co-transporting Polypeptide (NTCP),Other,-0.01×10⁻³ muts per codon per year,-0.0 muts per year,False,Core
parvovirusB19,,parvovirusB19,NS,0.0,0.0,0.0,"[0.0, 0.0]",672,0.0,0.0,0.0,Parvovirus B19-1A,Parvovirus,#BC0000,DNA,Single-stranded DNA,False,Respiratory,Erythrocyte P antigen (aka glycosphingolipid globoside),N/A,0.0×10⁻³ muts per codon per year,0.0 muts per year,False,NS
parvovirusB19,,parvovirusB19,U7_5kda,0.0,0.0,0.0,"[0.0, 0.0]",75,0.0,0.0,0.0,Parvovirus B19-1A,Parvovirus,#BC0000,DNA,Single-stranded DNA,False,Respiratory,Erythrocyte P antigen (aka glycosphingolipid globoside),N/A,0.0×10⁻³ muts per codon per year,0.0 muts per year,False,U7_5kda
parvovirusB19,,parvovirusB19,VP1,0.0,0.0,0.0,"[0.0, 0.0]",782,0.0,0.0,0.0,Parvovirus B19-1A,Parvovirus,#BC0000,DNA,Single-stranded DNA,False,Respiratory,Erythrocyte P antigen (aka glycosphingolipid globoside),N/A,0.0×10⁻³ muts per codon per year,0.0 muts per year,receptor_binding,VP1 (Receptor-Binding)
parvovirusB19,,parvovirusB19,X,0.0,0.0,0.0,"[0.0, 0.0]",82,0.0,0.0,0.0,Parvovirus B19-1A,Parvovirus,#BC0000,DNA,Single-stranded DNA,False,Respiratory,Erythrocyte P antigen (aka glycosphingolipid globoside),N/A,0.0×10⁻³ muts per codon per year,0.0 muts per year,False,X
parvovirusB19,,parvovirusB19,U11kda,0.0,0.0,0.0,"[0.0, 0.0]",95,0.0,0.0,0.0,Parvovirus B19-1A,Parvovirus,#BC0000,DNA,Single-stranded DNA,False,Respiratory,Erythrocyte P antigen (aka glycosphingolipid globoside),N/A,0.0×10⁻³ muts per codon per year,0.0 muts per year,False,U11kda
parvovirusB19,,parvovirusB19,VP2,0.0,0.0,0.0,"[0.0, 0.0]",555,0.0,0.0,0.0,Parvovirus B19-1A,Parvovirus,#BC0000,DNA,Single-stranded DNA,False,Respiratory,Erythrocyte P antigen (aka glycosphingolipid globoside),N/A,0.0×10⁻³ muts per codon per year,0.0 muts per year,False,VP2
adenovirusB7,,adenovirusB7,E1A,0.0,0.0,0.0,"[0.0, 0.0]",262,0.0,0.0,0.0,Adenovirus B-7,Adenovirus,#ff6633,DNA,Double-stranded DNA,False,Respiratory,,N/A,0.0×10⁻³ muts per codon per year,0.0 muts per year,False,E1A
adenovirusB7,,adenovirusB7,E1B 55K,0.0736384132461311,0.0,0.22091523973839333,"[0.0, 0.22091523973839333]",493,0.03630373773034263,0.0,0.10891121319102791,Adenovirus B-7,Adenovirus,#ff6633,DNA,Double-stranded DNA,False,Respiratory,,N/A,0.07×10⁻³ muts per codon per year,0.04 muts per year,False,E1B 55K
adenovirusB7,,adenovirusB7,IVa2,0.0,0.0,0.0,"[0.0, 0.0]",449,0.0,0.0,0.0,Adenovirus B-7,Adenovirus,#ff6633,DNA,Double-stranded DNA,False,Respiratory,,N/A,0.0×10⁻³ muts per codon per year,0.0 muts per year,False,IVa2
adenovirusB7,,adenovirusB7,Pol,0.0,0.0,0.0,"[0.0, 0.0]",1194,0.0,0.0,0.0,Adenovirus B-7,Adenovirus,#ff6633,DNA,Double-stranded DNA,False,Respiratory,,N/A,0.0×10⁻³ muts per codon per year,0.0 muts per year,polymerase,Pol (Polymerase)
adenovirusB7,,adenovirusB7,pTP,0.0,0.0,0.0,"[0.0, 0.0]",659,0.0,0.0,0.0,Adenovirus B-7,Adenovirus,#ff6633,DNA,Double-stranded DNA,False,Respiratory,,N/A,0.0×10⁻³ muts per codon per year,0.0 muts per year,False,pTP
adenovirusB7,,adenovirusB7,pIIIa,0.0,0.0,0.0,"[0.0, 0.0]",589,0.0,0.0,0.0,Adenovirus B-7,Adenovirus,#ff6633,DNA,Double-stranded DNA,False,Respiratory,,N/A,0.0×10⁻³ muts per codon per year,0.0 muts per year,False,pIIIa
adenovirusB7,,adenovirusB7,Penton,0.08856474907294193,0.0,0.27513048109860294,"[0.0, 0.27513048109860294]",545,0.04826778824475335,0.0,0.1499461121987386,Adenovirus B-7,Adenovirus,#ff6633,DNA,Double-stranded DNA,False,Respiratory,,N/A,0.09×10⁻³ muts per codon per year,0.05 muts per year,False,Penton
adenovirusB7,,adenovirusB7,Hexon,0.03923715832115431,0.0,0.11771147496346294,"[0.0, 0.11771147496346294]",935,0.03668674303027928,0.0,0.11006022909083785,Adenovirus B-7,Adenovirus,#ff6633,DNA,Double-stranded DNA,False,Respiratory,,N/A,0.04×10⁻³ muts per codon per year,0.04 muts per year,False,Hexon
adenovirusB7,,adenovirusB7,Protease,0.0,0.0,0.0,"[0.0, 0.0]",210,0.0,0.0,0.0,Adenovirus B-7,Adenovirus,#ff6633,DNA,Double-stranded DNA,False,Respiratory,,N/A,0.0×10⁻³ muts per codon per year,0.0 muts per year,False,Protease
adenovirusB7,,adenovirusB7,100K,0.07660940546666635,0.0,0.15336532842212422,"[0.0, 0.15336532842212422]",830,0.06358580653733306,0.0,0.1272932225903631,Adenovirus B-7,Adenovirus,#ff6633,DNA,Double-stranded DNA,False,Respiratory,,N/A,0.08×10⁻³ muts per codon per year,0.06 muts per year,False,100K
adenovirusB7,,adenovirusB7,Fiber,0.11313641628903806,0.0,0.39880586741885826,"[0.0, 0.39880586741885826]",326,0.03688247171022641,0.0,0.1300107127785478,Adenovirus B-7,Adenovirus,#ff6633,DNA,Double-stranded DNA,False,Respiratory,,N/A,0.11×10⁻³ muts per codon per year,0.04 muts per year,receptor_binding,Fiber (Receptor-Binding)
adenovirusB3,,adenovirusB3,E1A,0.29595880839192934,0.0,0.6832697055739042,"[0.0, 0.6832697055739042]",262,0.07754120779868548,0.0,0.1790166628603629,Adenovirus B-3,Adenovirus,#ff926e,DNA,Double-stranded DNA,False,Respiratory,,N/A,0.3×10⁻³ muts per codon per year,0.08 muts per year,False,E1A
adenovirusB3,,adenovirusB3,E1B 55K,0.0,0.0,0.0,"[0.0, 0.0]",493,0.0,0.0,0.0,Adenovirus B-3,Adenovirus,#ff926e,DNA,Double-stranded DNA,False,Respiratory,,N/A,0.0×10⁻³ muts per codon per year,0.0 muts per year,False,E1B 55K
adenovirusB3,,adenovirusB3,IVa2,0.059695947144424895,0.0,0.17908784143327464,"[0.0, 0.17908784143327464]",449,0.026803480267846777,0.0,0.08041044080354032,Adenovirus B-3,Adenovirus,#ff926e,DNA,Double-stranded DNA,False,Respiratory,,N/A,0.06×10⁻³ muts per codon per year,0.03 muts per year,False,IVa2
adenovirusB3,,adenovirusB3,Pol,0.061668180032784355,0.01136399577383454,0.1299500839722866,"[0.01136399577383454, 0.1299500839722866]",1194,0.07363180695914452,0.01356861095395844,0.1551604002629102,Adenovirus B-3,Adenovirus,#ff926e,DNA,Double-stranded DNA,False,Respiratory,,N/A,0.06×10⁻³ muts per codon per year,0.07 muts per year,polymerase,Pol (Polymerase)
adenovirusB3,,adenovirusB3,pTP,0.029909450608497794,-0.005826783671710814,0.12768211456120857,"[-0.005826783671710814, 0.12768211456120857]",659,0.019710327951000046,-0.0038398504396574265,0.08414251349583644,Adenovirus B-3,Adenovirus,#ff926e,DNA,Double-stranded DNA,False,Respiratory,,N/A,0.03×10⁻³ muts per codon per year,0.02 muts per year,False,pTP
adenovirusB3,,adenovirusB3,pIIIa,-0.003718929851370722,-0.016167325384093583,0.0,"[-0.016167325384093583, 0.0]",589,-0.002190449682457355,-0.00952255465123112,0.0,Adenovirus B-3,Adenovirus,#ff926e,DNA,Double-stranded DNA,False,Respiratory,,N/A,-0.0×10⁻³ muts per codon per year,-0.0 muts per year,False,pIIIa
adenovirusB3,,adenovirusB3,Penton,0.0491806977391684,0.0,0.1733619595305682,"[0.0, 0.1733619595305682]",545,0.02680348026784678,0.0,0.09448226794415968,Adenovirus B-3,Adenovirus,#ff926e,DNA,Double-stranded DNA,False,Respiratory,,N/A,0.05×10⁻³ muts per codon per year,0.03 muts per year,False,Penton
adenovirusB3,,adenovirusB3,Hexon,0.045674156384175255,0.0,0.11419567921142569,"[0.0, 0.11419567921142569]",935,0.04270533621920386,0.0,0.10677296006268303,Adenovirus B-3,Adenovirus,#ff926e,DNA,Double-stranded DNA,False,Respiratory,,N/A,0.05×10⁻³ muts per codon per year,0.04 muts per year,False,Hexon
adenovirusB3,,adenovirusB3,Protease,0.0,0.0,0.0,"[0.0, 0.0]",210,0.0,0.0,0.0,Adenovirus B-3,Adenovirus,#ff926e,DNA,Double-stranded DNA,False,Respiratory,,N/A,0.0×10⁻³ muts per codon per year,0.0 muts per year,False,Protease
adenovirusB3,,adenovirusB3,100K,0.02883644248553245,0.0,0.08650932745659734,"[0.0, 0.08650932745659734]",830,0.023934247262991933,0.0,0.07180274178897579,Adenovirus B-3,Adenovirus,#ff926e,DNA,Double-stranded DNA,False,Respiratory,,N/A,0.03×10⁻³ muts per codon per year,0.02 muts per year,False,100K
adenovirusB3,,adenovirusB3,Fiber,0.0,0.0,0.0,"[0.0, 0.0]",326,0.0,0.0,0.0,Adenovirus B-3,Adenovirus,#ff926e,DNA,Double-stranded DNA,False,Respiratory,,N/A,0.0×10⁻³ muts per codon per year,0.0 muts per year,receptor_binding,Fiber (Receptor-Binding)
