strain	virus	accession	date	region	country	division	city	db	segment	authors	url	title	journal	paper_url
DENV_4/MT/BR27_TVP17913/2012	dengue	KJ579247	2012-04-12	South America	Brazil	Brazil	Brazil	genbank	genome	Zuchi et al	https://www.ncbi.nlm.nih.gov/nuccore/KJ579247	Introduction and Circulation of Dengue Virus Type 4 in the State of Mato Grosso, Brasil, 2012	Unpublished	?
DENV_4/VE/BID_V1161/2007	dengue	EU854301	2007-XX-XX	South America	Venezuela	Venezuela	Venezuela	genbank	genome	Henn et al	https://www.ncbi.nlm.nih.gov/nuccore/EU854301	Direct Submission	Submitted (25-JUN-2008) Broad Institute of MIT and Harvard, 320 Charles Street, Cambridge, MA 02141, USA	?
UNKNOWN_LQ905249	dengue	LQ905249	?	?	Na	?	?	genbank	genome	SONODA et al	https://www.ncbi.nlm.nih.gov/nuccore/LQ905249	LIVE VIRUS HAVING A BANK OF DENGUE VIRUS ATTENUATED STRAINS, AND A DENGUE VACCINE CONTAINING SAME AS ANTIGENS	Patent: EP 3382012-A1 32 03-OCT-2018; THE CHEMO SERO THERAPEUTIC RES INSTITUTE [JP]	?
DENV_4/US/BID_V2441/1998	dengue	FJ882595	1998-XX-XX	North America	USA	USA	USA	genbank	genome	Henn et al	https://www.ncbi.nlm.nih.gov/nuccore/FJ882595	Direct Submission	Submitted (01-APR-2009) Broad Institute of MIT and Harvard, 320 Charles Street, Cambridge, MA 02141, USA	?
D4/PR/93/DEC_1990	dengue	GU318306	1990-12-XX	?	Na	?	?	genbank	genome	Bennett et al	https://www.ncbi.nlm.nih.gov/nuccore/GU318306	Epidemic dynamics revealed in dengue evolution	Mol. Biol. Evol. 27 (4), 811-818 (2010)	https://www.ncbi.nlm.nih.gov/pubmed/19965886
DENV_4/MT/BR47_TVP17933/2012	dengue	KJ596662	2012-03-23	South America	Brazil	Brazil	Brazil	genbank	genome	Zuchi et al	https://www.ncbi.nlm.nih.gov/nuccore/KJ596662	Introduction and Circulation of Dengue Virus Type 4 in the State of Mato Grosso, Brasil, 2012	Unpublished	?
DENV_4/US/BID_V2435/1996	dengue	GQ199881	1996-XX-XX	North America	USA	USA	USA	genbank	genome	?	?	?	?	?
BR/SJRP/614/2013	dengue	KP188564	2013-01-10	South America	Brazil	Brazil	Brazil	genbank	genome	Vedovello et al	https://www.ncbi.nlm.nih.gov/nuccore/KP188564	Molecular Surveillance of Dengue virus (serotypes 1 to 4) and its several genotypes in a medium size city of southeastern Brazil, during nine epidemics years (2006 to 2014)	Unpublished	?
DENV_4/VE/BID_V1160/2007	dengue	FJ182017	2007-XX-XX	South America	Venezuela	Venezuela	Venezuela	genbank	genome	Henn et al	https://www.ncbi.nlm.nih.gov/nuccore/FJ182017	Direct Submission	Submitted (02-SEP-2008) Broad Institute of MIT and Harvard, 320 Charles Street, Cambridge, MA 02141, USA	?
Haiti/0324/2014	dengue	KT276273	2014-09-08	North America	Haiti	Haiti	Haiti	genbank	genome	Lednicky et al	https://www.ncbi.nlm.nih.gov/nuccore/KT276273	Dengue 4 virus from a Haitian child in 2014	Unpublished	?
JMB_006	dengue	MH823210	2014-XX-XX	Southeast Asia	Indonesia	Indonesia	Indonesia	genbank	genome	Yohan et al	https://www.ncbi.nlm.nih.gov/nuccore/MH823210	Whole genome sequencing of Indonesian dengue virus isolates using next-generation sequencing	Indones J Biotechnol 23 (2), 74-83 (2018)	?
DENV_4/KH/BID_V2058/2008	dengue	KF955513	2008-XX-XX	Southeast Asia	Cambodia	Cambodia	Cambodia	genbank	genome	Zody et al	https://www.ncbi.nlm.nih.gov/nuccore/KF955513	Direct Submission	Submitted (03-DEC-2013) Broad Institute of MIT & Harvard, 7 Cambridge Center, Cambridge, MA 02142, USA	?
ThD4_0734_00	dengue	AY618993	2000-XX-XX	Southeast Asia	Thailand	Thailand	Thailand	genbank	genome	Klungthong et al	https://www.ncbi.nlm.nih.gov/nuccore/AY618993	The molecular epidemiology of dengue virus serotype 4 in Bangkok, Thailand	Virology 329 (1), 168-179 (2004)	https://www.ncbi.nlm.nih.gov/pubmed/15476884
D4/PR/M31/1985	dengue	GU318312	1985-XX-XX	?	Na	?	?	genbank	genome	Bennett et al	https://www.ncbi.nlm.nih.gov/nuccore/GU318312	Epidemic dynamics revealed in dengue evolution	Mol. Biol. Evol. 27 (4), 811-818 (2010)	https://www.ncbi.nlm.nih.gov/pubmed/19965886
INH6412	dengue	JF262781	1995-XX-XX	South America	Venezuela	Venezuela	Venezuela	genbank	genome	Rossi et al	https://www.ncbi.nlm.nih.gov/nuccore/JF262781	Genetic and phenotypic characterization of sylvatic dengue virus type 4 strains	Virology (2011) In press	https://www.ncbi.nlm.nih.gov/pubmed/22178263
DENV_4/US/BID_V2433/1995	dengue	FJ810417	1995-XX-XX	North America	USA	USA	USA	genbank	genome	Henn et al	https://www.ncbi.nlm.nih.gov/nuccore/FJ810417	Direct Submission	Submitted (09-MAR-2009) Broad Institute of MIT and Harvard, 320 Charles Street, Cambridge, MA 02141, USA	?
DENV_4/MT/BR52_TVP17938/2012	dengue	KJ596665	2012-03-20	South America	Brazil	Brazil	Brazil	genbank	genome	Zuchi et al	https://www.ncbi.nlm.nih.gov/nuccore/KJ596665	Introduction and Circulation of Dengue Virus Type 4 in the State of Mato Grosso, Brasil, 2012	Unpublished	?
NC08/200208_409	dengue	JQ915085	2008-02-20	Oceania	New Caledonia	New Caledonia	New Caledonia	genbank	genome	Aubry et al	https://www.ncbi.nlm.nih.gov/nuccore/JQ915085	Epidemiology and genetic evolution of Dengue viruses in the South Pacific island countries	Unpublished	?
DENV_4/TH/BID_V4335/2007	dengue	KF955534	2007-XX-XX	Southeast Asia	Thailand	Thailand	Thailand	genbank	genome	Zody et al	https://www.ncbi.nlm.nih.gov/nuccore/KF955534	Direct Submission	Submitted (03-DEC-2013) Broad Institute of MIT & Harvard, 7 Cambridge Center, Cambridge, MA 02142, USA	?
UNKNOWN_MS631900	dengue	MS631900	?	?	Na	?	?	genbank	genome	GALLINA et al	https://www.ncbi.nlm.nih.gov/nuccore/MS631900	PROCESS FOR PREPARING AN ATTENUATED TETRAVALENT DENGUE VACCINE	Patent: WO 2017041156-A1 4 16-MAR-2017; FUNDACAO BUTANTAN [BR]	?
H774846	dengue	JQ513333	2010-08-24	South America	Brazil	Brazil	Brazil	genbank	genome	Nunes et al	https://www.ncbi.nlm.nih.gov/nuccore/JQ513333	Phylogeography of dengue virus serotype 4, Brazil, 2010-2011	Emerging Infect. Dis. 18 (11), 1858-1864 (2012)	https://www.ncbi.nlm.nih.gov/pubmed/23092706
UNKNOWN_FV537267	dengue	FV537267	?	?	Na	?	?	genbank	genome	?	?	?	?	?
Taiwan_2K0713	dengue	AY776330	2000-07-13	China	Taiwan	Taiwan	Taiwan	genbank	genome	Su et al	https://www.ncbi.nlm.nih.gov/nuccore/AY776330	Genome analysis of dengue virus strains isolated in Taiwan- Identification of recombination in the non-structural gene region in type-2 dengue viruses	Unpublished	?
DENV_4/MT/BR23_TVP17909/2012	dengue	KJ579245	2012-03-30	South America	Brazil	Brazil	Brazil	genbank	genome	Zuchi et al	https://www.ncbi.nlm.nih.gov/nuccore/KJ579245	Introduction and Circulation of Dengue Virus Type 4 in the State of Mato Grosso, Brasil, 2012	Unpublished	?
DENV_4/US/BID_V2432/1995	dengue	GQ252675	1995-XX-XX	North America	USA	USA	USA	genbank	genome	?	?	?	?	?
D4/PR/96/DEC_1990	dengue	GU318308	1990-12-XX	?	Na	?	?	genbank	genome	Bennett et al	https://www.ncbi.nlm.nih.gov/nuccore/GU318308	Epidemic dynamics revealed in dengue evolution	Mol. Biol. Evol. 27 (4), 811-818 (2010)	https://www.ncbi.nlm.nih.gov/pubmed/19965886
D4/PR/94/DEC_1990	dengue	GU318307	1990-12-XX	?	Na	?	?	genbank	genome	Bennett et al	https://www.ncbi.nlm.nih.gov/nuccore/GU318307	Epidemic dynamics revealed in dengue evolution	Mol. Biol. Evol. 27 (4), 811-818 (2010)	https://www.ncbi.nlm.nih.gov/pubmed/19965886
DENV_4/VE/BID_V2612/2007	dengue	KF955523	2007-XX-XX	South America	Venezuela	Venezuela	Venezuela	genbank	genome	Zody et al	https://www.ncbi.nlm.nih.gov/nuccore/KF955523	Direct Submission	Submitted (03-DEC-2013) Broad Institute of MIT & Harvard, 7 Cambridge Center, Cambridge, MA 02142, USA	?
DENV_4/MT/BR12_TVP17898/2012	dengue	KJ579243	2012-03-28	South America	Brazil	Brazil	Brazil	genbank	genome	Zuchi et al	https://www.ncbi.nlm.nih.gov/nuccore/KJ579243	Introduction and Circulation of Dengue Virus Type 4 in the State of Mato Grosso, Brasil, 2012	Unpublished	?
DENV_4/US/BID_V2448/1999	dengue	FJ882601	1999-XX-XX	North America	USA	USA	USA	genbank	genome	Henn et al	https://www.ncbi.nlm.nih.gov/nuccore/FJ882601	Direct Submission	Submitted (01-APR-2009) Broad Institute of MIT and Harvard, 320 Charles Street, Cambridge, MA 02141, USA	?
D4/Hu/India/NIID48/2009	dengue	LC069810	2015-XX-XX	Japan Korea	Japan	Japan	Japan	genbank	genome	Kato et al	https://www.ncbi.nlm.nih.gov/nuccore/LC069810	analysis of Dengue virus serotype 4 infection in bonnet monkey	Unpublished	?
PF09/080409_93	dengue	JQ915083	2009-04-08	Oceania	French Polynesia	French Polynesia	French Polynesia	genbank	genome	Aubry et al	https://www.ncbi.nlm.nih.gov/nuccore/JQ915083	Epidemiology and genetic evolution of Dengue viruses in the South Pacific island countries	Unpublished	?
DENV_4/MT/BR55_TVP17941/2012	dengue	KJ596667	2012-03-14	South America	Brazil	Brazil	Brazil	genbank	genome	Zuchi et al	https://www.ncbi.nlm.nih.gov/nuccore/KJ596667	Introduction and Circulation of Dengue Virus Type 4 in the State of Mato Grosso, Brasil, 2012	Unpublished	?
DENV4_61120	dengue	KU509288	2010-XX-XX	Southeast Asia	Indonesia	Indonesia	Indonesia	genbank	genome	?	?	?	?	?
SW36i	dengue	AY858049	?	Southeast Asia	Indonesia	Indonesia	Indonesia	genbank	genome	Suwandono et al	https://www.ncbi.nlm.nih.gov/nuccore/AY858049	Genetic changes in the pre-membrane (prM) and envelope (E) genes of Indonesian dengue 3 viruses isolated from outbreaks of increasing severity, Abstract #2102	(in) ? (Ed.); 53RD AMERICAN SOCIETY OF TROPICAL MEDICINE AND HYGIENE (ASTMH) MEETING; (2004)	?
DENV_4/US/BID_V2445/1998	dengue	FJ882598	1998-XX-XX	North America	USA	USA	USA	genbank	genome	Henn et al	https://www.ncbi.nlm.nih.gov/nuccore/FJ882598	Direct Submission	Submitted (01-APR-2009) Broad Institute of MIT and Harvard, 320 Charles Street, Cambridge, MA 02141, USA	?
NC09/050209_1413	dengue	JQ915086	2009-02-05	Oceania	New Caledonia	New Caledonia	New Caledonia	genbank	genome	Aubry et al	https://www.ncbi.nlm.nih.gov/nuccore/JQ915086	Epidemiology and genetic evolution of Dengue viruses in the South Pacific island countries	Unpublished	?
ThD4_0476_97	dengue	AY618988	1997-XX-XX	Southeast Asia	Thailand	Thailand	Thailand	genbank	genome	Klungthong et al	https://www.ncbi.nlm.nih.gov/nuccore/AY618988	The molecular epidemiology of dengue virus serotype 4 in Bangkok, Thailand	Virology 329 (1), 168-179 (2004)	https://www.ncbi.nlm.nih.gov/pubmed/15476884
MKS_2007	dengue	KC762698	2008-04-30	Southeast Asia	Indonesia	Indonesia	Indonesia	genbank	genome	Sasmono et al	https://www.ncbi.nlm.nih.gov/nuccore/KC762698	Genomic analysis and growth characteristic of dengue viruses from Makassar, Indonesia	Infect. Genet. Evol. 32, 165-177 (2015)	https://www.ncbi.nlm.nih.gov/pubmed/25784569
SG_EHI_D4/04645Y16	dengue	KY921910	2016-01-XX	Southeast Asia	Singapore	Singapore	Singapore	genbank	genome	Hapuarachchi et al	https://www.ncbi.nlm.nih.gov/nuccore/KY921910	Dengue virus diversity in Singapore	Unpublished	?
DENV_4/KH/BID_V2057/2007	dengue	KF955512	2007-XX-XX	Southeast Asia	Cambodia	Cambodia	Cambodia	genbank	genome	Zody et al	https://www.ncbi.nlm.nih.gov/nuccore/KF955512	Direct Submission	Submitted (03-DEC-2013) Broad Institute of MIT & Harvard, 7 Cambridge Center, Cambridge, MA 02142, USA	?
BR/SJRP/514/2012	dengue	KP188560	2012-04-02	South America	Brazil	Brazil	Brazil	genbank	genome	?	?	?	?	?
DENV_4/US/BID_V860/1994	dengue	FJ226067	1994-XX-XX	North America	USA	USA	USA	genbank	genome	Henn et al	https://www.ncbi.nlm.nih.gov/nuccore/FJ226067	Direct Submission	Submitted (17-SEP-2008) Broad Institute of MIT and Harvard, 320 Charles Street, Cambridge, MA 02141, USA	?
GZ18XN11706	dengue	MK614093	2018-05-03	China	China	China	China	genbank	genome	Su et al	https://www.ncbi.nlm.nih.gov/nuccore/MK614093	Molecular characterization and phylogenetic analysis of dengue virus serotype 4 in Guangzhou City, 2018	Unpublished	?
DENV_4/CO/BID_V3412/2005	dengue	GQ868585	2005-XX-XX	South America	Colombia	Colombia	Colombia	genbank	genome	Henn et al	https://www.ncbi.nlm.nih.gov/nuccore/GQ868585	Direct Submission	Submitted (03-SEP-2009) Broad Institute of MIT and Harvard, 320 Charles Street, Cambridge, MA 02141, USA	?
PF09/290109_69	dengue	JQ915081	2009-01-29	Oceania	French Polynesia	French Polynesia	French Polynesia	genbank	genome	Aubry et al	https://www.ncbi.nlm.nih.gov/nuccore/JQ915081	Epidemiology and genetic evolution of Dengue viruses in the South Pacific island countries	Unpublished	?
H775222	dengue	JQ513334	2010-11-10	South America	Brazil	Brazil	Brazil	genbank	genome	Nunes et al	https://www.ncbi.nlm.nih.gov/nuccore/JQ513334	Phylogeography of dengue virus serotype 4, Brazil, 2010-2011	Emerging Infect. Dis. 18 (11), 1858-1864 (2012)	https://www.ncbi.nlm.nih.gov/pubmed/23092706
BR/SJRP/500/2012	dengue	KP188557	2012-03-09	South America	Brazil	Brazil	Brazil	genbank	genome	Vedovello et al	https://www.ncbi.nlm.nih.gov/nuccore/KP188557	Molecular Surveillance of Dengue virus (serotypes 1 to 4) and its several genotypes in a medium size city of southeastern Brazil, during nine epidemics years (2006 to 2014)	Unpublished	?
UNKNOWN_LX250391	dengue	LX250391	?	?	Na	?	?	genbank	genome	Takagi et al	https://www.ncbi.nlm.nih.gov/nuccore/LX250391	Banked live viruses from attenuated dengue strains, and dengue vaccine using thereof as antigen	Patent: WO 2017090762-A 4 01-JUN-2017; The Chemo-Sero-Therapeutic Research Institute	?
GZ30	dengue	JQ822247	2010-XX-XX	China	China	China	China	genbank	genome	Zhao et al	https://www.ncbi.nlm.nih.gov/nuccore/JQ822247	Complete genome sequence of a Dengue virus serotype 4 strain isolated in Guangdong, China	J. Virol. 86 (12), 7021-7022 (2012)	https://www.ncbi.nlm.nih.gov/pubmed/22628403
2A	dengue	AF375822	?	?	Na	?	?	genbank	genome	Blaney et al	https://www.ncbi.nlm.nih.gov/nuccore/AF375822	Chemical mutagenesis of dengue virus type 4 yields mutant viruses which are temperature sensitive in vero cells or human liver cells and attenuated in mice	J. Virol. 75 (20), 9731-9740 (2001)	https://www.ncbi.nlm.nih.gov/pubmed/11559806
D4/IND/PUNE/IRSHA_FG_02_S_41_	dengue	MG272273	2016-XX-XX	South Asia	India	India	India	genbank	genome	Shrivastava et al	https://www.ncbi.nlm.nih.gov/nuccore/MG272273	Co-circulation of all the four dengue virus serotypes and detection of a novel clade of DENV-4 (genotype I) virus in Pune, India during 2016 season	PLoS ONE 13 (2), e0192672 (2018)	https://www.ncbi.nlm.nih.gov/pubmed/29470509
rDEN4	dengue	NC_002640	?	?	Na	?	?	genbank	genome	Durbin et al	https://www.ncbi.nlm.nih.gov/nuccore/NC_002640	A live attenuated dengue virus type 4 vaccine candidate with a 30 nucleotide deletion in the 3' untranslated region is highly attenuated and immunogenic in humans	Unpublished	?
DENV_4/VE/BID_V2172/1999	dengue	FJ639744	1999-XX-XX	South America	Venezuela	Venezuela	Venezuela	genbank	genome	Henn et al	https://www.ncbi.nlm.nih.gov/nuccore/FJ639744	Direct Submission	Submitted (15-JAN-2009) Broad Institute of MIT and Harvard, 320 Charles Street, Cambridge, MA 02141, USA	?
DENV_4/US/BID_V2446/1999	dengue	FJ882599	1999-XX-XX	North America	USA	USA	USA	genbank	genome	Henn et al	https://www.ncbi.nlm.nih.gov/nuccore/FJ882599	Direct Submission	Submitted (01-APR-2009) Broad Institute of MIT and Harvard, 320 Charles Street, Cambridge, MA 02141, USA	?
DENV_4/TH/BID_V4327/2005	dengue	KF955518	2005-XX-XX	Southeast Asia	Thailand	Thailand	Thailand	genbank	genome	Zody et al	https://www.ncbi.nlm.nih.gov/nuccore/KF955518	Direct Submission	Submitted (03-DEC-2013) Broad Institute of MIT & Harvard, 7 Cambridge Center, Cambridge, MA 02142, USA	?
DENV_4/TH/BID_V4334/2006	dengue	KF955533	2006-XX-XX	Southeast Asia	Thailand	Thailand	Thailand	genbank	genome	Zody et al	https://www.ncbi.nlm.nih.gov/nuccore/KF955533	Direct Submission	Submitted (03-DEC-2013) Broad Institute of MIT & Harvard, 7 Cambridge Center, Cambridge, MA 02142, USA	?
UNKNOWN_FV537268	dengue	FV537268	?	?	Na	?	?	genbank	genome	?	?	?	?	?
Th16_037DV4	dengue	LC410200	2016-11-XX	Southeast Asia	Thailand	Thailand	Thailand	genbank	genome	Phadungsombat et al	https://www.ncbi.nlm.nih.gov/nuccore/LC410200	Emergence of genotype Cosmopolitan of dengue virus type 2 and genotype III of dengue virus type 3 in Thailand	PLoS ONE (2018) In press	?
SG_EHI_D4/2641Y08	dengue	HQ875339	2008-XX-XX	Southeast Asia	Singapore	Singapore	Singapore	genbank	genome	Lo et al	https://www.ncbi.nlm.nih.gov/nuccore/HQ875339	Complete genomic sequences of Dengue viruses in Singapore	Unpublished	?
DENV_4/MT/BR94_TVP17971/2012	dengue	KJ596674	2012-02-16	South America	Brazil	Brazil	Brazil	genbank	genome	Zuchi et al	https://www.ncbi.nlm.nih.gov/nuccore/KJ596674	Introduction and Circulation of Dengue Virus Type 4 in the State of Mato Grosso, Brasil, 2012	Unpublished	?
V341750	dengue	GU289913	1982-XX-XX	South America	Colombia	Colombia	Colombia	genbank	genome	Kelly et al	https://www.ncbi.nlm.nih.gov/nuccore/GU289913	Identification of mutations in a candidate dengue 4 vaccine strain 341750 PDK20 and construction of a full-length cDNA clone of the PDK20 vaccine candidate	Vaccine 28 (17), 3030-3037 (2010)	https://www.ncbi.nlm.nih.gov/pubmed/19874927
H780556	dengue	JQ513342	2011-01-29	South America	Brazil	Brazil	Brazil	genbank	genome	Nunes et al	https://www.ncbi.nlm.nih.gov/nuccore/JQ513342	Phylogeography of dengue virus serotype 4, Brazil, 2010-2011	Emerging Infect. Dis. 18 (11), 1858-1864 (2012)	https://www.ncbi.nlm.nih.gov/pubmed/23092706
H781363	dengue	JQ513345	2011-03-18	South America	Brazil	Brazil	Brazil	genbank	genome	Nunes et al	https://www.ncbi.nlm.nih.gov/nuccore/JQ513345	Phylogeography of dengue virus serotype 4, Brazil, 2010-2011	Emerging Infect. Dis. 18 (11), 1858-1864 (2012)	https://www.ncbi.nlm.nih.gov/pubmed/23092706
GZ18XN17096	dengue	MK614090	2018-06-28	China	China	China	China	genbank	genome	Su et al	https://www.ncbi.nlm.nih.gov/nuccore/MK614090	Molecular characterization and phylogenetic analysis of dengue virus serotype 4 in Guangzhou City, 2018	Unpublished	?
H778887	dengue	JQ513337	2011-01-20	South America	Brazil	Brazil	Brazil	genbank	genome	Nunes et al	https://www.ncbi.nlm.nih.gov/nuccore/JQ513337	Phylogeography of dengue virus serotype 4, Brazil, 2010-2011	Emerging Infect. Dis. 18 (11), 1858-1864 (2012)	https://www.ncbi.nlm.nih.gov/pubmed/23092706
DENV_4/VE/BID_V1157/2007	dengue	EU854299	2007-XX-XX	South America	Venezuela	Venezuela	Venezuela	genbank	genome	Henn et al	https://www.ncbi.nlm.nih.gov/nuccore/EU854299	Direct Submission	Submitted (25-JUN-2008) Broad Institute of MIT and Harvard, 320 Charles Street, Cambridge, MA 02141, USA	?
DENV_4/CO/BID_V1600/1997	dengue	FJ024476	1997-XX-XX	South America	Colombia	Colombia	Colombia	genbank	genome	Henn et al	https://www.ncbi.nlm.nih.gov/nuccore/FJ024476	Direct Submission	Submitted (08-AUG-2008) Broad Institute of MIT and Harvard, 320 Charles Street, Cambridge, MA 02141, USA	?
EHI310A129SY10	dengue	JX024758	2010-12-XX	Southeast Asia	Singapore	Singapore	Singapore	genbank	genome	Hapuarachchi et al	https://www.ncbi.nlm.nih.gov/nuccore/JX024758	Clinico-genetic characterisation of an encephalitic Dengue virus 4 associated with multi-organ involvement	J. Clin. Virol. 57 (1), 91-94 (2013)	https://www.ncbi.nlm.nih.gov/pubmed/23415634
P75_215	dengue	EF457906	1975-XX-XX	Southeast Asia	Malaysia	Malaysia	Malaysia	genbank	genome	Vasilakis et al	https://www.ncbi.nlm.nih.gov/nuccore/EF457906	Evolutionary Processes among Sylvatic Dengue Type 2 Viruses	J. Virol. 81 (17), 9591-9595 (2007)	https://www.ncbi.nlm.nih.gov/pubmed/17553878
H780090	dengue	JQ513340	2010-11-29	South America	Brazil	Brazil	Brazil	genbank	genome	Nunes et al	https://www.ncbi.nlm.nih.gov/nuccore/JQ513340	Phylogeography of dengue virus serotype 4, Brazil, 2010-2011	Emerging Infect. Dis. 18 (11), 1858-1864 (2012)	https://www.ncbi.nlm.nih.gov/pubmed/23092706
DENV_4/VE/BID_V2170/1999	dengue	FJ639742	1999-XX-XX	South America	Venezuela	Venezuela	Venezuela	genbank	genome	Henn et al	https://www.ncbi.nlm.nih.gov/nuccore/FJ639742	Direct Submission	Submitted (15-JAN-2009) Broad Institute of MIT and Harvard, 320 Charles Street, Cambridge, MA 02141, USA	?
UOH_23916	dengue	KX845005	2015-XX-XX	South Asia	India	India	India	genbank	genome	?	?	?	?	?
EHI310A129CY10	dengue	JX024757	2010-12-XX	Southeast Asia	Singapore	Singapore	Singapore	genbank	genome	Hapuarachchi et al	https://www.ncbi.nlm.nih.gov/nuccore/JX024757	Clinico-genetic characterisation of an encephalitic Dengue virus 4 associated with multi-organ involvement	J. Clin. Virol. 57 (1), 91-94 (2013)	https://www.ncbi.nlm.nih.gov/pubmed/23415634
MKS_0252	dengue	KC762696	2007-08-13	Southeast Asia	Indonesia	Indonesia	Indonesia	genbank	genome	Sasmono et al	https://www.ncbi.nlm.nih.gov/nuccore/KC762696	Genomic analysis and growth characteristic of dengue viruses from Makassar, Indonesia	Infect. Genet. Evol. 32, 165-177 (2015)	https://www.ncbi.nlm.nih.gov/pubmed/25784569
D4/PR/M33/1985	dengue	GU318314	1985-XX-XX	?	Na	?	?	genbank	genome	Bennett et al	https://www.ncbi.nlm.nih.gov/nuccore/GU318314	Epidemic dynamics revealed in dengue evolution	Mol. Biol. Evol. 27 (4), 811-818 (2010)	https://www.ncbi.nlm.nih.gov/pubmed/19965886
DENV_4/China/YN/15DGR35_2015_	dengue	KY672958	2015-06-27	China	China	China	China	genbank	genome	Hu et al	https://www.ncbi.nlm.nih.gov/nuccore/KY672958	Molecular characteristics of the full-length genome of dengue serotype 4 virus strains isolated from dengue fever cases and their epidemiological feature in southwestern border region of Yunnan province	Unpublished	?
DENV_4/VE/BID_V1156/2007	dengue	GQ868645	2007-XX-XX	South America	Venezuela	Venezuela	Venezuela	genbank	genome	Henn et al	https://www.ncbi.nlm.nih.gov/nuccore/GQ868645	Direct Submission	Submitted (03-SEP-2009) Broad Institute of MIT and Harvard, 320 Charles Street, Cambridge, MA 02141, USA	?
DENV_4/MT/BR24_TVP17910/2012	dengue	KJ579246	2012-04-19	South America	Brazil	Brazil	Brazil	genbank	genome	Zuchi et al	https://www.ncbi.nlm.nih.gov/nuccore/KJ579246	Introduction and Circulation of Dengue Virus Type 4 in the State of Mato Grosso, Brasil, 2012	Unpublished	?
DENV_4/VE/BID_V2498/2007	dengue	FJ882589	2007-XX-XX	South America	Venezuela	Venezuela	Venezuela	genbank	genome	Henn et al	https://www.ncbi.nlm.nih.gov/nuccore/FJ882589	Direct Submission	Submitted (01-APR-2009) Broad Institute of MIT and Harvard, 320 Charles Street, Cambridge, MA 02141, USA	?
DENV_4/VE/BID_V1155/2007	dengue	GQ868644	2007-XX-XX	South America	Venezuela	Venezuela	Venezuela	genbank	genome	Henn et al	https://www.ncbi.nlm.nih.gov/nuccore/GQ868644	Direct Submission	Submitted (03-SEP-2009) Broad Institute of MIT and Harvard, 320 Charles Street, Cambridge, MA 02141, USA	?
DENV_4/VE/BID_V2495/2007	dengue	FJ882586	2007-XX-XX	South America	Venezuela	Venezuela	Venezuela	genbank	genome	Henn et al	https://www.ncbi.nlm.nih.gov/nuccore/FJ882586	Direct Submission	Submitted (01-APR-2009) Broad Institute of MIT and Harvard, 320 Charles Street, Cambridge, MA 02141, USA	?
DENV_4/VE/BID_V2499/2007	dengue	FJ882590	2007-XX-XX	South America	Venezuela	Venezuela	Venezuela	genbank	genome	Henn et al	https://www.ncbi.nlm.nih.gov/nuccore/FJ882590	Direct Submission	Submitted (01-APR-2009) Broad Institute of MIT and Harvard, 320 Charles Street, Cambridge, MA 02141, USA	?
D4/PR/M34/1985	dengue	GU318315	1985-XX-XX	?	Na	?	?	genbank	genome	Bennett et al	https://www.ncbi.nlm.nih.gov/nuccore/GU318315	Epidemic dynamics revealed in dengue evolution	Mol. Biol. Evol. 27 (4), 811-818 (2010)	https://www.ncbi.nlm.nih.gov/pubmed/19965886
UNKNOWN_FV537266	dengue	FV537266	?	?	Na	?	?	genbank	genome	?	?	?	?	?
Haiti73	dengue	JF262782	1994-XX-XX	North America	Haiti	Haiti	Haiti	genbank	genome	Rossi et al	https://www.ncbi.nlm.nih.gov/nuccore/JF262782	Genetic and phenotypic characterization of sylvatic dengue virus type 4 strains	Virology (2011) In press	https://www.ncbi.nlm.nih.gov/pubmed/22178263
DENV_4/MT/BR48_TVP17934/2012	dengue	KJ596663	2012-03-21	South America	Brazil	Brazil	Brazil	genbank	genome	Zuchi et al	https://www.ncbi.nlm.nih.gov/nuccore/KJ596663	Introduction and Circulation of Dengue Virus Type 4 in the State of Mato Grosso, Brasil, 2012	Unpublished	?
MRS_6169642904/2014	dengue	KP140942	2014-09-11	North America	Haiti	Haiti	Haiti	genbank	genome	Baronti et al	https://www.ncbi.nlm.nih.gov/nuccore/KP140942	Direct Submission	Submitted (13-NOV-2014) UMR190-Unite des Virus Emergents, IRD, 27 Bd Jean Moulin, Marseille, Bouches du Rhone 13005, France	?
DENV_4/MT/BR76_TVP17953/2012	dengue	KJ596670	2012-04-19	South America	Brazil	Brazil	Brazil	genbank	genome	Zuchi et al	https://www.ncbi.nlm.nih.gov/nuccore/KJ596670	Introduction and Circulation of Dengue Virus Type 4 in the State of Mato Grosso, Brasil, 2012	Unpublished	?
UNKNOWN_M14931	dengue	M14931	?	?	Na	?	?	genbank	genome	Zhao et al	https://www.ncbi.nlm.nih.gov/nuccore/M14931	Cloning full-length dengue type 4 viral DNA sequences: analysis of genes coding for structural proteins	Virology 155 (1), 77-88 (1986)	https://www.ncbi.nlm.nih.gov/pubmed/3022479
DENV_4/US/BID_V1082/1998	dengue	FJ024424	1998-XX-XX	North America	USA	USA	USA	genbank	genome	Henn et al	https://www.ncbi.nlm.nih.gov/nuccore/FJ024424	Direct Submission	Submitted (08-AUG-2008) Broad Institute of MIT and Harvard, 320 Charles Street, Cambridge, MA 02141, USA	?
DENV_4/US/BID_V2439/1996	dengue	GQ199885	1996-XX-XX	North America	USA	USA	USA	genbank	genome	?	?	?	?	?
PNG_2016a	dengue	MH382789	2016-XX-XX	Oceania	Papua New Guinea	Papua New Guinea	Papua New Guinea	genbank	genome	Pyke et al	https://www.ncbi.nlm.nih.gov/nuccore/MH382789	First Reported Complete Genome Sequence of a Dengue Virus Serotype 4 Strain from Papua New Guinea	Microbiol Resour Announc 7 (12), e01082-18 (2018)	?
BR/SJRP/580/2012	dengue	KP188562	2012-12-10	South America	Brazil	Brazil	Brazil	genbank	genome	Vedovello et al	https://www.ncbi.nlm.nih.gov/nuccore/KP188562	Molecular Surveillance of Dengue virus (serotypes 1 to 4) and its several genotypes in a medium size city of southeastern Brazil, during nine epidemics years (2006 to 2014)	Unpublished	?
DENV_4/TH/BID_V4331/2006	dengue	KF955522	2006-XX-XX	Southeast Asia	Thailand	Thailand	Thailand	genbank	genome	Zody et al	https://www.ncbi.nlm.nih.gov/nuccore/KF955522	Direct Submission	Submitted (03-DEC-2013) Broad Institute of MIT & Harvard, 7 Cambridge Center, Cambridge, MA 02142, USA	?
H772852	dengue	JQ513331	2010-07-18	South America	Brazil	Brazil	Brazil	genbank	genome	Nunes et al	https://www.ncbi.nlm.nih.gov/nuccore/JQ513331	Phylogeography of dengue virus serotype 4, Brazil, 2010-2011	Emerging Infect. Dis. 18 (11), 1858-1864 (2012)	https://www.ncbi.nlm.nih.gov/pubmed/23092706
DENV_4/TH/BID_V4332/2006	dengue	KF955531	2006-XX-XX	Southeast Asia	Thailand	Thailand	Thailand	genbank	genome	Zody et al	https://www.ncbi.nlm.nih.gov/nuccore/KF955531	Direct Submission	Submitted (03-DEC-2013) Broad Institute of MIT & Harvard, 7 Cambridge Center, Cambridge, MA 02142, USA	?
D4/PR/107/NOV_1990	dengue	GU318310	1990-11-XX	?	Na	?	?	genbank	genome	Bennett et al	https://www.ncbi.nlm.nih.gov/nuccore/GU318310	Epidemic dynamics revealed in dengue evolution	Mol. Biol. Evol. 27 (4), 811-818 (2010)	https://www.ncbi.nlm.nih.gov/pubmed/19965886
Th16_006DV4	dengue	LC410197	2016-09-XX	Southeast Asia	Thailand	Thailand	Thailand	genbank	genome	Phadungsombat et al	https://www.ncbi.nlm.nih.gov/nuccore/LC410197	Emergence of genotype Cosmopolitan of dengue virus type 2 and genotype III of dengue virus type 3 in Thailand	PLoS ONE (2018) In press	?
ThD4_0348_91	dengue	AY618990	1991-XX-XX	Southeast Asia	Thailand	Thailand	Thailand	genbank	genome	Klungthong et al	https://www.ncbi.nlm.nih.gov/nuccore/AY618990	The molecular epidemiology of dengue virus serotype 4 in Bangkok, Thailand	Virology 329 (1), 168-179 (2004)	https://www.ncbi.nlm.nih.gov/pubmed/15476884
UNKNOWN_LY590183	dengue	LY590183	?	?	Na	?	?	genbank	genome	?	?	?	?	?
DSS_patient	dengue	JN638572	2008-XX-XX	Southeast Asia	Cambodia	Cambodia	Cambodia	genbank	genome	Tuiskunen et al	https://www.ncbi.nlm.nih.gov/nuccore/JN638572	Phenotypic and genotypic characterization of patient Dengue virus isolates of serotype 2, 3, and 4	Unpublished	?
00151_P	dengue	KY474335	2014-XX-XX	South America	Ecuador	Ecuador	Ecuador	genbank	genome	Stewart-Ibarra et al	https://www.ncbi.nlm.nih.gov/nuccore/KY474335	The high burden of dengue and chikungunya in southern coastal Ecuador: Epidemiology, clinical presentation, and phylogenetics from a prospective study in Machala in 2014-2015	Unpublished	?
GD09/90	dengue	FJ196850	1990-XX-XX	China	China	China	China	genbank	genome	Wu et al	https://www.ncbi.nlm.nih.gov/nuccore/FJ196850	Molecular epidemiology of dengue viruses in southern China from 1978 to 2006	Virol. J. 8 (1), 322 (2011)	https://www.ncbi.nlm.nih.gov/pubmed/21703015
DENV_4/VE/BID_V1159/2007	dengue	EU854300	2007-XX-XX	South America	Venezuela	Venezuela	Venezuela	genbank	genome	Henn et al	https://www.ncbi.nlm.nih.gov/nuccore/EU854300	Direct Submission	Submitted (25-JUN-2008) Broad Institute of MIT and Harvard, 320 Charles Street, Cambridge, MA 02141, USA	?
UNKNOWN_LX250395	dengue	LX250395	?	?	Na	?	?	genbank	genome	Takagi et al	https://www.ncbi.nlm.nih.gov/nuccore/LX250395	Banked live viruses from attenuated dengue strains, and dengue vaccine using thereof as antigen	Patent: WO 2017090762-A 8 01-JUN-2017; The Chemo-Sero-Therapeutic Research Institute	?
DENV_4/VE/BID_V2165/1998	dengue	FJ639738	1998-XX-XX	South America	Venezuela	Venezuela	Venezuela	genbank	genome	Henn et al	https://www.ncbi.nlm.nih.gov/nuccore/FJ639738	Direct Submission	Submitted (15-JAN-2009) Broad Institute of MIT and Harvard, 320 Charles Street, Cambridge, MA 02141, USA	?
DENV_4/KH/BID_V4323/2008	dengue	KF955530	2008-XX-XX	Southeast Asia	Cambodia	Cambodia	Cambodia	genbank	genome	Zody et al	https://www.ncbi.nlm.nih.gov/nuccore/KF955530	Direct Submission	Submitted (03-DEC-2013) Broad Institute of MIT & Harvard, 7 Cambridge Center, Cambridge, MA 02142, USA	?
DENV_4/KH/BID_V2055/2002	dengue	KF955510	2002-XX-XX	Southeast Asia	Cambodia	Cambodia	Cambodia	genbank	genome	Zody et al	https://www.ncbi.nlm.nih.gov/nuccore/KF955510	Direct Submission	Submitted (03-DEC-2013) Broad Institute of MIT & Harvard, 7 Cambridge Center, Cambridge, MA 02142, USA	?
DENV_4/VE/BID_V2497/2007	dengue	FJ882588	2007-XX-XX	South America	Venezuela	Venezuela	Venezuela	genbank	genome	Henn et al	https://www.ncbi.nlm.nih.gov/nuccore/FJ882588	Direct Submission	Submitted (01-APR-2009) Broad Institute of MIT and Harvard, 320 Charles Street, Cambridge, MA 02141, USA	?
DENV_4/VE/BID_V1152/390835	dengue	KF955509	?	South America	Venezuela	Venezuela	Venezuela	genbank	genome	Zody et al	https://www.ncbi.nlm.nih.gov/nuccore/KF955509	Direct Submission	Submitted (03-DEC-2013) Broad Institute of MIT & Harvard, 7 Cambridge Center, Cambridge, MA 02142, USA	?
PH_CN08_14	dengue	KU523871	2014-02-13	Southeast Asia	Philippines	Philippines	Philippines	genbank	genome	Wang et al	https://www.ncbi.nlm.nih.gov/nuccore/KU523871	Complete Genome Sequencing of Dengue Virus Type 4	Unpublished	?
DENV_4/MT/BR9_TVP17895/2012	dengue	KJ579242	2012-04-18	South America	Brazil	Brazil	Brazil	genbank	genome	Zuchi et al	https://www.ncbi.nlm.nih.gov/nuccore/KJ579242	Introduction and Circulation of Dengue Virus Type 4 in the State of Mato Grosso, Brasil, 2012	Unpublished	?
NC09/020409_9266	dengue	JQ915088	2009-04-02	Oceania	New Caledonia	New Caledonia	New Caledonia	genbank	genome	Aubry et al	https://www.ncbi.nlm.nih.gov/nuccore/JQ915088	Epidemiology and genetic evolution of Dengue viruses in the South Pacific island countries	Unpublished	?
DENV_4/MT/BR44_TVP17930/2012	dengue	KJ596661	2012-04-05	South America	Brazil	Brazil	Brazil	genbank	genome	Zuchi et al	https://www.ncbi.nlm.nih.gov/nuccore/KJ596661	Introduction and Circulation of Dengue Virus Type 4 in the State of Mato Grosso, Brasil, 2012	Unpublished	?
DENV_4/VE/BID_V2493/2007	dengue	FJ882584	2007-XX-XX	South America	Venezuela	Venezuela	Venezuela	genbank	genome	Henn et al	https://www.ncbi.nlm.nih.gov/nuccore/FJ882584	Direct Submission	Submitted (01-APR-2009) Broad Institute of MIT and Harvard, 320 Charles Street, Cambridge, MA 02141, USA	?
INDIA_G11337	dengue	JF262783	1961-XX-XX	South Asia	India	India	India	genbank	genome	Rossi et al	https://www.ncbi.nlm.nih.gov/nuccore/JF262783	Genetic and phenotypic characterization of sylvatic dengue virus type 4 strains	Virology (2011) In press	https://www.ncbi.nlm.nih.gov/pubmed/22178263
CNR_16861	dengue	MH888334	2013-01-04	Southeast Asia	Malaysia	Malaysia	Malaysia	genbank	genome	Touret et al	https://www.ncbi.nlm.nih.gov/nuccore/MH888334	Extended dengue virus panel for antiviral coumpound studies	Unpublished	?
DENV_4/US/BID_V2443/1998	dengue	FJ850059	1998-XX-XX	North America	USA	USA	USA	genbank	genome	Henn et al	https://www.ncbi.nlm.nih.gov/nuccore/FJ850059	Direct Submission	Submitted (19-MAR-2009) Broad Institute of MIT and Harvard, 320 Charles Street, Cambridge, MA 02141, USA	?
DENV_4/US/BID_V1093/1998	dengue	EU854296	1998-XX-XX	North America	USA	USA	USA	genbank	genome	Henn et al	https://www.ncbi.nlm.nih.gov/nuccore/EU854296	Direct Submission	Submitted (25-JUN-2008) Broad Institute of MIT and Harvard, 320 Charles Street, Cambridge, MA 02141, USA	?
DENV_4/CO/BID_V3410/2004	dengue	GQ868583	2004-XX-XX	South America	Colombia	Colombia	Colombia	genbank	genome	?	?	?	?	?
DENV_4/MT/BR92_TVP17969/2012	dengue	KJ596673	2012-02-29	South America	Brazil	Brazil	Brazil	genbank	genome	Zuchi et al	https://www.ncbi.nlm.nih.gov/nuccore/KJ596673	Introduction and Circulation of Dengue Virus Type 4 in the State of Mato Grosso, Brasil, 2012	Unpublished	?
VIROAF8	dengue	KM190936	2006-05-26	Southeast Asia	Thailand	Thailand	Thailand	genbank	genome	Rutvisuttinunt et al	https://www.ncbi.nlm.nih.gov/nuccore/KM190936	A practical approach for molecular epidemiological studies: assortment of viral pathogens in simulated isolate admixture	Unpublished	?
DENV_4/VE/BID_V2494/2007	dengue	FJ882585	2007-XX-XX	South America	Venezuela	Venezuela	Venezuela	genbank	genome	Henn et al	https://www.ncbi.nlm.nih.gov/nuccore/FJ882585	Direct Submission	Submitted (01-APR-2009) Broad Institute of MIT and Harvard, 320 Charles Street, Cambridge, MA 02141, USA	?
H779652	dengue	JQ513339	2011-01-24	South America	Brazil	Brazil	Brazil	genbank	genome	Nunes et al	https://www.ncbi.nlm.nih.gov/nuccore/JQ513339	Phylogeography of dengue virus serotype 4, Brazil, 2010-2011	Emerging Infect. Dis. 18 (11), 1858-1864 (2012)	https://www.ncbi.nlm.nih.gov/pubmed/23092706
TVP/360	dengue	KU513442	?	?	Na	?	?	genbank	genome	?	?	?	?	?
DENV_4/VE/BID_V2163/1998	dengue	FJ639736	1998-XX-XX	South America	Venezuela	Venezuela	Venezuela	genbank	genome	Henn et al	https://www.ncbi.nlm.nih.gov/nuccore/FJ639736	Direct Submission	Submitted (15-JAN-2009) Broad Institute of MIT and Harvard, 320 Charles Street, Cambridge, MA 02141, USA	?
GZ/9809/2012	dengue	KC333651	2012-XX-XX	China	China	China	China	genbank	genome	Bai et al	https://www.ncbi.nlm.nih.gov/nuccore/KC333651	Complete genome sequence of dengue virus serotype 4 from guangzhou, china	Genome Announc 1 (3), E00299-13 (2013)	https://www.ncbi.nlm.nih.gov/pubmed/23723400
DENV_4/KH/BID_V2056/2005	dengue	KF955511	2005-XX-XX	Southeast Asia	Cambodia	Cambodia	Cambodia	genbank	genome	Zody et al	https://www.ncbi.nlm.nih.gov/nuccore/KF955511	Direct Submission	Submitted (03-DEC-2013) Broad Institute of MIT & Harvard, 7 Cambridge Center, Cambridge, MA 02142, USA	?
V814669	dengue	AF326573	?	?	Na	?	?	genbank	genome	Durbin et al	https://www.ncbi.nlm.nih.gov/nuccore/AF326573	Attenuation and immunogenicity in humans of a live dengue virus type-4 vaccine candidate with a 30 nucleotide deletion in its 3'-untranslated region	Am. J. Trop. Med. Hyg. 65 (5), 405-413 (2001)	https://www.ncbi.nlm.nih.gov/pubmed/11716091
DENV_4/China/YN/15DGR9_2015_	dengue	KY672956	2015-06-22	China	China	China	China	genbank	genome	Hu et al	https://www.ncbi.nlm.nih.gov/nuccore/KY672956	Molecular characteristics of the full-length genome of dengue serotype 4 virus strains isolated from dengue fever cases and their epidemiological feature in southwestern border region of Yunnan province	Unpublished	?
Th16_001DV4	dengue	LC410196	2016-09-XX	Southeast Asia	Thailand	Thailand	Thailand	genbank	genome	Phadungsombat et al	https://www.ncbi.nlm.nih.gov/nuccore/LC410196	Emergence of genotype Cosmopolitan of dengue virus type 2 and genotype III of dengue virus type 3 in Thailand	PLoS ONE (2018) In press	?
D4/IND/PUNE/IRSHA_FG_03_S_49_	dengue	MG272274	2016-XX-XX	South Asia	India	India	India	genbank	genome	Shrivastava et al	https://www.ncbi.nlm.nih.gov/nuccore/MG272274	Co-circulation of all the four dengue virus serotypes and detection of a novel clade of DENV-4 (genotype I) virus in Pune, India during 2016 season	PLoS ONE 13 (2), e0192672 (2018)	https://www.ncbi.nlm.nih.gov/pubmed/29470509
MKS_0706	dengue	KC762697	2007-12-11	Southeast Asia	Indonesia	Indonesia	Indonesia	genbank	genome	Sasmono et al	https://www.ncbi.nlm.nih.gov/nuccore/KC762697	Genomic analysis and growth characteristic of dengue viruses from Makassar, Indonesia	Infect. Genet. Evol. 32, 165-177 (2015)	https://www.ncbi.nlm.nih.gov/pubmed/25784569
DENV_4/KH/BID_V3813/2002	dengue	KF955526	2002-XX-XX	Southeast Asia	Cambodia	Cambodia	Cambodia	genbank	genome	Zody et al	https://www.ncbi.nlm.nih.gov/nuccore/KF955526	Direct Submission	Submitted (03-DEC-2013) Broad Institute of MIT & Harvard, 7 Cambridge Center, Cambridge, MA 02142, USA	?
VE_61054_2007	dengue	HQ332176	2007-XX-XX	South America	Venezuela	Venezuela	Venezuela	genbank	genome	Rodriguez-Roche et al	https://www.ncbi.nlm.nih.gov/nuccore/HQ332176	Population structure of the dengue viruses, Aragua, Venezuela, 2006-2007. Insights into dengue evolution under hyperendemic transmission	Infect. Genet. Evol. 12 (2), 332-344 (2012)	https://www.ncbi.nlm.nih.gov/pubmed/22197765
2013JH285	dengue	MG601754	2013-08-30	China	China	China	China	genbank	genome	Mo et al	https://www.ncbi.nlm.nih.gov/nuccore/MG601754	complete genome sequence and evolutionary analysis of an import dengue virus serotype 4 from Thailand	Unpublished	?
P75_514	dengue	JF262779	1975-XX-XX	Southeast Asia	Malaysia	Malaysia	Malaysia	genbank	genome	Rossi et al	https://www.ncbi.nlm.nih.gov/nuccore/JF262779	Genetic and phenotypic characterization of sylvatic dengue virus type 4 strains	Virology (2011) In press	https://www.ncbi.nlm.nih.gov/pubmed/22178263
DENV_4/MT/BR20_TVP17906/2012	dengue	KJ579244	2012-03-30	South America	Brazil	Brazil	Brazil	genbank	genome	Zuchi et al	https://www.ncbi.nlm.nih.gov/nuccore/KJ579244	Introduction and Circulation of Dengue Virus Type 4 in the State of Mato Grosso, Brasil, 2012	Unpublished	?
DENV_4/US/BID_V2437/1996	dengue	GQ199883	1996-XX-XX	North America	USA	USA	USA	genbank	genome	?	?	?	?	?
BR/SJRP/556/2012	dengue	KP188561	2012-07-11	South America	Brazil	Brazil	Brazil	genbank	genome	Vedovello et al	https://www.ncbi.nlm.nih.gov/nuccore/KP188561	Molecular Surveillance of Dengue virus (serotypes 1 to 4) and its several genotypes in a medium size city of southeastern Brazil, during nine epidemics years (2006 to 2014)	Unpublished	?
DENV_4/US/BID_V2440/1996	dengue	FJ850058	1996-XX-XX	North America	USA	USA	USA	genbank	genome	Henn et al	https://www.ncbi.nlm.nih.gov/nuccore/FJ850058	Direct Submission	Submitted (19-MAR-2009) Broad Institute of MIT and Harvard, 320 Charles Street, Cambridge, MA 02141, USA	?
DENV_4/IND/0952326/2009	dengue	JQ922560	2009-XX-XX	South Asia	India	India	India	genbank	genome	Jayashri et al	https://www.ncbi.nlm.nih.gov/nuccore/JQ922560	Evolutionary Dynamics of Dengue Virus in India	Unpublished	?
NC09/230909_14518	dengue	JQ915089	2009-09-23	Oceania	New Caledonia	New Caledonia	New Caledonia	genbank	genome	Aubry et al	https://www.ncbi.nlm.nih.gov/nuccore/JQ915089	Epidemiology and genetic evolution of Dengue viruses in the South Pacific island countries	Unpublished	?
recombinant_clone_rDEN4del30	dengue	AF326827	?	?	Na	?	?	genbank	genome	Durbin et al	https://www.ncbi.nlm.nih.gov/nuccore/AF326827	Attenuation and immunogenicity in humans of a live dengue virus type-4 vaccine candidate with a 30 nucleotide deletion in its 3'-untranslated region	Am. J. Trop. Med. Hyg. 65 (5), 405-413 (2001)	https://www.ncbi.nlm.nih.gov/pubmed/11716091
D4/PR/114/1985	dengue	GU318311	1985-XX-XX	?	Na	?	?	genbank	genome	Bennett et al	https://www.ncbi.nlm.nih.gov/nuccore/GU318311	Epidemic dynamics revealed in dengue evolution	Mol. Biol. Evol. 27 (4), 811-818 (2010)	https://www.ncbi.nlm.nih.gov/pubmed/19965886
DENV_4/KH/BID_V3835/2007	dengue	KF955527	2007-XX-XX	Southeast Asia	Cambodia	Cambodia	Cambodia	genbank	genome	Zody et al	https://www.ncbi.nlm.nih.gov/nuccore/KF955527	Direct Submission	Submitted (03-DEC-2013) Broad Institute of MIT & Harvard, 7 Cambridge Center, Cambridge, MA 02142, USA	?
DENV_4/China/YN/15DGR32_2015_	dengue	KY672957	2015-07-25	China	China	China	China	genbank	genome	Hu et al	https://www.ncbi.nlm.nih.gov/nuccore/KY672957	Molecular characteristics of the full-length genome of dengue serotype 4 virus strains isolated from dengue fever cases and their epidemiological feature in southwestern border region of Yunnan province	Unpublished	?
DENV_4/VE/BID_V2492/2007	dengue	FJ882583	2007-XX-XX	South America	Venezuela	Venezuela	Venezuela	genbank	genome	Henn et al	https://www.ncbi.nlm.nih.gov/nuccore/FJ882583	Direct Submission	Submitted (01-APR-2009) Broad Institute of MIT and Harvard, 320 Charles Street, Cambridge, MA 02141, USA	?
H780120	dengue	JQ513341	2010-11-21	South America	Brazil	Brazil	Brazil	genbank	genome	Nunes et al	https://www.ncbi.nlm.nih.gov/nuccore/JQ513341	Phylogeography of dengue virus serotype 4, Brazil, 2010-2011	Emerging Infect. Dis. 18 (11), 1858-1864 (2012)	https://www.ncbi.nlm.nih.gov/pubmed/23092706
DENV_4/US/BID_V2430/1994	dengue	GQ199879	1994-XX-XX	North America	USA	USA	USA	genbank	genome	?	?	?	?	?
D4/PR/M32/1985	dengue	GU318313	1985-XX-XX	?	Na	?	?	genbank	genome	Bennett et al	https://www.ncbi.nlm.nih.gov/nuccore/GU318313	Epidemic dynamics revealed in dengue evolution	Mol. Biol. Evol. 27 (4), 811-818 (2010)	https://www.ncbi.nlm.nih.gov/pubmed/19965886
VE_61013_2007	dengue	HQ332175	2007-XX-XX	South America	Venezuela	Venezuela	Venezuela	genbank	genome	Rodriguez-Roche et al	https://www.ncbi.nlm.nih.gov/nuccore/HQ332175	Population structure of the dengue viruses, Aragua, Venezuela, 2006-2007. Insights into dengue evolution under hyperendemic transmission	Infect. Genet. Evol. 12 (2), 332-344 (2012)	https://www.ncbi.nlm.nih.gov/pubmed/22197765
DENV_4/KH/BID_V3811/2008	dengue	KF955525	2008-XX-XX	Southeast Asia	Cambodia	Cambodia	Cambodia	genbank	genome	Zody et al	https://www.ncbi.nlm.nih.gov/nuccore/KF955525	Direct Submission	Submitted (03-DEC-2013) Broad Institute of MIT & Harvard, 7 Cambridge Center, Cambridge, MA 02142, USA	?
DENV_4/US/BID_V2429/1994	dengue	GQ199878	1994-XX-XX	North America	USA	USA	USA	genbank	genome	?	?	?	?	?
UNKNOWN_LX250403	dengue	LX250403	?	?	Na	?	?	genbank	genome	Takagi et al	https://www.ncbi.nlm.nih.gov/nuccore/LX250403	Banked live viruses from attenuated dengue strains, and dengue vaccine using thereof as antigen	Patent: WO 2017090762-A 16 01-JUN-2017; The Chemo-Sero-Therapeutic Research Institute	?
UNKNOWN_LY590187	dengue	LY590187	?	?	Na	?	?	genbank	genome	?	?	?	?	?
H778504	dengue	JQ513336	2011-01-11	South America	Brazil	Brazil	Brazil	genbank	genome	Nunes et al	https://www.ncbi.nlm.nih.gov/nuccore/JQ513336	Phylogeography of dengue virus serotype 4, Brazil, 2010-2011	Emerging Infect. Dis. 18 (11), 1858-1864 (2012)	https://www.ncbi.nlm.nih.gov/pubmed/23092706
H241	dengue	KR011349	1956-08-28	Southeast Asia	Philippines	Philippines	Philippines	genbank	genome	?	?	?	?	?
DENV_4/US/BID_V2442/1998	dengue	FJ882596	1998-XX-XX	North America	USA	USA	USA	genbank	genome	Henn et al	https://www.ncbi.nlm.nih.gov/nuccore/FJ882596	Direct Submission	Submitted (01-APR-2009) Broad Institute of MIT and Harvard, 320 Charles Street, Cambridge, MA 02141, USA	?
DENV_4/MT/BR73_TVP17951/2012	dengue	KJ596669	2012-04-19	South America	Brazil	Brazil	Brazil	genbank	genome	Zuchi et al	https://www.ncbi.nlm.nih.gov/nuccore/KJ596669	Introduction and Circulation of Dengue Virus Type 4 in the State of Mato Grosso, Brasil, 2012	Unpublished	?
D4/PR/97/JAN_1991	dengue	GU318309	1991-01-XX	?	Na	?	?	genbank	genome	Bennett et al	https://www.ncbi.nlm.nih.gov/nuccore/GU318309	Epidemic dynamics revealed in dengue evolution	Mol. Biol. Evol. 27 (4), 811-818 (2010)	https://www.ncbi.nlm.nih.gov/pubmed/19965886
GZ19XN01404	dengue	MK614088	2019-01-21	China	China	China	China	genbank	genome	Su et al	https://www.ncbi.nlm.nih.gov/nuccore/MK614088	Molecular characterization and phylogenetic analysis of dengue virus serotype 4 in Guangzhou City, 2018	Unpublished	?
UNKNOWN_LY590179	dengue	LY590179	?	?	Na	?	?	genbank	genome	?	?	?	?	?
rDENV4	dengue	KJ160504	?	South Asia	Sri Lanka	Sri Lanka	Sri Lanka	genbank	genome	Messer et al	https://www.ncbi.nlm.nih.gov/nuccore/KJ160504	Dengue virus envelope protein domain I/II hinge determines long-lived serotype-specific dengue immunity	Proc. Natl. Acad. Sci. U.S.A. 111 (5), 1939-1944 (2014)	https://www.ncbi.nlm.nih.gov/pubmed/24385585
recombinant_clone_2Adel30	dengue	AF326826	?	?	Na	?	?	genbank	genome	Durbin et al	https://www.ncbi.nlm.nih.gov/nuccore/AF326826	Attenuation and immunogenicity in humans of a live dengue virus type-4 vaccine candidate with a 30 nucleotide deletion in its 3'-untranslated region	Am. J. Trop. Med. Hyg. 65 (5), 405-413 (2001)	https://www.ncbi.nlm.nih.gov/pubmed/11716091
ID_CN27_15	dengue	KU523872	2015-04-08	Southeast Asia	Indonesia	Indonesia	Indonesia	genbank	genome	Wang et al	https://www.ncbi.nlm.nih.gov/nuccore/KU523872	Complete Genome Sequencing of Dengue Virus Type 4	Unpublished	?
DENV_4/VE/BID_V2607/2006	dengue	JN819406	2006-XX-XX	South America	Venezuela	Venezuela	Venezuela	genbank	genome	Henn et al	https://www.ncbi.nlm.nih.gov/nuccore/JN819406	Direct Submission	Submitted (05-OCT-2011) Broad Institute of MIT and Harvard, 320 Charles Street, Cambridge, MA 02141, USA	?
DENV_4/MT/BR35_TVP17921/2012	dengue	KJ596659	2012-03-30	South America	Brazil	Brazil	Brazil	genbank	genome	Zuchi et al	https://www.ncbi.nlm.nih.gov/nuccore/KJ596659	Introduction and Circulation of Dengue Virus Type 4 in the State of Mato Grosso, Brasil, 2012	Unpublished	?
h241_2007	dengue	MK506266	2007-08-XX	Southeast Asia	Thailand	Thailand	Thailand	genbank	genome	Chin-inmanu et al	https://www.ncbi.nlm.nih.gov/nuccore/MK506266	Complete genome sequences of four serotypes of dengue virus prototype continuously maintain in laboratory	Unpublished	?
DENV_4/CO/BID_V3406/2001	dengue	GQ868579	2001-XX-XX	South America	Colombia	Colombia	Colombia	genbank	genome	?	?	?	?	?
DENV_4/IND/793679/1979	dengue	JQ922559	1979-XX-XX	South Asia	India	India	India	genbank	genome	Jayashri et al	https://www.ncbi.nlm.nih.gov/nuccore/JQ922559	Evolutionary Dynamics of Dengue Virus in India	Unpublished	?
MKS_2139	dengue	KC762699	2008-03-28	Southeast Asia	Indonesia	Indonesia	Indonesia	genbank	genome	Sasmono et al	https://www.ncbi.nlm.nih.gov/nuccore/KC762699	Genomic analysis and growth characteristic of dengue viruses from Makassar, Indonesia	Infect. Genet. Evol. 32, 165-177 (2015)	https://www.ncbi.nlm.nih.gov/pubmed/25784569
WF09/010409_0001	dengue	JQ915090	2009-04-01	Oceania	Wallis And Futuna	French Overseas Collectivity	Wallis And Futuna	genbank	genome	Aubry et al	https://www.ncbi.nlm.nih.gov/nuccore/JQ915090	Epidemiology and genetic evolution of Dengue viruses in the South Pacific island countries	Unpublished	?
DENV_4/MT/BR40_TVP17926/2012	dengue	KJ596660	2012-04-03	South America	Brazil	Brazil	Brazil	genbank	genome	Zuchi et al	https://www.ncbi.nlm.nih.gov/nuccore/KJ596660	Introduction and Circulation of Dengue Virus Type 4 in the State of Mato Grosso, Brasil, 2012	Unpublished	?
D4/Philippines/0310aTw	dengue	KY670635	2003-10-XX	Southeast Asia	Philippines	Philippines	Philippines	genbank	genome	Yang et al	https://www.ncbi.nlm.nih.gov/nuccore/KY670635	Molecular epidemiology of dengue virus in Taiwan	Unpublished	?
SG_EHI_D4/02990Y14	dengue	KX224312	2014-XX-XX	Southeast Asia	Singapore	Singapore	Singapore	genbank	genome	?	?	?	?	?
DENV_4/CO/BID_V3411/2004	dengue	GQ868584	2004-XX-XX	South America	Colombia	Colombia	Colombia	genbank	genome	?	?	?	?	?
BR/SJRP/610/2013	dengue	KP188563	2013-01-07	South America	Brazil	Brazil	Brazil	genbank	genome	Vedovello et al	https://www.ncbi.nlm.nih.gov/nuccore/KP188563	Molecular Surveillance of Dengue virus (serotypes 1 to 4) and its several genotypes in a medium size city of southeastern Brazil, during nine epidemics years (2006 to 2014)	Unpublished	?
VE_61027_2007	dengue	HQ332172	2007-XX-XX	South America	Venezuela	Venezuela	Venezuela	genbank	genome	Rodriguez-Roche et al	https://www.ncbi.nlm.nih.gov/nuccore/HQ332172	Population structure of the dengue viruses, Aragua, Venezuela, 2006-2007. Insights into dengue evolution under hyperendemic transmission	Infect. Genet. Evol. 12 (2), 332-344 (2012)	https://www.ncbi.nlm.nih.gov/pubmed/22197765
UNKNOWN_JC562944	dengue	JC562944	?	?	Na	?	?	genbank	genome	PINSKY et al	https://www.ncbi.nlm.nih.gov/nuccore/JC562944	METHODS AND REAGENTS FOR DETECTION, QUANTITATION, AND SEROTYPING OF DENGUE VIRUSES	Patent: WO 2014055746-A1 4 10-APR-2014; UNIV LELAND STANFORD JUNIOR [US]	?
DENV_4/MT/BR60_TVP17946/2012	dengue	KJ596668	2012-03-14	South America	Brazil	Brazil	Brazil	genbank	genome	Zuchi et al	https://www.ncbi.nlm.nih.gov/nuccore/KJ596668	Introduction and Circulation of Dengue Virus Type 4 in the State of Mato Grosso, Brasil, 2012	Unpublished	?
11/1666	dengue	KR922405	2011-XX-XX	Southeast Asia	Thailand	Thailand	Thailand	genbank	genome	Nitatpattana et al	https://www.ncbi.nlm.nih.gov/nuccore/KR922405	Quasispecies of dengue virus serotype 4 in infected patients of the 2011 dengue outbreak in Thailand	Unpublished	?
UNKNOWN_JE963513	dengue	JE963513	?	?	Na	?	?	genbank	genome	FINK et al	https://www.ncbi.nlm.nih.gov/nuccore/JE963513	NOVEL ATTENUATED DENGUE VIRUS STRAINS FOR VACCINE APPLICATION	Patent: EP 2897628-A1 8 29-JUL-2015; AGENCY SCIENCE TECH & RES [SG], NOVARTIS AG [CH], BEIJING INST OF MICROBIOLOGY AND EPIDEMIOLOGY [NA]	?
BR/SJRP/506/2012	dengue	KP188559	2012-03-16	South America	Brazil	Brazil	Brazil	genbank	genome	Vedovello et al	https://www.ncbi.nlm.nih.gov/nuccore/KP188559	Molecular Surveillance of Dengue virus (serotypes 1 to 4) and its several genotypes in a medium size city of southeastern Brazil, during nine epidemics years (2006 to 2014)	Unpublished	?
DENV_4/US/BID_V2436/1996	dengue	GQ199882	1996-XX-XX	North America	USA	USA	USA	genbank	genome	?	?	?	?	?
VE_61073_2007	dengue	HQ332174	2007-XX-XX	South America	Venezuela	Venezuela	Venezuela	genbank	genome	Rodriguez-Roche et al	https://www.ncbi.nlm.nih.gov/nuccore/HQ332174	Population structure of the dengue viruses, Aragua, Venezuela, 2006-2007. Insights into dengue evolution under hyperendemic transmission	Infect. Genet. Evol. 12 (2), 332-344 (2012)	https://www.ncbi.nlm.nih.gov/pubmed/22197765
D4/PR/M35/1985	dengue	GU318316	1985-XX-XX	?	Na	?	?	genbank	genome	Bennett et al	https://www.ncbi.nlm.nih.gov/nuccore/GU318316	Epidemic dynamics revealed in dengue evolution	Mol. Biol. Evol. 27 (4), 811-818 (2010)	https://www.ncbi.nlm.nih.gov/pubmed/19965886
DENV_4/VE/BID_V2176/2000	dengue	FJ850095	2000-XX-XX	South America	Venezuela	Venezuela	Venezuela	genbank	genome	Henn et al	https://www.ncbi.nlm.nih.gov/nuccore/FJ850095	Direct Submission	Submitted (19-MAR-2009) Broad Institute of MIT and Harvard, 320 Charles Street, Cambridge, MA 02141, USA	?
DENV_4/TH/BID_V4326/2005	dengue	KF955517	2005-XX-XX	Southeast Asia	Thailand	Thailand	Thailand	genbank	genome	Zody et al	https://www.ncbi.nlm.nih.gov/nuccore/KF955517	Direct Submission	Submitted (03-DEC-2013) Broad Institute of MIT & Harvard, 7 Cambridge Center, Cambridge, MA 02142, USA	?
H780563	dengue	JQ513343	2011-01-29	South America	Brazil	Brazil	Brazil	genbank	genome	Nunes et al	https://www.ncbi.nlm.nih.gov/nuccore/JQ513343	Phylogeography of dengue virus serotype 4, Brazil, 2010-2011	Emerging Infect. Dis. 18 (11), 1858-1864 (2012)	https://www.ncbi.nlm.nih.gov/pubmed/23092706
VE_61110_2007	dengue	HQ332173	2007-XX-XX	South America	Venezuela	Venezuela	Venezuela	genbank	genome	Rodriguez-Roche et al	https://www.ncbi.nlm.nih.gov/nuccore/HQ332173	Population structure of the dengue viruses, Aragua, Venezuela, 2006-2007. Insights into dengue evolution under hyperendemic transmission	Infect. Genet. Evol. 12 (2), 332-344 (2012)	https://www.ncbi.nlm.nih.gov/pubmed/22197765
DENV_4/VE/BID_V2167/1998	dengue	JN819409	1998-XX-XX	South America	Venezuela	Venezuela	Venezuela	genbank	genome	Henn et al	https://www.ncbi.nlm.nih.gov/nuccore/JN819409	Direct Submission	Submitted (05-OCT-2011) Broad Institute of MIT and Harvard, 320 Charles Street, Cambridge, MA 02141, USA	?
DENV_4/MT/BR28_TVP17914/2012	dengue	KJ579248	2012-04-19	South America	Brazil	Brazil	Brazil	genbank	genome	Zuchi et al	https://www.ncbi.nlm.nih.gov/nuccore/KJ579248	Introduction and Circulation of Dengue Virus Type 4 in the State of Mato Grosso, Brasil, 2012	Unpublished	?
H402276	dengue	JN559740	1982-03-26	South America	Brazil	Brazil	Brazil	genbank	genome	Nunes et al	https://www.ncbi.nlm.nih.gov/nuccore/JN559740	Multiple dengue 4 introductions in Brazil: evolutionary aspects and implications for virus dispersion	Unpublished	?
DENV_4/MT/BR53_TVP17939/2012	dengue	KJ596666	2012-03-14	South America	Brazil	Brazil	Brazil	genbank	genome	Zuchi et al	https://www.ncbi.nlm.nih.gov/nuccore/KJ596666	Introduction and Circulation of Dengue Virus Type 4 in the State of Mato Grosso, Brasil, 2012	Unpublished	?
DHF_patient	dengue	JN638571	2007-XX-XX	Southeast Asia	Cambodia	Cambodia	Cambodia	genbank	genome	Tuiskunen et al	https://www.ncbi.nlm.nih.gov/nuccore/JN638571	Phenotypic and genotypic characterization of patient Dengue virus isolates of serotype 2, 3, and 4	Unpublished	?
DENV_4/MT/BR33_TVP17919/2012	dengue	KJ596658	2012-04-20	South America	Brazil	Brazil	Brazil	genbank	genome	Zuchi et al	https://www.ncbi.nlm.nih.gov/nuccore/KJ596658	Introduction and Circulation of Dengue Virus Type 4 in the State of Mato Grosso, Brasil, 2012	Unpublished	?
H773583	dengue	JQ513332	2010-08-20	South America	Brazil	Brazil	Brazil	genbank	genome	Nunes et al	https://www.ncbi.nlm.nih.gov/nuccore/JQ513332	Phylogeography of dengue virus serotype 4, Brazil, 2010-2011	Emerging Infect. Dis. 18 (11), 1858-1864 (2012)	https://www.ncbi.nlm.nih.gov/pubmed/23092706
DENV_4/VE/BID_V2490/2007	dengue	FJ882581	2007-XX-XX	South America	Venezuela	Venezuela	Venezuela	genbank	genome	Henn et al	https://www.ncbi.nlm.nih.gov/nuccore/FJ882581	Direct Submission	Submitted (01-APR-2009) Broad Institute of MIT and Harvard, 320 Charles Street, Cambridge, MA 02141, USA	?
DENV_4/VE/BID_V2501/2008	dengue	FJ882592	2008-XX-XX	South America	Venezuela	Venezuela	Venezuela	genbank	genome	Henn et al	https://www.ncbi.nlm.nih.gov/nuccore/FJ882592	Direct Submission	Submitted (01-APR-2009) Broad Institute of MIT and Harvard, 320 Charles Street, Cambridge, MA 02141, USA	?
DENV_4/China/YN/15DGR50_2015_	dengue	KY672959	2015-08-07	China	China	China	China	genbank	genome	Hu et al	https://www.ncbi.nlm.nih.gov/nuccore/KY672959	Molecular characteristics of the full-length genome of dengue serotype 4 virus strains isolated from dengue fever cases and their epidemiological feature in southwestern border region of Yunnan province	Unpublished	?
BR005AM_2011	dengue	KT794007	2011-03-07	South America	Brazil	Brazil	Brazil	genbank	genome	Nascimento et al	https://www.ncbi.nlm.nih.gov/nuccore/KT794007	Complete genome of a dengue virus serotype 4 strain from Amazonas, Brazil	Mem. Inst. Oswaldo Cruz 111 (2), 141-143 (2016)	https://www.ncbi.nlm.nih.gov/pubmed/26841048
H772846	dengue	JQ513330	2010-07-17	South America	Brazil	Brazil	Brazil	genbank	genome	Nunes et al	https://www.ncbi.nlm.nih.gov/nuccore/JQ513330	Phylogeography of dengue virus serotype 4, Brazil, 2010-2011	Emerging Infect. Dis. 18 (11), 1858-1864 (2012)	https://www.ncbi.nlm.nih.gov/pubmed/23092706
PF10/150610_28	dengue	JQ915084	2010-06-15	Oceania	French Polynesia	French Polynesia	French Polynesia	genbank	genome	Aubry et al	https://www.ncbi.nlm.nih.gov/nuccore/JQ915084	Epidemiology and genetic evolution of Dengue viruses in the South Pacific island countries	Unpublished	?
LRV13/422	dengue	KU513441	2013-XX-XX	South America	Brazil	Brazil	Brazil	genbank	genome	?	?	?	?	?
DENV_4/VE/BID_V2177/2000	dengue	FJ639748	2000-XX-XX	South America	Venezuela	Venezuela	Venezuela	genbank	genome	Henn et al	https://www.ncbi.nlm.nih.gov/nuccore/FJ639748	Direct Submission	Submitted (15-JAN-2009) Broad Institute of MIT and Harvard, 320 Charles Street, Cambridge, MA 02141, USA	?
DENV_4/PH/BID_V3361/1956	dengue	GQ868594	1956-XX-XX	Southeast Asia	Philippines	Philippines	Philippines	genbank	genome	Henn et al	https://www.ncbi.nlm.nih.gov/nuccore/GQ868594	Direct Submission	Submitted (03-SEP-2009) Broad Institute of MIT and Harvard, 320 Charles Street, Cambridge, MA 02141, USA	?
Br246RR/10	dengue	JN983813	2010-09-08	South America	Brazil	Brazil	Brazil	genbank	genome	Naveca et al	https://www.ncbi.nlm.nih.gov/nuccore/JN983813	Complete genome sequence of a dengue virus serotype 4 strain isolated in roraima, Brazil	J. Virol. 86 (3), 1897-1898 (2012)	https://www.ncbi.nlm.nih.gov/pubmed/22247521
DENV_4/VE/BID_V1153/2007	dengue	GQ868642	2007-XX-XX	South America	Venezuela	Venezuela	Venezuela	genbank	genome	?	?	?	?	?
ThD4_0485_01	dengue	AY618992	2001-XX-XX	Southeast Asia	Thailand	Thailand	Thailand	genbank	genome	Klungthong et al	https://www.ncbi.nlm.nih.gov/nuccore/AY618992	The molecular epidemiology of dengue virus serotype 4 in Bangkok, Thailand	Virology 329 (1), 168-179 (2004)	https://www.ncbi.nlm.nih.gov/pubmed/15476884
DENV_4/TH/BID_V4329/2005	dengue	KF955520	2005-XX-XX	Southeast Asia	Thailand	Thailand	Thailand	genbank	genome	Zody et al	https://www.ncbi.nlm.nih.gov/nuccore/KF955520	Direct Submission	Submitted (03-DEC-2013) Broad Institute of MIT & Harvard, 7 Cambridge Center, Cambridge, MA 02142, USA	?
DENV_4/US/BID_V2447/1999	dengue	FJ882600	1999-XX-XX	North America	USA	USA	USA	genbank	genome	Henn et al	https://www.ncbi.nlm.nih.gov/nuccore/FJ882600	Direct Submission	Submitted (01-APR-2009) Broad Institute of MIT and Harvard, 320 Charles Street, Cambridge, MA 02141, USA	?
UNKNOWN_LQ905245	dengue	LQ905245	?	?	Na	?	?	genbank	genome	SONODA et al	https://www.ncbi.nlm.nih.gov/nuccore/LQ905245	LIVE VIRUS HAVING A BANK OF DENGUE VIRUS ATTENUATED STRAINS, AND A DENGUE VACCINE CONTAINING SAME AS ANTIGENS	Patent: EP 3382012-A1 28 03-OCT-2018; THE CHEMO SERO THERAPEUTIC RES INSTITUTE [JP]	?
DENV_4/KH/BID_V4318/2007	dengue	KF955515	2007-XX-XX	Southeast Asia	Cambodia	Cambodia	Cambodia	genbank	genome	Zody et al	https://www.ncbi.nlm.nih.gov/nuccore/KF955515	Direct Submission	Submitted (03-DEC-2013) Broad Institute of MIT & Harvard, 7 Cambridge Center, Cambridge, MA 02142, USA	?
DENV_4/TH/BID_V4330/2006	dengue	KF955521	2006-XX-XX	Southeast Asia	Thailand	Thailand	Thailand	genbank	genome	Zody et al	https://www.ncbi.nlm.nih.gov/nuccore/KF955521	Direct Submission	Submitted (03-DEC-2013) Broad Institute of MIT & Harvard, 7 Cambridge Center, Cambridge, MA 02142, USA	?
DENV_4/VE/BID_V2164/1998	dengue	FJ639737	1998-XX-XX	South America	Venezuela	Venezuela	Venezuela	genbank	genome	Henn et al	https://www.ncbi.nlm.nih.gov/nuccore/FJ639737	Direct Submission	Submitted (15-JAN-2009) Broad Institute of MIT and Harvard, 320 Charles Street, Cambridge, MA 02141, USA	?
ThD4_0017_97	dengue	AY618989	1997-XX-XX	Southeast Asia	Thailand	Thailand	Thailand	genbank	genome	Klungthong et al	https://www.ncbi.nlm.nih.gov/nuccore/AY618989	The molecular epidemiology of dengue virus serotype 4 in Bangkok, Thailand	Virology 329 (1), 168-179 (2004)	https://www.ncbi.nlm.nih.gov/pubmed/15476884
DENV4/CN/GZ29/2010	dengue	KP723482	2010-XX-XX	China	China	China	China	genbank	genome	Zhao et al	https://www.ncbi.nlm.nih.gov/nuccore/KP723482	Direct Submission	Submitted (29-JAN-2015) Department of Virology, Beijing Institute of Microbiology and Epidemiology, No. 20 Dongda Street, Fengtai District, Beijing 100071, China	?
DENV_4/IND/624000/1962	dengue	JQ922558	1962-XX-XX	South Asia	India	India	India	genbank	genome	Jayashri et al	https://www.ncbi.nlm.nih.gov/nuccore/JQ922558	Evolutionary Dynamics of Dengue Virus in India	Unpublished	?
UNKNOWN_LY590175	dengue	LY590175	?	?	Na	?	?	genbank	genome	?	?	?	?	?
H779228	dengue	JQ513338	2011-01-14	South America	Brazil	Brazil	Brazil	genbank	genome	Nunes et al	https://www.ncbi.nlm.nih.gov/nuccore/JQ513338	Phylogeography of dengue virus serotype 4, Brazil, 2010-2011	Emerging Infect. Dis. 18 (11), 1858-1864 (2012)	https://www.ncbi.nlm.nih.gov/pubmed/23092706
DENV_4/TH/BID_V4328/2005	dengue	KF955519	2005-XX-XX	Southeast Asia	Thailand	Thailand	Thailand	genbank	genome	Zody et al	https://www.ncbi.nlm.nih.gov/nuccore/KF955519	Direct Submission	Submitted (03-DEC-2013) Broad Institute of MIT & Harvard, 7 Cambridge Center, Cambridge, MA 02142, USA	?
DENV_4/KBPV_VR_31	dengue	KP406806	?	Japan Korea	South Korea	South Korea	South Korea	genbank	genome	Go et al	https://www.ncbi.nlm.nih.gov/nuccore/KP406806	Complete Genome Sequences of Three Laboratory Strains of Dengue Virus (Serotypes 2, 3, and 4) Available in South Korea	Genome Announc 3 (6), e01389-15 (2015)	https://www.ncbi.nlm.nih.gov/pubmed/26607896
Th16_020DV4	dengue	LC410199	2016-10-XX	Southeast Asia	Thailand	Thailand	Thailand	genbank	genome	Phadungsombat et al	https://www.ncbi.nlm.nih.gov/nuccore/LC410199	Emergence of genotype Cosmopolitan of dengue virus type 2 and genotype III of dengue virus type 3 in Thailand	PLoS ONE (2018) In press	?
DENV_4/VE/BID_V1154/2007	dengue	GQ868643	2007-XX-XX	South America	Venezuela	Venezuela	Venezuela	genbank	genome	?	?	?	?	?
DF_patient	dengue	JN638570	2008-XX-XX	Southeast Asia	Cambodia	Cambodia	Cambodia	genbank	genome	Tuiskunen et al	https://www.ncbi.nlm.nih.gov/nuccore/JN638570	Phenotypic and genotypic characterization of patient Dengue virus isolates of serotype 2, 3, and 4	Unpublished	?
DENV_4/VE/BID_V2610/2007	dengue	GQ199876	2007-XX-XX	South America	Venezuela	Venezuela	Venezuela	genbank	genome	?	?	?	?	?
D4/IND/PUNE/IRSHA_FG_01_1028_	dengue	MG272272	2016-XX-XX	South Asia	India	India	India	genbank	genome	Shrivastava et al	https://www.ncbi.nlm.nih.gov/nuccore/MG272272	Co-circulation of all the four dengue virus serotypes and detection of a novel clade of DENV-4 (genotype I) virus in Pune, India during 2016 season	PLoS ONE 13 (2), e0192672 (2018)	https://www.ncbi.nlm.nih.gov/pubmed/29470509
DENV_4/VE/BID_V2166/1998	dengue	FJ639739	1998-XX-XX	South America	Venezuela	Venezuela	Venezuela	genbank	genome	Henn et al	https://www.ncbi.nlm.nih.gov/nuccore/FJ639739	Direct Submission	Submitted (15-JAN-2009) Broad Institute of MIT and Harvard, 320 Charles Street, Cambridge, MA 02141, USA	?
DENV_4/MT/BR50_TVP18148/2012	dengue	KJ596664	2012-03-12	South America	Brazil	Brazil	Brazil	genbank	genome	Zuchi et al	https://www.ncbi.nlm.nih.gov/nuccore/KJ596664	Introduction and Circulation of Dengue Virus Type 4 in the State of Mato Grosso, Brasil, 2012	Unpublished	?
UNKNOWN_LQ905237	dengue	LQ905237	?	?	Na	?	?	genbank	genome	SONODA et al	https://www.ncbi.nlm.nih.gov/nuccore/LQ905237	LIVE VIRUS HAVING A BANK OF DENGUE VIRUS ATTENUATED STRAINS, AND A DENGUE VACCINE CONTAINING SAME AS ANTIGENS	Patent: EP 3382012-A1 20 03-OCT-2018; THE CHEMO SERO THERAPEUTIC RES INSTITUTE [JP]	?
ThD4_0087_77	dengue	AY618991	1977-XX-XX	Southeast Asia	Thailand	Thailand	Thailand	genbank	genome	Klungthong et al	https://www.ncbi.nlm.nih.gov/nuccore/AY618991	The molecular epidemiology of dengue virus serotype 4 in Bangkok, Thailand	Virology 329 (1), 168-179 (2004)	https://www.ncbi.nlm.nih.gov/pubmed/15476884
BR/SJRP/505/2012	dengue	KP188558	2012-03-14	South America	Brazil	Brazil	Brazil	genbank	genome	Vedovello et al	https://www.ncbi.nlm.nih.gov/nuccore/KP188558	Molecular Surveillance of Dengue virus (serotypes 1 to 4) and its several genotypes in a medium size city of southeastern Brazil, during nine epidemics years (2006 to 2014)	Unpublished	?
UNKNOWN_LX250399	dengue	LX250399	?	?	Na	?	?	genbank	genome	Takagi et al	https://www.ncbi.nlm.nih.gov/nuccore/LX250399	Banked live viruses from attenuated dengue strains, and dengue vaccine using thereof as antigen	Patent: WO 2017090762-A 12 01-JUN-2017; The Chemo-Sero-Therapeutic Research Institute	?
Haiti_0075/2015	dengue	MK514144	2015-01-28	North America	Haiti	Haiti	Haiti	genbank	genome	Stephenson et al	https://www.ncbi.nlm.nih.gov/nuccore/MK514144	Direct Submission	Submitted (12-FEB-2019) Environmental and Global Health, University of Florida - Gainesville, 1225 Center Drive, Room 4155, Gainesville, FL 32610, USA	?
DENV_4/VE/BID_V2173/1999	dengue	FJ639745	1999-XX-XX	South America	Venezuela	Venezuela	Venezuela	genbank	genome	Henn et al	https://www.ncbi.nlm.nih.gov/nuccore/FJ639745	Direct Submission	Submitted (15-JAN-2009) Broad Institute of MIT and Harvard, 320 Charles Street, Cambridge, MA 02141, USA	?
DENV_4/US/BID_V1083/1986	dengue	EU854295	1986-XX-XX	North America	USA	USA	USA	genbank	genome	Henn et al	https://www.ncbi.nlm.nih.gov/nuccore/EU854295	Direct Submission	Submitted (25-JUN-2008) Broad Institute of MIT and Harvard, 320 Charles Street, Cambridge, MA 02141, USA	?
D4/PR/M36/1985	dengue	GU318317	1985-XX-XX	?	Na	?	?	genbank	genome	Bennett et al	https://www.ncbi.nlm.nih.gov/nuccore/GU318317	Epidemic dynamics revealed in dengue evolution	Mol. Biol. Evol. 27 (4), 811-818 (2010)	https://www.ncbi.nlm.nih.gov/pubmed/19965886
GZ18XN13312	dengue	MK614092	2018-05-17	China	China	China	China	genbank	genome	Su et al	https://www.ncbi.nlm.nih.gov/nuccore/MK614092	Molecular characterization and phylogenetic analysis of dengue virus serotype 4 in Guangzhou City, 2018	Unpublished	?
UNKNOWN_LQ905241	dengue	LQ905241	?	?	Na	?	?	genbank	genome	SONODA et al	https://www.ncbi.nlm.nih.gov/nuccore/LQ905241	LIVE VIRUS HAVING A BANK OF DENGUE VIRUS ATTENUATED STRAINS, AND A DENGUE VACCINE CONTAINING SAME AS ANTIGENS	Patent: EP 3382012-A1 24 03-OCT-2018; THE CHEMO SERO THERAPEUTIC RES INSTITUTE [JP]	?
DENV_4/KH/BID_V3814/2001	dengue	KF955514	2001-XX-XX	Southeast Asia	Cambodia	Cambodia	Cambodia	genbank	genome	Zody et al	https://www.ncbi.nlm.nih.gov/nuccore/KF955514	Direct Submission	Submitted (03-DEC-2013) Broad Institute of MIT & Harvard, 7 Cambridge Center, Cambridge, MA 02142, USA	?
DENV_4/KH/BID_V4322/2008	dengue	KF955516	2008-XX-XX	Southeast Asia	Cambodia	Cambodia	Cambodia	genbank	genome	Zody et al	https://www.ncbi.nlm.nih.gov/nuccore/KF955516	Direct Submission	Submitted (03-DEC-2013) Broad Institute of MIT & Harvard, 7 Cambridge Center, Cambridge, MA 02142, USA	?
BR/SJRP/733/2013	dengue	KP188565	2013-01-30	South America	Brazil	Brazil	Brazil	genbank	genome	Vedovello et al	https://www.ncbi.nlm.nih.gov/nuccore/KP188565	Molecular Surveillance of Dengue virus (serotypes 1 to 4) and its several genotypes in a medium size city of southeastern Brazil, during nine epidemics years (2006 to 2014)	Unpublished	?
Th16_046DV4	dengue	LC410201	2016-12-XX	Southeast Asia	Thailand	Thailand	Thailand	genbank	genome	Phadungsombat et al	https://www.ncbi.nlm.nih.gov/nuccore/LC410201	Emergence of genotype Cosmopolitan of dengue virus type 2 and genotype III of dengue virus type 3 in Thailand	PLoS ONE (2018) In press	?
SG_EHI_D4/09291Y16	dengue	KY921909	2016-03-XX	Southeast Asia	Singapore	Singapore	Singapore	genbank	genome	Hapuarachchi et al	https://www.ncbi.nlm.nih.gov/nuccore/KY921909	Dengue virus diversity in Singapore	Unpublished	?
DENV_4/VE/BID_V2206/2001	dengue	FJ639773	2001-XX-XX	South America	Venezuela	Venezuela	Venezuela	genbank	genome	Henn et al	https://www.ncbi.nlm.nih.gov/nuccore/FJ639773	Direct Submission	Submitted (15-JAN-2009) Broad Institute of MIT and Harvard, 320 Charles Street, Cambridge, MA 02141, USA	?
Th17_098DV4	dengue	LC410203	2017-06-XX	Southeast Asia	Thailand	Thailand	Thailand	genbank	genome	Phadungsombat et al	https://www.ncbi.nlm.nih.gov/nuccore/LC410203	Emergence of genotype Cosmopolitan of dengue virus type 2 and genotype III of dengue virus type 3 in Thailand	PLoS ONE (2018) In press	?
GZ18XN16107	dengue	MK614091	2018-06-16	China	China	China	China	genbank	genome	Su et al	https://www.ncbi.nlm.nih.gov/nuccore/MK614091	Molecular characterization and phylogenetic analysis of dengue virus serotype 4 in Guangzhou City, 2018	Unpublished	?
DENV_4/VE/BID_V2194/2001	dengue	FJ639764	2001-XX-XX	South America	Venezuela	Venezuela	Venezuela	genbank	genome	Henn et al	https://www.ncbi.nlm.nih.gov/nuccore/FJ639764	Direct Submission	Submitted (15-JAN-2009) Broad Institute of MIT and Harvard, 320 Charles Street, Cambridge, MA 02141, USA	?
D4/PR/M37/1985	dengue	GU318318	1985-XX-XX	?	Na	?	?	genbank	genome	Bennett et al	https://www.ncbi.nlm.nih.gov/nuccore/GU318318	Epidemic dynamics revealed in dengue evolution	Mol. Biol. Evol. 27 (4), 811-818 (2010)	https://www.ncbi.nlm.nih.gov/pubmed/19965886
DENV_4/VE/BID_V2489/2007	dengue	FJ882580	2007-XX-XX	South America	Venezuela	Venezuela	Venezuela	genbank	genome	Henn et al	https://www.ncbi.nlm.nih.gov/nuccore/FJ882580	Direct Submission	Submitted (01-APR-2009) Broad Institute of MIT and Harvard, 320 Charles Street, Cambridge, MA 02141, USA	?
CTI2_13	dengue	KY451945	2013-06-XX	Southeast Asia	Thailand	Thailand	Thailand	genbank	genome	?	?	?	?	?
SW38i	dengue	AY858050	?	Southeast Asia	Indonesia	Indonesia	Indonesia	genbank	genome	Suwandono et al	https://www.ncbi.nlm.nih.gov/nuccore/AY858050	Genetic changes in the pre-membrane (prM) and envelope (E) genes of Indonesian dengue 3 viruses isolated from outbreaks of increasing severity, Abstract #2102	(in) ? (Ed.); 53RD AMERICAN SOCIETY OF TROPICAL MEDICINE AND HYGIENE (ASTMH) MEETING; (2004)	?
MKS_0070	dengue	KC762695	2007-07-09	Southeast Asia	Indonesia	Indonesia	Indonesia	genbank	genome	Sasmono et al	https://www.ncbi.nlm.nih.gov/nuccore/KC762695	Genomic analysis and growth characteristic of dengue viruses from Makassar, Indonesia	Infect. Genet. Evol. 32, 165-177 (2015)	https://www.ncbi.nlm.nih.gov/pubmed/25784569
H778494	dengue	JQ513335	2011-01-12	South America	Brazil	Brazil	Brazil	genbank	genome	Nunes et al	https://www.ncbi.nlm.nih.gov/nuccore/JQ513335	Phylogeography of dengue virus serotype 4, Brazil, 2010-2011	Emerging Infect. Dis. 18 (11), 1858-1864 (2012)	https://www.ncbi.nlm.nih.gov/pubmed/23092706
2018XN20946a	dengue	MK640208	2018-08-31	China	China	China	China	genbank	genome	Su et al	https://www.ncbi.nlm.nih.gov/nuccore/MK640208	Molecular characterization and phylogenetic analysis of dengue virus serotype 4 in Guangzhou City, 2018	Unpublished	?
NC09/170309_6652	dengue	JQ915087	2009-03-17	Oceania	New Caledonia	New Caledonia	New Caledonia	genbank	genome	Aubry et al	https://www.ncbi.nlm.nih.gov/nuccore/JQ915087	Epidemiology and genetic evolution of Dengue viruses in the South Pacific island countries	Unpublished	?
DENV_4/MT/BR8_TVP17894/2012	dengue	KJ579241	2012-04-23	South America	Brazil	Brazil	Brazil	genbank	genome	Zuchi et al	https://www.ncbi.nlm.nih.gov/nuccore/KJ579241	Introduction and Circulation of Dengue Virus Type 4 in the State of Mato Grosso, Brasil, 2012	Unpublished	?
SG_EHI_D4/25178Y11	dengue	KP792537	2011-06-XX	Southeast Asia	Singapore	Singapore	Singapore	genbank	genome	Hapuarachchi et al	https://www.ncbi.nlm.nih.gov/nuccore/KP792537	Dengue virus population diversity in Singapore	Unpublished	?
DENV_4/VE/BID_V2500/2007	dengue	FJ882591	2007-XX-XX	South America	Venezuela	Venezuela	Venezuela	genbank	genome	Henn et al	https://www.ncbi.nlm.nih.gov/nuccore/FJ882591	Direct Submission	Submitted (01-APR-2009) Broad Institute of MIT and Harvard, 320 Charles Street, Cambridge, MA 02141, USA	?
GZ1D4	dengue	JF741967	2010-09-26	China	China	China	China	genbank	genome	Zhang et al	https://www.ncbi.nlm.nih.gov/nuccore/JF741967	Complete genome of Dengue virus type 4	Unpublished	?
DENV_4/US/BID_V2434/1995	dengue	FJ850057	1995-XX-XX	North America	USA	USA	USA	genbank	genome	Henn et al	https://www.ncbi.nlm.nih.gov/nuccore/FJ850057	Direct Submission	Submitted (19-MAR-2009) Broad Institute of MIT and Harvard, 320 Charles Street, Cambridge, MA 02141, USA	?
DENV_4/MT/BR91_TVP17968/2012	dengue	KJ596672	2012-02-03	South America	Brazil	Brazil	Brazil	genbank	genome	Zuchi et al	https://www.ncbi.nlm.nih.gov/nuccore/KJ596672	Introduction and Circulation of Dengue Virus Type 4 in the State of Mato Grosso, Brasil, 2012	Unpublished	?
SV296	dengue	KY849762	2009-07-13	Southeast Asia	Laos	Laos	Laos	genbank	genome	Castonguay-Vanier et al	https://www.ncbi.nlm.nih.gov/nuccore/KY849762	Molecular epidemiology of dengue viruses in three provinces of Lao PDR, 2006-2010	PLoS Negl Trop Dis 12 (1), e0006203 (2018)	https://www.ncbi.nlm.nih.gov/pubmed/29377886
DENV_4/SG/06K2270DK1/2005	dengue	GQ398256	2005-XX-XX	Southeast Asia	Singapore	Singapore	Singapore	genbank	genome	?	?	?	?	?
D4/Pakistan/150/2009	dengue	KF041260	2009-XX-XX	West Asia	Pakistan	Pakistan	Pakistan	genbank	genome	Koo et al	https://www.ncbi.nlm.nih.gov/nuccore/KF041260	Evolution and heterogeneity of multiple serotypes of Dengue virus in Pakistan, 2006-2011	Virol. J. 10, 275 (2013)	https://www.ncbi.nlm.nih.gov/pubmed/24007412
UNKNOWN_FV537269	dengue	FV537269	?	?	Na	?	?	genbank	genome	?	?	?	?	?
DENV_4/VE/BID_V2491/2007	dengue	FJ882582	2007-XX-XX	South America	Venezuela	Venezuela	Venezuela	genbank	genome	Henn et al	https://www.ncbi.nlm.nih.gov/nuccore/FJ882582	Direct Submission	Submitted (01-APR-2009) Broad Institute of MIT and Harvard, 320 Charles Street, Cambridge, MA 02141, USA	?
DENV_4/US/BID_V2438/1996	dengue	GQ199884	1996-XX-XX	North America	USA	USA	USA	genbank	genome	?	?	?	?	?
GZ18XN20946	dengue	MK614089	2018-08-31	China	China	China	China	genbank	genome	Su et al	https://www.ncbi.nlm.nih.gov/nuccore/MK614089	Molecular characterization and phylogenetic analysis of dengue virus serotype 4 in Guangzhou City, 2018	Unpublished	?
DENV_4/CO/BID_V3407/2001	dengue	GQ868580	2001-XX-XX	South America	Colombia	Colombia	Colombia	genbank	genome	?	?	?	?	?
DENV4_3274	dengue	KU509287	2009-XX-XX	South Asia	India	India	India	genbank	genome	Shihada et al	https://www.ncbi.nlm.nih.gov/nuccore/KU509287	Genetic Diversity and New Lineages of Dengue Virus Serotypes 3 and 4 in Returning Travelers, Germany, 2006-2015	Emerging Infect. Dis. (2017) In press	?
DENV_4/VE/BID_V2496/2007	dengue	FJ882587	2007-XX-XX	South America	Venezuela	Venezuela	Venezuela	genbank	genome	Henn et al	https://www.ncbi.nlm.nih.gov/nuccore/FJ882587	Direct Submission	Submitted (01-APR-2009) Broad Institute of MIT and Harvard, 320 Charles Street, Cambridge, MA 02141, USA	?
UNKNOWN_AF326825	dengue	AF326825	?	?	Na	?	?	genbank	genome	Durbin et al	https://www.ncbi.nlm.nih.gov/nuccore/AF326825	Attenuation and immunogenicity in humans of a live dengue virus type-4 vaccine candidate with a 30 nucleotide deletion in its 3'-untranslated region	Am. J. Trop. Med. Hyg. 65 (5), 405-413 (2001)	https://www.ncbi.nlm.nih.gov/pubmed/11716091
DENV_4/US/BID_V1094/1998	dengue	EU854297	1998-XX-XX	North America	USA	USA	USA	genbank	genome	Henn et al	https://www.ncbi.nlm.nih.gov/nuccore/EU854297	Direct Submission	Submitted (25-JUN-2008) Broad Institute of MIT and Harvard, 320 Charles Street, Cambridge, MA 02141, USA	?
Singapore_8976/95	dengue	AY762085	1995-XX-XX	?	Na	?	?	genbank	genome	Yoong et al	https://www.ncbi.nlm.nih.gov/nuccore/AY762085	Dengue virus type 4 strain Singapore 8976/95, complete genome	Unpublished	?
DENV_4/MT/BR2_TVP17888/2012	dengue	KJ579240	2012-04-23	South America	Brazil	Brazil	Brazil	genbank	genome	Zuchi et al	https://www.ncbi.nlm.nih.gov/nuccore/KJ579240	Introduction and Circulation of Dengue Virus Type 4 in the State of Mato Grosso, Brasil, 2012	Unpublished	?
DENV_4/VE/BID_V1158/2007	dengue	FJ182016	2007-XX-XX	South America	Venezuela	Venezuela	Venezuela	genbank	genome	Henn et al	https://www.ncbi.nlm.nih.gov/nuccore/FJ182016	Direct Submission	Submitted (02-SEP-2008) Broad Institute of MIT and Harvard, 320 Charles Street, Cambridge, MA 02141, USA	?
DENV_4/CO/BID_V3408/2001	dengue	GQ868581	2001-XX-XX	South America	Colombia	Colombia	Colombia	genbank	genome	?	?	?	?	?
MKS_0033	dengue	KC762694	2007-05-30	Southeast Asia	Indonesia	Indonesia	Indonesia	genbank	genome	Sasmono et al	https://www.ncbi.nlm.nih.gov/nuccore/KC762694	Genomic analysis and growth characteristic of dengue viruses from Makassar, Indonesia	Infect. Genet. Evol. 32, 165-177 (2015)	https://www.ncbi.nlm.nih.gov/pubmed/25784569
DENV_4/KH/BID_V3836/2007	dengue	KF955528	2007-XX-XX	Southeast Asia	Cambodia	Cambodia	Cambodia	genbank	genome	Zody et al	https://www.ncbi.nlm.nih.gov/nuccore/KF955528	Direct Submission	Submitted (03-DEC-2013) Broad Institute of MIT & Harvard, 7 Cambridge Center, Cambridge, MA 02142, USA	?
BR/SJRP/850/2013	dengue	KP188566	2013-02-08	South America	Brazil	Brazil	Brazil	genbank	genome	Vedovello et al	https://www.ncbi.nlm.nih.gov/nuccore/KP188566	Molecular Surveillance of Dengue virus (serotypes 1 to 4) and its several genotypes in a medium size city of southeastern Brazil, during nine epidemics years (2006 to 2014)	Unpublished	?
B5	dengue	AF289029	?	China	China	China	China	genbank	genome	Wang et al	https://www.ncbi.nlm.nih.gov/nuccore/AF289029	Determination and analysis of the complete genomic sequence of the dengue type 4 virus B5 strain isolated in China	J. Biochem. Mol. Biol. 17 (2), 148-154 (2001)	?
DENV_4/US/BID_V2431/1995	dengue	GQ199880	1995-XX-XX	North America	USA	USA	USA	genbank	genome	?	?	?	?	?
Th17_091DV4	dengue	LC410202	2017-06-XX	Southeast Asia	Thailand	Thailand	Thailand	genbank	genome	Phadungsombat et al	https://www.ncbi.nlm.nih.gov/nuccore/LC410202	Emergence of genotype Cosmopolitan of dengue virus type 2 and genotype III of dengue virus type 3 in Thailand	PLoS ONE (2018) In press	?
DENV_4/China/YN/15DGR394_2015_	dengue	KY672960	2015-10-10	China	China	China	China	genbank	genome	Hu et al	https://www.ncbi.nlm.nih.gov/nuccore/KY672960	Molecular characteristics of the full-length genome of dengue serotype 4 virus strains isolated from dengue fever cases and their epidemiological feature in southwestern border region of Yunnan province	Unpublished	?
DENV_4/KH/BID_V4317/2007	dengue	KF955529	2007-XX-XX	Southeast Asia	Cambodia	Cambodia	Cambodia	genbank	genome	Zody et al	https://www.ncbi.nlm.nih.gov/nuccore/KF955529	Direct Submission	Submitted (03-DEC-2013) Broad Institute of MIT & Harvard, 7 Cambridge Center, Cambridge, MA 02142, USA	?
DENV_4/MT/BR84_TVP17961/2012	dengue	KJ596671	2012-02-03	South America	Brazil	Brazil	Brazil	genbank	genome	Zuchi et al	https://www.ncbi.nlm.nih.gov/nuccore/KJ596671	Introduction and Circulation of Dengue Virus Type 4 in the State of Mato Grosso, Brasil, 2012	Unpublished	?
PF09/230309_126	dengue	JQ915082	2009-03-23	Oceania	French Polynesia	French Polynesia	French Polynesia	genbank	genome	Aubry et al	https://www.ncbi.nlm.nih.gov/nuccore/JQ915082	Epidemiology and genetic evolution of Dengue viruses in the South Pacific island countries	Unpublished	?
GD07/78	dengue	FJ196849	1978-XX-XX	China	China	China	China	genbank	genome	Wu et al	https://www.ncbi.nlm.nih.gov/nuccore/FJ196849	Molecular epidemiology of dengue viruses in southern China from 1978 to 2006	Virol. J. 8 (1), 322 (2011)	https://www.ncbi.nlm.nih.gov/pubmed/21703015
DENV_4/US/BID_V2444/1998	dengue	FJ882597	1998-XX-XX	North America	USA	USA	USA	genbank	genome	Henn et al	https://www.ncbi.nlm.nih.gov/nuccore/FJ882597	Direct Submission	Submitted (01-APR-2009) Broad Institute of MIT and Harvard, 320 Charles Street, Cambridge, MA 02141, USA	?
DENV4_002	dengue	KY924607	2016-XX-XX	Southeast Asia	Vietnam	Vietnam	Vietnam	genbank	genome	Quyen et al	https://www.ncbi.nlm.nih.gov/nuccore/KY924607	Dengue virus 4 virus culture	Unpublished	?
H772854	dengue	JN559741	2010-07-21	South America	Brazil	Brazil	Brazil	genbank	genome	Nunes et al	https://www.ncbi.nlm.nih.gov/nuccore/JN559741	Multiple dengue 4 introductions in Brazil: evolutionary aspects and implications for virus dispersion	Unpublished	?
DENV_4/CO/BID_V3409/2001	dengue	GQ868582	2001-XX-XX	South America	Colombia	Colombia	Colombia	genbank	genome	?	?	?	?	?
H780571	dengue	JQ513344	2011-01-13	South America	Brazil	Brazil	Brazil	genbank	genome	Nunes et al	https://www.ncbi.nlm.nih.gov/nuccore/JQ513344	Phylogeography of dengue virus serotype 4, Brazil, 2010-2011	Emerging Infect. Dis. 18 (11), 1858-1864 (2012)	https://www.ncbi.nlm.nih.gov/pubmed/23092706
P73_1120	dengue	JF262780	1973-XX-XX	Southeast Asia	Malaysia	Malaysia	Malaysia	genbank	genome	Rossi et al	https://www.ncbi.nlm.nih.gov/nuccore/JF262780	Genetic and phenotypic characterization of sylvatic dengue virus type 4 strains	Virology (2011) In press	https://www.ncbi.nlm.nih.gov/pubmed/22178263
Th16_010DV4	dengue	LC410198	2016-10-XX	Southeast Asia	Thailand	Thailand	Thailand	genbank	genome	Phadungsombat et al	https://www.ncbi.nlm.nih.gov/nuccore/LC410198	Emergence of genotype Cosmopolitan of dengue virus type 2 and genotype III of dengue virus type 3 in Thailand	PLoS ONE (2018) In press	?
